player_id,player_name,last_rank,last_rank_points,last_age,last_height,overall_elo,hand,career_matches,career_win_rate,recent_win_rate,hard_surface_win_rate,hard_surface_elo,clay_surface_win_rate,clay_surface_elo,grass_surface_win_rate,grass_surface_elo,carpet_surface_win_rate,carpet_surface_elo,unknown_surface_win_rate,unknown_surface_elo
108961,Abd Hazli Bin Zainuddin,9999.0,0.0,29.6,0.0,1469.1533071815554,R,4,0.25,0.25,0.25,1470.3580600346806,0.0,1500.0,0.0,1500.0,0.0,1500.0,0.0,1500.0
102033,Abdelhak Hameurlaine,9999.0,0.0,37.2,0.0,1458.5335046157963,R,6,0.16666666666666666,0.16666666666666666,0.0,1500.0,0.16666666666666666,1457.8957409490454,0.0,1500.0,0.0,1500.0,0.0,1500.0
104464,Abdul Mumin Babalola,738.0,20.0,22.5,0.0,1453.4755708003045,L,3,0.0,0.0,0.0,1454.1951100184292,0.0,1500.0,0.0,1500.0,0.0,1500.0,0.0,1500.0
126223,Abdulhameed Alshatti,2017.0,1.0,18.6,0.0,1468.6000861839045,R,2,0.0,0.0,0.0,1469.234908300402,0.0,1500.0,0.0,1500.0,0.0,1500.0,0.0,1500.0
121366,Abdulhamid Mubarak,9999.0,0.0,21.8,0.0,1484.7636364258508,U,1,0.0,0.0,0.0,1500.0,0.0,1485.3926485979046,0.0,1500.0,0.0,1500.0,0.0,1500.0
108993,Abdulla Hajji,9999.0,0.0,19.0,0.0,1461.543146246342,U,3,0.0,0.0,0.0,1457.8343621496247,0.0,1500.0,0.0,1500.0,0.0,1500.0,0.0,1500.0
104895,Abdullah Maqdas,1298.0,4.0,29.8,0.0,1531.8334740522232,R,18,0.6111111111111112,0.7,0.5,1496.2537383884337,0.8333333333333334,1558.2908275092673,0.0,1500.0,0.0,1500.0,0.0,1500.0
200525,Abdulrahman Alawadhi,9999.0,0.0,24.0,0.0,1484.028712023941,R,1,0.0,0.0,0.0,1500.0,0.0,1484.6907342641598,0.0,1500.0,0.0,1500.0,0.0,1500.0
209406,Abedallah Shelbayh,230.0,265.0,20.3,180.0,1452.911623077475,L,13,0.23076923076923078,0.2,0.2857142857142857,1468.938923733608,0.25,1472.2350715542498,0.0,1469.6431844692797,0.0,1500.0,0.0,1500.0
104360,Adam Chadaj,230.0,168.0,21.2,178.0,1528.468010462809,L,4,0.75,0.75,0.0,1500.0,0.75,1530.1392251599764,0.0,1500.0,0.0,1500.0,0.0,1500.0
200618,Adam Hornby,9999.0,0.0,21.6,0.0,1454.9634905997705,U,3,0.0,0.0,0.0,1485.9762082933983,0.0,1469.5747978911986,0.0,1500.0,0.0,1500.0,0.0,1500.0
108591,Adam Jaya,9999.0,0.0,24.1,0.0,1417.354767784742,U,6,0.0,0.0,0.0,1430.041568993287,0.0,1484.736306793522,0.0,1500.0,0.0,1500.0,0.0,1500.0
104775,Adam Kellner,346.0,122.0,25.6,0.0,1483.7544416388278,R,13,0.46153846153846156,0.5,0.6,1515.284500219677,0.25,1467.6809182102695,0.0,1500.0,0.5,1502.200067021409,0.0,1500.0
104126,Adam Kennedy,431.0,58.0,20.4,0.0,1462.468010843327,R,3,0.0,0.0,0.0,1477.6863075125063,0.0,1500.0,0.0,1481.9099782424457,0.0,1500.0,0.0,1500.0
125842,Adam Moundir,779.0,29.0,28.3,191.0,1476.9180587673713,R,4,0.25,0.25,0.0,1482.788342305024,0.3333333333333333,1478.2817381623126,0.0,1500.0,0.0,1500.0,0.0,1500.0
208117,Adam Neff,829.0,23.0,22.6,183.0,1491.8372824915516,R,1,0.0,0.0,0.0,1489.8404020172352,0.0,1500.0,0.0,1500.0,0.0,1500.0,0.0,1500.0
106361,Adam Pavlasek,185.0,317.0,23.6,185.0,1532.7005945055125,R,15,0.4,0.3,0.0,1458.0984977900255,0.5555555555555556,1527.8718358664014,0.5,1513.4571646320223,0.0,1500.0,0.0,1500.0
104040,Adam Thompson,830.0,32.0,26.5,0.0,1521.274122965718,R,5,0.6,0.6,0.5,1504.4699896279549,0.0,1500.0,0.0,1500.0,1.0,1516.0,0.0,1500.0
200443,Adam Walton,94.0,604.0,25.4,183.0,1433.0852008019513,R,14,0.21428571428571427,0.3,0.1111111111111111,1420.590572829303,0.0,1486.2523903193382,0.5,1496.9151433540287,0.0,1500.0,0.0,1500.0
108620,Adel Al Shatti,9999.0,0.0,28.4,0.0,1484.0,U,1,0.0,0.0,0.0,1484.0,0.0,1500.0,0.0,1500.0,0.0,1500.0,0.0,1500.0
108597,Adelo Abadia,9999.0,0.0,26.8,0.0,1487.661529657496,U,5,0.4,0.4,0.0,1484.0,0.5,1502.108950864224,0.0,1500.0,0.0,1500.0,0.0,1500.0
105177,Aditya Hari Sasongko,1568.0,2.0,28.5,0.0,1438.9090268162608,U,10,0.3,0.3,0.375,1463.7058865352478,0.0,1469.9668037663484,0.0,1500.0,0.0,1500.0,0.0,1500.0
209226,Adolfo Daniel Vallejo,9999.0,0.0,17.3,183.0,1497.9244425996444,R,4,0.5,0.5,0.0,1500.0,0.5,1498.1740494612457,0.0,1500.0,0.0,1500.0,0.0,1500.0
202075,Adria Soriano Barrera,460.0,91.0,25.2,191.0,1493.9389398883457,R,3,0.3333333333333333,0.3333333333333333,0.0,1491.6570808937713,0.5,1500.8960339675727,0.0,1500.0,0.0,1500.0,0.0,1500.0
202090,Adrian Andreev,319.0,158.0,20.3,175.0,1473.0926398526285,R,9,0.2222222222222222,0.2222222222222222,0.2222222222222222,1466.8480182007893,0.0,1500.0,0.0,1500.0,0.0,1500.0,0.0,1500.0
106391,Adrian Bodmer,485.0,72.0,22.9,180.0,1477.33274554761,R,2,0.0,0.0,0.0,1475.1978522235172,0.0,1500.0,0.0,1500.0,0.0,1500.0,0.0,1500.0
103847,Adrian Bohane,1416.0,1.0,22.9,0.0,1489.0551155374671,L,1,0.0,0.0,0.0,1490.3611176009938,0.0,1500.0,0.0,1500.0,0.0,1500.0,0.0,1500.0
104149,Adrian Cruciat,183.0,234.0,25.4,185.0,1471.414742733949,R,2,0.0,0.0,0.0,1500.0,0.0,1469.1354580289023,0.0,1500.0,0.0,1500.0,0.0,1500.0
108750,Adrian Forberg Skogeng,9999.0,0.0,19.9,0.0,1484.6459765156972,U,1,0.0,0.0,0.0,1500.0,0.0,1484.655548071939,0.0,1500.0,0.0,1500.0,0.0,1500.0
103201,Adrian Garcia,213.0,193.0,29.6,175.0,1408.7337304176192,R,37,0.35135135135135137,0.1,0.3076923076923077,1448.591408196514,0.42857142857142855,1480.6882318934945,0.0,1473.7066708260224,0.0,1491.4210510004086,0.0,1500.0
105173,Adrian Mannarino,54.0,1019.0,36.3,180.0,1575.4398411763714,L,632,0.4651898734177215,0.4,0.48072562358276644,1590.8024020765636,0.21333333333333335,1336.9958857607573,0.5689655172413793,1588.2890679192556,0.0,1500.0,0.0,1500.0
104629,Adrian Menendez Maceiras,139.0,408.0,33.4,185.0,1459.3367019732998,R,24,0.25,0.3,0.2857142857142857,1480.27436985141,0.16666666666666666,1456.0443639621456,0.25,1468.20856839133,0.0,1500.0,0.0,1500.0
104494,Adrian Ungur,674.0,36.0,33.6,178.0,1463.5440211022985,R,59,0.3050847457627119,0.3,0.3888888888888889,1489.2884291750677,0.2972972972972973,1425.6535591638135,0.0,1444.1897633008598,0.0,1500.0,0.0,1500.0
102437,Adrian Voinea,138.0,276.0,28.9,185.0,1447.4800397572205,R,115,0.40869565217391307,0.2,0.42,1491.8162105764197,0.3829787234042553,1441.6638740058133,0.4444444444444444,1488.7823915194988,0.4444444444444444,1484.541071586485,0.0,1500.0
103882,Adrians Zguns,600.0,62.0,27.5,0.0,1484.3063067908474,R,3,0.3333333333333333,0.3333333333333333,0.0,1500.0,0.0,1468.4681458470377,0.0,1500.0,1.0,1516.0,0.0,1500.0
104847,Adrien Bossel,485.0,78.0,30.0,0.0,1443.8881658701082,L,5,0.0,0.0,0.0,1483.5031926330983,0.0,1480.2717933669112,0.0,1471.80417174812,0.0,1500.0,0.0,1500.0
102860,Agustin Calleri,148.0,495.0,32.7,183.0,1508.9087782650372,R,375,0.5386666666666666,0.2,0.45454545454545453,1525.1203233132517,0.6231884057971014,1564.4867452204126,0.23076923076923078,1428.6034564283943,0.4166666666666667,1474.8586129732034,0.0,1500.0
106006,Agustin Velotti,184.0,308.0,24.7,174.0,1452.7642488503375,R,4,0.0,0.0,0.0,1500.0,0.0,1451.7116421549536,0.0,1500.0,0.0,1500.0,0.0,1500.0
108925,Ahmad Rabeea Muhammad,9999.0,0.0,22.2,0.0,1424.098380858852,R,13,0.3076923076923077,0.3,0.2727272727272727,1419.0457756535832,0.5,1502.7094832458986,0.0,1500.0,0.0,1500.0,0.0,1500.0
207973,Ainius Sabaliauskas,1783.0,1.0,19.1,0.0,1499.2607121477502,L,2,0.5,0.5,0.5,1501.03121164558,0.0,1500.0,0.0,1500.0,0.0,1500.0,0.0,1500.0
103529,Aisam Ul Haq Qureshi,9999.0,0.0,43.8,183.0,1566.8396480138101,R,66,0.5757575757575758,0.7,0.5217391304347826,1520.0612827529917,0.5384615384615384,1523.0644303815604,0.6333333333333333,1582.1048419238487,0.0,1500.0,0.0,1500.0
209119,Aissa Benchakroun,1671.0,1.0,17.9,0.0,1516.5544399968196,U,1,1.0,1.0,0.0,1500.0,1.0,1516.0,0.0,1500.0,0.0,1500.0,0.0,1500.0
103974,Aivaras Balzekas,1304.0,1.0,18.2,0.0,1467.2636322758392,U,4,0.25,0.25,0.0,1467.2636322758392,0.0,1500.0,0.0,1500.0,0.5,1500.0,0.0,1500.0
208055,Ajeet Rai,498.0,81.0,25.6,188.0,1426.868907660708,R,7,0.14285714285714285,0.14285714285714285,0.14285714285714285,1427.9932153079244,0.0,1500.0,0.0,1500.0,0.0,1500.0,0.0,1500.0
105501,Akash Wagh,9999.0,0.0,16.5,175.0,1493.934536765377,L,1,0.0,0.0,0.0,1491.8120433242475,0.0,1500.0,0.0,1500.0,0.0,1500.0,0.0,1500.0
117361,Akira Santillan,163.0,341.0,20.3,180.0,1445.3374540659818,R,9,0.2222222222222222,0.2222222222222222,0.2,1463.618735562754,0.0,1466.9039410270564,0.5,1499.4160815381556,0.0,1500.0,0.0,1500.0
200214,Alan Fernando Rubio Fierros,707.0,38.0,25.5,175.0,1487.4890751579355,R,3,0.3333333333333333,0.3333333333333333,0.5,1499.3434979305728,0.0,1485.0539918415338,0.0,1500.0,0.0,1500.0,0.0,1500.0
103820,Alan Mackin,270.0,147.0,25.4,183.0,1403.0950239673332,R,15,0.06666666666666667,0.1,0.0,1482.9317750921364,0.0,1451.5812182978798,0.14285714285714285,1433.7617628105388,0.0,1469.463963175476,0.0,1500.0
202400,Alastair Gray,288.0,173.0,24.0,193.0,1488.0600729293983,R,4,0.25,0.25,0.0,1500.0,0.0,1500.0,0.25,1474.485376965658,0.0,1500.0,0.0,1500.0
105874,Albano Olivetti,793.0,24.0,24.5,203.0,1496.6504336909354,R,14,0.35714285714285715,0.3,0.45454545454545453,1531.4568212197835,0.0,1485.9670561680896,0.0,1467.859311493719,0.0,1500.0,0.0,1500.0
102610,Albert Costa,249.0,143.0,30.8,180.0,1563.2653044998056,R,276,0.5289855072463768,0.3,0.4411764705882353,1505.464514573333,0.6012658227848101,1577.4914380212572,0.0,1482.5060782579683,0.4,1469.6129057042876,0.0,1500.0
103656,Albert Montanes,312.0,155.0,36.4,175.0,1598.3145156878268,R,520,0.4673076923076923,0.4,0.28448275862068967,1436.8811322581794,0.5326370757180157,1618.0971579116226,0.3157894736842105,1448.775489848275,0.0,1468.3304348144563,0.0,1500.0
102287,Albert Portas,131.0,340.0,33.4,188.0,1490.7691049280486,R,217,0.4009216589861751,0.5,0.1935483870967742,1349.7868481376047,0.4556213017751479,1495.4034092966701,0.25,1422.0666681959276,0.2,1455.4559263544495,0.0,1500.0
105077,Albert Ramos,122.0,483.0,36.6,188.0,1490.02812663154,L,604,0.4519867549668874,0.2,0.34579439252336447,1432.448874405129,0.5300546448087432,1537.3654711484648,0.20833333333333334,1383.470346857927,0.0,1500.0,0.0,1500.0
102238,Alberto Berasategui,186.0,215.0,27.8,173.0,1386.3038221240772,R,19,0.21052631578947367,0.2,0.16666666666666666,1436.9047215855876,0.25,1430.0368290601714,0.0,1485.336782711116,0.0,1500.0,0.0,1500.0
102647,Alberto Brause,1135.0,3.0,24.6,0.0,1499.3312356809845,R,2,0.5,0.5,0.0,1484.0,1.0,1514.597626351594,0.0,1500.0,0.0,1500.0,0.0,1500.0
104334,Alberto Brizzi,273.0,136.0,24.3,0.0,1482.2158978028754,R,1,0.0,0.0,0.0,1500.0,0.0,1482.6701541373404,0.0,1500.0,0.0,1500.0,0.0,1500.0
108763,Alberto Emmanuel Alvarado Larin,9999.0,0.0,25.2,0.0,1374.8127118545144,U,10,0.0,0.0,0.0,1383.0928805754615,0.0,1487.0119626790815,0.0,1500.0,0.0,1500.0,0.0,1500.0
202165,Alberto Lim,9999.0,0.0,20.7,0.0,1499.0555030461144,R,7,0.42857142857142855,0.42857142857142855,0.4,1486.482106785185,0.5,1510.2186680544942,0.0,1500.0,0.0,1500.0,0.0,1500.0
103252,Alberto Martin,136.0,375.0,31.7,175.0,1525.9279860352067,R,388,0.43556701030927836,0.5,0.3602941176470588,1371.755569234094,0.5066079295154186,1579.6005742658622,0.21052631578947367,1404.2891695508972,0.16666666666666666,1443.447020067484,0.0,1500.0
105060,Aldin Setkic,165.0,321.0,29.8,191.0,1498.3624748036332,R,15,0.5333333333333333,0.3,0.4,1480.6655968102227,0.6,1531.0440300292717,0.0,1500.0,0.0,1500.0,0.0,1500.0
209278,Alec Beckley,641.0,48.0,23.2,183.0,1469.3694304477008,R,2,0.0,0.0,0.0,1500.0,0.0,1486.2288299527747,0.0,1500.0,0.0,1500.0,0.0,1484.0
200221,Alejandro Davidovich Fokina,62.0,860.0,25.3,183.0,1655.8064765453648,R,225,0.49777777777777776,0.4,0.48872180451127817,1659.3670758764392,0.5256410256410257,1611.5003819284254,0.42857142857142855,1485.1932381890076,0.0,1500.0,0.0,1500.0
104268,Alejandro Falla,310.0,161.0,33.2,185.0,1528.7992354536586,L,272,0.39705882352941174,0.3,0.37735849056603776,1513.2825358082355,0.4393939393939394,1509.6907446684918,0.3902439024390244,1490.9466975364035,0.5,1520.4156092814305,0.0,1500.0
105826,Alejandro Gomez Gb42,698.0,34.0,23.9,188.0,1510.140398754892,R,2,0.5,0.5,0.5,1505.2917540110232,0.0,1500.0,0.0,1500.0,0.0,1500.0,0.0,1500.0
105292,Alejandro Gonzalez,453.0,81.0,33.0,190.0,1461.6727076939685,R,59,0.2711864406779661,0.3,0.30303030303030304,1470.8548061835413,0.25,1423.442202896235,0.0,1467.256755873749,0.0,1500.0,0.0,1500.0
103060,Alejandro Hernandez,236.0,169.0,27.4,180.0,1554.4704632787536,R,25,0.64,0.5,0.6666666666666666,1529.807428677736,0.6363636363636364,1548.597101728147,0.0,1500.0,0.6,1513.392056706708,0.0,1500.0
105479,Alejandro Mendoza,1290.0,4.0,27.9,183.0,1483.7649338637784,R,1,0.0,0.0,0.0,1500.0,0.0,1483.797813336644,0.0,1500.0,0.0,1500.0,0.0,1500.0
208279,Alejandro Moro Canas,188.0,321.0,23.5,183.0,1500.496213449344,R,3,0.3333333333333333,0.3333333333333333,0.0,1500.0,0.5,1512.8459052373835,0.0,1483.2965918840157,0.0,1500.0,0.0,1500.0
102938,Alejandro Olivera,794.0,11.0,22.9,0.0,1468.736306793522,R,2,0.0,0.0,0.0,1468.736306793522,0.0,1500.0,0.0,1500.0,0.0,1500.0,0.0,1500.0
126214,Alejandro Tabilo,22.0,2043.0,27.4,188.0,1667.307578866682,L,110,0.509090909090909,0.4,0.46153846153846156,1584.5207557434846,0.5333333333333333,1603.0259512273908,0.6153846153846154,1567.1513742879097,0.0,1500.0,0.0,1500.0
206499,Aleksandar Kovacevic,101.0,607.0,26.1,183.0,1490.2129207843711,R,48,0.3333333333333333,0.3,0.37142857142857144,1480.3144038486575,0.125,1432.412512796314,0.4,1497.5571400497965,0.0,1500.0,0.0,1500.0
126846,Aleksandar Vukic,85.0,669.0,28.5,188.0,1672.9789982811576,R,93,0.44086021505376344,0.6,0.43548387096774194,1595.2560973073496,0.3076923076923077,1457.5288452954785,0.5555555555555556,1555.0372189452778,0.0,1500.0,0.0,1500.0
104873,Aleksandr Nedovyesov,195.0,278.0,30.1,188.0,1468.2244240321481,R,28,0.21428571428571427,0.2,0.21428571428571427,1476.056816444133,0.2,1443.0142413663098,0.25,1491.2022167146185,0.0,1500.0,0.0,1500.0
126762,Aleksandre Bakshi,512.0,75.0,27.1,180.0,1531.7458430626257,L,4,0.75,0.75,0.6666666666666666,1514.562118473397,0.0,1500.0,0.0,1500.0,0.0,1500.0,1.0,1516.0
106223,Aleksandre Metreveli,570.0,55.0,28.3,183.0,1452.8632137599666,R,9,0.2222222222222222,0.2222222222222222,0.14285714285714285,1440.3520496125736,0.5,1507.0934675753906,0.0,1500.0,0.0,1500.0,0.0,1500.0
200553,Alen Avidzba,498.0,59.0,19.6,0.0,1499.7743896363002,R,2,0.5,0.5,0.5,1499.263693206478,0.0,1500.0,0.0,1500.0,0.0,1500.0,0.0,1500.0
105692,Alessandro Bega,351.0,128.0,26.5,173.0,1488.7889998118583,R,1,0.0,0.0,0.0,1490.6365557427011,0.0,1500.0,0.0,1500.0,0.0,1500.0,0.0,1500.0
103987,Alessandro Camarco,540.0,35.0,22.4,0.0,1483.9954365901322,R,1,0.0,0.0,0.0,1500.0,0.0,1484.0,0.0,1500.0,0.0,1500.0,0.0,1500.0
105561,Alessandro Giannessi,224.0,254.0,32.8,185.0,1479.7122678842943,L,36,0.3611111111111111,0.3,0.25,1476.0311366904803,0.39285714285714285,1488.4468888601327,0.0,1500.0,0.0,1500.0,0.0,1500.0
103035,Alessio Di Mauro,257.0,177.0,32.7,185.0,1459.7442882414064,L,53,0.32075471698113206,0.4,0.25,1482.5268692721913,0.32608695652173914,1448.1034197833999,0.3333333333333333,1482.5300063191805,0.0,1500.0,0.0,1500.0
104372,Alex Bogdanovic,403.0,92.0,27.1,183.0,1381.0879030540782,L,46,0.2391304347826087,0.2,0.14285714285714285,1436.6010927406444,0.25,1492.3506581872384,0.2571428571428571,1359.7634652985535,0.0,1500.0,0.0,1500.0
104166,Alex Bogomolov Jr,85.0,625.0,30.9,178.0,1545.450539513086,R,172,0.4011627906976744,0.3,0.4148148148148148,1538.9696828029553,0.15384615384615385,1416.826192819475,0.4583333333333333,1479.528353636754,0.0,1500.0,0.0,1500.0
106109,Alex Bolt,210.0,292.0,31.5,183.0,1560.0472126618401,L,47,0.3404255319148936,0.3,0.35294117647058826,1519.0253920712175,0.0,1500.0,0.3076923076923077,1449.3242681148117,0.0,1500.0,0.0,1500.0
102231,Alex Calatrava,188.0,214.0,33.1,190.0,1419.898637272067,R,130,0.4076923076923077,0.3,0.4166666666666667,1436.903437926052,0.42105263157894735,1433.3543480649075,0.2,1457.027566049577,0.0,1484.0,0.0,1500.0
105048,Alex Clayton,1281.0,3.0,17.6,183.0,1481.6389714173515,R,1,0.0,0.0,0.0,1482.3077066975147,0.0,1500.0,0.0,1500.0,0.0,1500.0,0.0,1500.0
102374,Alex Corretja,153.0,290.0,31.0,180.0,1477.049641158025,R,253,0.5889328063241107,0.2,0.5545454545454546,1542.9870755153615,0.6511627906976745,1491.4439712864996,0.3333333333333333,1494.392348272664,0.2727272727272727,1440.6979849543438,0.0,1500.0
200282,Alex De Minaur,9.0,3745.0,25.7,183.0,1884.705058322802,R,394,0.6091370558375635,0.3,0.6341463414634146,1825.9825310291837,0.4482758620689655,1702.3951103630734,0.6530612244897959,1697.3920475350485,0.0,1500.0,0.0,1500.0
200274,Alex Diaz,9999.0,0.0,20.4,0.0,1494.6126982041592,R,4,0.5,0.5,0.5,1496.6543680093685,0.0,1500.0,0.0,1500.0,0.0,1500.0,0.0,1500.0
207421,Alex Fairbanks,9999.0,0.0,21.9,0.0,1485.8562391034625,R,1,0.0,0.0,0.0,1500.0,0.0,1484.0336129318364,0.0,1500.0,0.0,1500.0,0.0,1500.0
103297,Alex Kim,166.0,222.0,25.1,175.0,1397.3851985244187,R,32,0.25,0.2,0.28,1406.3422528534495,0.0,1447.6934059381658,0.3333333333333333,1485.2148060226866,0.0,1500.0,0.0,1500.0
200270,Alex Knaff,644.0,48.0,26.7,193.0,1515.1837269911061,R,11,0.5454545454545454,0.6,0.5,1499.4296578285102,0.4,1486.5103277803412,0.0,1500.0,0.0,1500.0,1.0,1530.5304984710244
104864,Alex Kuznetsov,311.0,153.0,29.4,183.0,1411.253057127742,R,39,0.23076923076923078,0.1,0.21428571428571427,1410.683185314905,0.3333333333333333,1482.7325696248454,0.25,1440.9205217086508,0.0,1500.0,0.0,1500.0
105541,Alex Llompart,1418.0,3.0,25.1,0.0,1511.975979600227,R,11,0.5454545454545454,0.5,0.5454545454545454,1513.6333321796906,0.0,1500.0,0.0,1500.0,0.0,1500.0,0.0,1500.0
101826,Alex Lopez Moron,159.0,235.0,29.6,175.0,1393.9370317837913,R,10,0.1,0.1,0.0,1468.0,0.125,1420.7594384083657,0.0,1500.0,0.0,1500.0,0.0,1500.0
210506,Alex Michelsen,41.0,1245.0,20.3,193.0,1689.168253036698,R,77,0.5064935064935064,0.6,0.5192307692307693,1657.1379206067102,0.3333333333333333,1482.1679073971218,0.5625,1550.4886092923148,0.0,1500.0,0.0,1500.0
144684,Alex Molcan,135.0,473.0,26.2,178.0,1687.969855465806,L,92,0.532608695652174,0.5,0.43243243243243246,1594.401017895781,0.625,1671.3356334354357,0.42857142857142855,1490.488176824545,0.0,1500.0,0.0,1500.0
101711,Alex Obrien,316.0,93.0,31.4,185.0,1438.1876885288943,R,11,0.2727272727272727,0.3,0.25,1438.2044510394235,0.0,1500.0,0.5,1501.2155870631766,0.0,1483.263693206478,0.0,1500.0
126206,Alex Rybakov,378.0,123.0,26.0,185.0,1491.6957203100728,L,1,0.0,0.0,0.0,1490.620388357656,0.0,1500.0,0.0,1500.0,0.0,1500.0,0.0,1500.0
102755,Alex Witt,498.0,41.0,24.2,0.0,1481.1582737945182,R,1,0.0,0.0,0.0,1500.0,0.0,1500.0,0.0,1484.0,0.0,1500.0,0.0,1500.0
200247,Alexandar Lazarov,709.0,38.0,25.9,191.0,1493.471685121055,R,11,0.36363636363636365,0.4,0.3,1465.9529186598527,1.0,1516.0,0.0,1500.0,0.0,1500.0,0.0,1500.0
105586,Alexandar Lazov,438.0,95.0,25.5,183.0,1437.93965299813,L,7,0.14285714285714285,0.14285714285714285,0.16666666666666666,1448.8198841585636,0.0,1484.9524954043104,0.0,1500.0,0.0,1500.0,0.0,1500.0
210696,Alexander Blockx,231.0,247.0,19.5,191.0,1476.6021007656013,R,3,0.0,0.0,0.0,1464.8409987733955,0.0,1500.0,0.0,1500.0,0.0,1500.0,0.0,1500.0
104996,Alexander Blom,9999.0,0.0,23.8,0.0,1488.9878826718275,R,14,0.42857142857142855,0.6,0.42857142857142855,1489.2795998440731,0.42857142857142855,1498.527451401106,0.0,1500.0,0.0,1500.0,0.0,1500.0
122330,Alexander Bublik,33.0,1460.0,27.3,196.0,1634.8964585884598,R,289,0.5051903114186851,0.2,0.5,1611.5050115836843,0.40384615384615385,1536.5988766681899,0.6326530612244898,1663.6030252133955,0.0,1500.0,0.0,1500.0
105012,Alexander Bury,646.0,34.0,24.9,203.0,1519.1782805282949,R,3,0.6666666666666666,0.6666666666666666,1.0,1531.263693206478,0.0,1488.7186980209956,0.0,1500.0,0.0,1500.0,0.0,1500.0
126612,Alexander Cozbinov,816.0,18.0,24.6,188.0,1462.0749681699956,R,3,0.0,0.0,0.0,1460.0248651210359,0.0,1500.0,0.0,1500.0,0.0,1500.0,0.0,1500.0
200574,Alexander Donski,566.0,44.0,21.5,188.0,1507.5265076663864,R,2,0.5,0.5,0.5,1505.3411937160295,0.0,1500.0,0.0,1500.0,0.0,1500.0,0.0,1500.0
126623,Alexander Erler,337.0,146.0,23.7,193.0,1512.5228506314022,R,2,0.5,0.5,0.0,1500.0,0.5,1507.3163550238933,0.0,1500.0,0.0,1500.0,0.0,1500.0
104628,Alexander Kudryavtsev,179.0,302.0,30.6,183.0,1471.9293534853564,R,19,0.2631578947368421,0.3,0.3125,1473.1295554481476,0.0,1481.6094037475837,0.0,1473.7967618269638,0.0,1500.0,0.0,1500.0
122635,Alexander Merino,1340.0,4.0,24.4,183.0,1483.8134701965496,L,1,0.0,0.0,0.0,1500.0,0.0,1482.3141532422217,0.0,1500.0,0.0,1500.0,0.0,1500.0
103580,Alexander Peya,708.0,24.0,31.7,183.0,1430.0280587455948,R,70,0.3,0.2,0.34782608695652173,1484.1494699786435,0.2727272727272727,1420.5836201941336,0.21052631578947367,1400.9199098889662,0.5,1505.2938487987992,0.0,1500.0
102880,Alexander Popp,241.0,147.0,28.9,201.0,1476.982925970605,R,108,0.4074074074074074,0.2,0.36585365853658536,1422.1270826603727,0.19230769230769232,1350.3970711474076,0.631578947368421,1582.3179998381281,0.0,1456.2161933726902,0.0,1500.0
101871,Alexander Reichel,1154.0,4.0,32.9,193.0,1491.8333798587853,R,1,0.0,0.0,0.0,1492.4627400513557,0.0,1500.0,0.0,1500.0,0.0,1500.0,0.0,1500.0
106310,Alexander Ritschard,194.0,309.0,30.0,193.0,1512.980473431253,R,11,0.36363636363636365,0.4,0.5,1522.646628350152,0.3333333333333333,1481.2945817074838,0.0,1488.574256436429,0.0,1500.0,0.0,1500.0
104967,Alexander Sadecky,401.0,93.0,24.0,193.0,1493.0136044796307,L,3,0.3333333333333333,0.3333333333333333,0.0,1500.0,0.3333333333333333,1485.7747750944463,0.0,1500.0,0.0,1500.0,0.0,1500.0
105512,Alexander Sarkissian,478.0,80.0,31.2,191.0,1488.1614008968058,R,6,0.3333333333333333,0.3333333333333333,0.3333333333333333,1481.0703997351275,0.0,1500.0,0.0,1500.0,0.0,1500.0,0.0,1500.0
207686,Alexander Shevchenko,64.0,840.0,23.9,185.0,1613.9228104165538,R,82,0.45121951219512196,0.5,0.49019607843137253,1600.37969715297,0.4074074074074074,1516.225840459448,0.25,1474.6302364139694,0.0,1500.0,0.0,1500.0
102077,Alexander Shvec,1084.0,4.0,30.3,0.0,1497.8241660551305,R,5,0.4,0.4,0.0,1488.1675162791482,0.0,1489.6355890840853,0.0,1500.0,0.6666666666666666,1515.3144295971197,0.0,1500.0
108657,Alexander Skrypko,9999.0,0.0,18.2,0.0,1445.484927058379,U,7,0.14285714285714285,0.14285714285714285,0.0,1481.9144502124886,0.0,1473.1120133780842,0.0,1500.0,0.3333333333333333,1482.868891017286,0.0,1500.0
104692,Alexander Slabinsky,558.0,47.0,25.2,185.0,1479.0854418364968,R,2,0.0,0.0,0.0,1500.0,0.0,1500.0,0.0,1468.2502008172255,0.0,1500.0,0.0,1500.0
108723,Alexander Tavkhelidze,9999.0,0.0,19.7,0.0,1484.6976123435613,U,1,0.0,0.0,0.0,1500.0,0.0,1484.6982244915002,0.0,1500.0,0.0,1500.0,0.0,1500.0
108584,Alexander Vasquez,9999.0,0.0,24.5,0.0,1470.3644260444132,U,2,0.0,0.0,0.0,1470.2658349530222,0.0,1500.0,0.0,1500.0,0.0,1500.0,0.0,1500.0
105528,Alexander Ward,869.0,17.0,27.1,185.0,1465.435363282204,R,4,0.0,0.0,0.0,1500.0,0.0,1493.7108835299125,0.0,1452.6121788755736,0.0,1500.0,0.0,1500.0
102565,Alexander Waske,135.0,317.0,32.2,188.0,1483.2044997818682,R,90,0.3111111111111111,0.2,0.24,1399.3490080178203,0.3409090909090909,1471.4583025786612,0.2857142857142857,1438.2142313752042,0.42857142857142855,1492.5462733884945,0.0,1500.0
200310,Alexander Zgirovsky,1233.0,6.0,20.1,191.0,1494.3674479969259,R,1,0.0,0.0,0.0,1500.0,0.0,1494.6219420698953,0.0,1500.0,0.0,1500.0,0.0,1500.0
100644,Alexander Zverev,2.0,7315.0,27.5,198.0,2002.0156776149609,R,652,0.6978527607361963,0.8,0.6862244897959183,1955.9436157219272,0.7326732673267327,1922.2320962137278,0.6551724137931034,1688.8918543426357,0.0,1500.0,0.0,1500.0
105238,Alexandr Dolgopolov,54.0,966.0,29.5,180.0,1756.3018395450554,R,400,0.5275,0.5,0.5333333333333333,1718.3755923238405,0.5041322314049587,1692.5195962030787,0.5641025641025641,1593.3697287186244,0.0,1500.0,0.0,1500.0
108948,Alexandr Zotov,9999.0,0.0,17.9,0.0,1487.210026601962,L,1,0.0,0.0,0.0,1485.029170759845,0.0,1500.0,0.0,1500.0,0.0,1500.0,0.0,1500.0
124186,Alexandre Muller,68.0,790.0,27.7,183.0,1590.7955382153932,R,66,0.4090909090909091,0.4,0.37142857142857144,1524.4813342507982,0.4444444444444444,1542.5700215137858,0.5,1511.852807154052,0.0,1500.0,0.0,1500.0
105098,Alexandre Sidorenko,255.0,205.0,28.5,185.0,1489.5165097243257,R,12,0.3333333333333333,0.4,0.3333333333333333,1483.6699542480824,0.3333333333333333,1491.0979836955041,0.0,1500.0,0.0,1500.0,0.0,1500.0
103397,Alexandre Simoni,301.0,114.0,24.7,188.0,1390.1987563151058,R,32,0.3125,0.1,0.35714285714285715,1445.8685544806467,0.3076923076923077,1443.2556070240796,0.2,1457.340198295477,0.0,1500.0,0.0,1500.0
103891,Alexandros Jakupovic,503.0,69.0,32.2,0.0,1404.6633119655921,R,18,0.2777777777777778,0.3,0.0,1451.7004513273346,0.4166666666666667,1468.738299502881,0.0,1500.0,0.0,1452.7642092907417,0.0,1500.0
207249,Alexandros Skorilas,766.0,30.0,23.4,185.0,1506.382986958521,R,2,0.5,0.5,0.5,1501.6893227221335,0.0,1500.0,0.0,1500.0,0.0,1500.0,0.0,1500.0
108665,Alexandru Andronachi,9999.0,0.0,19.1,0.0,1484.736306793522,U,1,0.0,0.0,0.0,1500.0,0.0,1484.736306793522,0.0,1500.0,0.0,1500.0,0.0,1500.0
200615,Alexei Popyrin,24.0,1775.0,25.2,196.0,1780.7246961004016,R,198,0.43434343434343436,0.4,0.44776119402985076,1743.027621473762,0.45454545454545453,1569.7499404224504,0.3,1464.9042616436946,0.0,1500.0,0.0,1500.0
103612,Alexey Kedryuk,387.0,132.0,28.9,193.0,1574.3487837736436,R,30,0.6666666666666666,0.6,0.6956521739130435,1573.624413976273,0.75,1537.1004835044462,0.0,1500.0,0.3333333333333333,1485.4018288862171,0.0,1500.0
106072,Alexey Vatutin,336.0,148.0,31.9,178.0,1451.9105230672717,R,9,0.2222222222222222,0.2222222222222222,0.0,1458.899270125509,0.3333333333333333,1480.2094860307018,0.0,1500.0,0.0,1500.0,0.0,1500.0
106335,Alexios Halebian,644.0,39.0,23.1,0.0,1487.7305289014125,L,1,0.0,0.0,0.0,1487.5419804610435,0.0,1500.0,0.0,1500.0,0.0,1500.0,0.0,1500.0
200008,Alexis Galarneau,200.0,307.0,24.5,180.0,1527.075492779884,R,5,0.4,0.4,0.5,1524.593301634281,0.0,1484.9675849680177,0.0,1500.0,0.0,1500.0,0.0,1500.0
105278,Alexis Klegou,1392.0,2.0,24.1,0.0,1494.2638916191397,U,4,0.5,0.5,1.0,1528.6599633091782,0.0,1464.6320313493727,0.0,1500.0,0.0,1500.0,0.0,1500.0
108985,Ali Ghareeb,2005.0,1.0,29.9,0.0,1442.9594852280418,U,4,0.0,0.0,0.0,1454.382735282152,0.0,1485.3359678012935,0.0,1500.0,0.0,1500.0,0.0,1500.0
102448,Ali Hamadeh,9999.0,0.0,27.5,0.0,1460.216179387894,R,11,0.36363636363636365,0.4,0.3333333333333333,1469.3552235423772,1.0,1516.0,0.5,1501.4695015289756,0.0,1469.5015693313778,0.0,1500.0
108983,Ali Ismaeel,9999.0,0.0,20.2,0.0,1469.149722628502,U,2,0.0,0.0,0.0,1467.4365498193667,0.0,1500.0,0.0,1500.0,0.0,1500.0,0.0,1500.0
208230,Alibek Kachmazov,252.0,226.0,22.0,185.0,1531.3824643535404,R,9,0.4444444444444444,0.4444444444444444,0.4444444444444444,1516.8347354555135,0.0,1500.0,0.0,1500.0,0.0,1500.0,0.0,1500.0
102131,Alistair Hunt,9999.0,0.0,30.3,190.0,1538.2919380231128,R,10,0.6,0.6,0.5,1504.203691930366,0.0,1500.0,1.0,1516.002174720828,0.6,1517.8590890390642,0.0,1500.0
105379,Aljaz Bedene,330.0,140.0,33.1,181.0,1571.640515454853,R,280,0.4642857142857143,0.3,0.45528455284552843,1582.9602956263968,0.5,1611.8945687356734,0.37142857142857144,1471.4693685428215,0.0,1500.0,0.0,1500.0
126473,Aljaz Radinski,1279.0,5.0,20.0,188.0,1516.0,R,1,1.0,1.0,1.0,1516.0,0.0,1500.0,0.0,1500.0,0.0,1500.0,0.0,1500.0
104951,Aljoscha Thron,901.0,11.0,18.2,0.0,1470.453099590316,R,2,0.0,0.0,0.0,1500.0,0.0,1493.1242193988185,0.0,1500.0,0.0,1484.0,0.0,1500.0
108602,Alti Vahkal,9999.0,0.0,30.9,0.0,1467.7103348871235,U,4,0.25,0.25,0.0,1484.0,0.0,1483.263693206478,0.0,1500.0,0.5,1498.677353993061,0.0,1500.0
123795,Altug Celikbilek,371.0,131.0,27.3,183.0,1575.0659542310862,R,22,0.5909090909090909,0.6,0.6666666666666666,1580.0355596946588,0.3333333333333333,1483.8198510630225,0.3333333333333333,1497.687808277852,0.0,1500.0,1.0,1516.0
103553,Alun Jones,125.0,348.0,27.7,180.0,1487.1127283052133,R,13,0.3076923076923077,0.4,0.3076923076923077,1471.2776910644252,0.0,1500.0,0.0,1500.0,0.0,1500.0,0.0,1500.0
208223,Alvaro Guillen Meza,312.0,173.0,21.0,175.0,1498.7209923504706,R,2,0.5,0.5,0.0,1500.0,0.5,1499.5965373812353,0.0,1500.0,0.0,1500.0,0.0,1500.0
126533,Alvaro Lopez San Martin,298.0,170.0,25.9,178.0,1489.338709889153,R,1,0.0,0.0,0.0,1500.0,0.0,1491.2926057726313,0.0,1500.0,0.0,1500.0,0.0,1500.0
105625,Alvaro Raposo De Oliveira,761.0,18.0,19.4,0.0,1513.3523392897448,U,1,1.0,1.0,0.0,1500.0,1.0,1513.8857092347826,0.0,1500.0,0.0,1500.0,0.0,1500.0
108716,Amaury Gomez,9999.0,0.0,28.3,0.0,1484.0,U,1,0.0,0.0,0.0,1500.0,0.0,1484.0,0.0,1500.0,0.0,1500.0,0.0,1500.0
104025,Amer Delic,210.0,231.0,29.7,196.0,1564.5265921488492,R,88,0.36363636363636365,0.7,0.4,1581.4844030170898,0.2,1450.8119882776214,0.25,1468.2417908088782,0.0,1500.0,0.0,1500.0
200181,Amer Naow,9999.0,0.0,25.1,0.0,1486.0489828469515,R,1,0.0,0.0,0.0,1486.0107889845196,0.0,1500.0,0.0,1500.0,0.0,1500.0,0.0,1500.0
108585,Americo Venero Montes,9999.0,0.0,28.1,175.0,1485.405477903416,L,1,0.0,0.0,0.0,1500.0,0.0,1485.402373648406,0.0,1500.0,0.0,1500.0,0.0,1500.0
144760,Amine Ahouda,9999.0,0.0,21.5,185.0,1470.5675025045412,R,8,0.25,0.25,0.0,1488.7395259601726,0.3333333333333333,1488.2558738438172,0.0,1500.0,0.0,1485.294880280981,0.0,1500.0
103145,Amir Hadad,344.0,91.0,27.5,183.0,1497.8245464222116,R,9,0.4444444444444444,0.4444444444444444,0.6,1519.4680311576417,0.25,1474.1014519694359,0.0,1500.0,0.0,1500.0,0.0,1500.0
200401,Amir Hossein Badi,9999.0,0.0,19.1,0.0,1484.0,R,1,0.0,0.0,0.0,1484.0,0.0,1500.0,0.0,1500.0,0.0,1500.0,0.0,1500.0
212037,Amir Milushev,9999.0,0.0,17.6,0.0,1485.143715072396,R,1,0.0,0.0,0.0,1483.6594584823654,0.0,1500.0,0.0,1500.0,0.0,1500.0,0.0,1500.0
104804,Amir Weintraub,9999.0,0.0,32.9,188.0,1526.6867990846636,R,21,0.47619047619047616,0.4,0.4666666666666667,1503.8815093702333,0.6,1523.205794462151,0.0,1483.3346816214353,0.0,1500.0,0.0,1500.0
209871,Amr Elsayed Abdou Ahmed Mohamed,643.0,48.0,25.5,185.0,1481.4076692029348,R,8,0.375,0.375,0.0,1473.8071461524864,0.5,1498.9826946292878,0.0,1500.0,0.0,1500.0,0.5,1500.0
102362,Amro Ghoneim,1093.0,4.0,30.0,0.0,1442.6576072260234,R,6,0.16666666666666666,0.16666666666666666,0.0,1484.0,0.25,1472.3149529379186,0.0,1500.0,0.0,1484.0,0.0,1500.0
104917,Anas Fattar,767.0,18.0,24.8,0.0,1483.8062260185172,R,1,0.0,0.0,0.0,1500.0,0.0,1486.3112745024544,0.0,1500.0,0.0,1500.0,0.0,1500.0
104557,Andis Juska,710.0,32.0,29.2,0.0,1491.3786457366168,R,38,0.4473684210526316,0.5,0.14285714285714285,1440.5117196778203,0.4444444444444444,1519.402229203753,0.0,1500.0,0.6153846153846154,1551.390794017907,0.0,1500.0
108781,Ando Rasolomalala,9999.0,0.0,21.7,0.0,1463.7080280690236,U,2,0.0,0.0,0.0,1500.0,0.0,1483.3557314431264,0.0,1500.0,0.0,1484.736306793522,0.0,1500.0
101736,Andre Agassi,39.0,925.0,36.3,180.0,1829.9998869461724,R,343,0.7638483965014577,0.6,0.7843137254901961,1843.7828949799678,0.6923076923076923,1686.1563482618153,0.7037037037037037,1614.7668310301467,0.7777777777777778,1566.806477731975,0.0,1500.0
106350,Andre Gaspar Murta,912.0,12.0,18.4,0.0,1516.0,U,1,1.0,1.0,0.0,1500.0,1.0,1516.0,0.0,1500.0,0.0,1500.0,0.0,1500.0
104007,Andre Ghem,221.0,244.0,34.1,193.0,1481.8180083843495,R,7,0.2857142857142857,0.2857142857142857,0.0,1500.0,0.2857142857142857,1481.5621680479696,0.0,1500.0,0.0,1500.0,0.0,1500.0
102987,Andre Sa,423.0,73.0,30.3,185.0,1430.865032927527,R,125,0.36,0.4,0.41379310344827586,1414.4482519670223,0.2571428571428571,1418.9417725407097,0.38095238095238093,1461.1462398977712,0.36363636363636365,1478.2695323394637,0.0,1500.0
105063,Andrea Arnaboldi,267.0,206.0,33.0,180.0,1494.2208507088194,L,14,0.2857142857142857,0.3,0.0,1488.9076750455504,0.3333333333333333,1494.876893924029,0.0,1489.788800079168,0.0,1500.0,0.0,1500.0
109640,Andrea Basso,416.0,28.0,25.5,0.0,1496.349504957839,L,1,0.0,0.0,0.0,1500.0,0.0,1495.8024470985156,0.0,1500.0,0.0,1500.0,0.0,1500.0
105911,Andrea Collarini,264.0,213.0,32.4,183.0,1467.6668267420384,L,2,0.0,0.0,0.0,1500.0,0.0,1468.3907293415248,0.0,1500.0,0.0,1500.0,0.0,1500.0
102247,Andrea Gaudenzi,136.0,286.0,29.7,183.0,1458.3330588389526,R,106,0.36792452830188677,0.3,0.25,1380.5027404479051,0.4666666666666667,1510.3748793569453,0.0,1468.733395736614,0.25,1455.248061605582,0.0,1500.0
126504,Andrea Pellegrino,153.0,389.0,27.3,185.0,1474.7233559945857,R,2,0.0,0.0,0.0,1500.0,0.0,1473.6833832668494,0.0,1500.0,0.0,1500.0,0.0,1500.0
103521,Andrea Stoppini,209.0,381.0,28.9,190.0,1499.0106049130468,R,11,0.2727272727272727,0.3,0.3333333333333333,1506.5413955896088,0.0,1476.1316290392979,0.0,1500.0,0.0,1500.0,0.0,1500.0
131934,Andrea Vavassori,206.0,291.0,29.2,193.0,1570.6124396899058,R,21,0.42857142857142855,0.4,0.5,1517.8702813664213,0.4666666666666667,1557.7437764090982,0.0,1477.3554010226426,0.0,1500.0,0.0,1500.0
104676,Andreas Beck,338.0,138.0,30.2,190.0,1458.8212608335841,L,104,0.38461538461538464,0.0,0.3611111111111111,1449.411337498311,0.37037037037037035,1461.1311565452056,0.5,1525.3515618005822,0.0,1500.0,0.0,1500.0
126143,Andreas Bjerrehus,9999.0,0.0,24.2,0.0,1485.5855914800304,U,1,0.0,0.0,0.0,1484.7913851141568,0.0,1500.0,0.0,1500.0,0.0,1500.0,0.0,1500.0
103677,Andreas Fasching,700.0,16.0,19.5,0.0,1484.7842789286515,U,1,0.0,0.0,0.0,1500.0,0.0,1484.5052278709338,0.0,1500.0,0.0,1500.0,0.0,1500.0
104890,Andreas Haider Maurer,412.0,96.0,31.1,190.0,1507.164285315766,R,117,0.37606837606837606,0.0,0.35555555555555557,1500.7751792898991,0.4067796610169492,1489.714237813002,0.3076923076923077,1443.6644007898392,0.0,1500.0,0.0,1500.0
104312,Andreas Seppi,141.0,466.0,38.2,190.0,1530.2240936258786,R,788,0.47081218274111675,0.2,0.45073891625615764,1537.32639403393,0.4827586206896552,1467.7119379947787,0.5420560747663551,1566.0355717366174,0.2857142857142857,1435.2281371188967,0.0,1500.0
103714,Andreas Vinciguerra,572.0,47.0,32.3,180.0,1466.6502532113163,L,169,0.4556213017751479,0.1,0.4827586206896552,1445.9990796010898,0.42857142857142855,1480.9237038264846,0.2857142857142857,1457.7718199450287,0.5,1508.3525941057164,0.0,1500.0
101772,Andrei Cherkasov,212.0,174.0,30.3,180.0,1452.7751319229515,R,5,0.2,0.2,0.3333333333333333,1482.0157310084514,0.0,1500.0,0.0,1500.0,0.0,1468.0338330211207,0.0,1500.0
104603,Andrei Ciumac,892.0,17.0,29.4,0.0,1467.277910282431,L,2,0.0,0.0,0.0,1483.9813087280343,0.0,1500.0,0.0,1500.0,0.0,1484.0930029037315,0.0,1500.0
105207,Andrei Daescu,680.0,28.0,23.5,0.0,1489.9183777451774,R,1,0.0,0.0,0.0,1486.8421328024797,0.0,1500.0,0.0,1500.0,0.0,1500.0,0.0,1500.0
104215,Andrei Gorban,781.0,17.0,28.5,0.0,1438.815933974337,U,10,0.3,0.3,0.0,1483.263693206478,0.2857142857142857,1456.8897643351675,0.0,1500.0,0.5,1500.9811023585814,0.0,1500.0
105259,Andrei Karatchenia,589.0,73.0,20.3,0.0,1509.051856716725,R,6,0.5,0.5,0.6,1519.2587302639413,0.0,1483.8604197624716,0.0,1500.0,0.0,1500.0,0.0,1500.0
108607,Andrei Luzgin,1311.0,2.0,32.0,0.0,1526.45693750954,U,6,0.6666666666666666,0.6666666666666666,1.0,1516.0,0.0,1500.0,0.0,1500.0,0.6,1513.4188821799396,0.0,1500.0
102446,Andrei Medvedev,172.0,225.0,27.1,193.0,1531.6675130306223,R,65,0.5230769230769231,0.2,0.3157894736842105,1456.8121129212223,0.6410256410256411,1581.6397109842014,0.25,1470.304712960257,0.6666666666666666,1516.344431907171,0.0,1500.0
102318,Andrei Pavel,646.0,40.0,35.6,183.0,1517.2220820494251,R,376,0.523936170212766,0.0,0.48502994011976047,1448.3195196356592,0.5714285714285714,1595.103918122903,0.47058823529411764,1477.032272131225,0.5714285714285714,1564.913597530931,0.0,1500.0
122513,Andrei Soltoianu,9999.0,0.0,21.7,0.0,1483.2838352798717,R,1,0.0,0.0,0.0,1483.3033809314352,0.0,1500.0,0.0,1500.0,0.0,1500.0,0.0,1500.0
102911,Andrei Stoliarov,361.0,78.0,27.7,178.0,1417.8850679918746,R,86,0.36046511627906974,0.2,0.40476190476190477,1437.1121130011481,0.34782608695652173,1445.9201191745121,0.3125,1443.1422170474436,0.2,1454.2292118861972,0.0,1500.0
105781,Andrei Vasilevski,785.0,19.0,21.3,185.0,1446.1309161704826,R,6,0.16666666666666666,0.16666666666666666,0.2,1457.8946891582616,0.0,1485.6396085925362,0.0,1500.0,0.0,1500.0,0.0,1500.0
104051,Andrej Kracman,9999.0,0.0,26.5,0.0,1503.6960219997784,R,12,0.5,0.5,0.6666666666666666,1518.5563608492391,0.5,1500.06149973005,0.0,1500.0,0.3333333333333333,1487.4024444265492,0.0,1500.0
105413,Andrej Martin,115.0,624.0,32.3,183.0,1522.7926486056401,R,64,0.40625,0.4,0.21428571428571427,1437.1439486332715,0.46938775510204084,1530.9036596995888,0.0,1489.4120135945861,0.0,1500.0,0.0,1500.0
210119,Andrej Nedic,591.0,59.0,19.2,185.0,1456.3848947122626,R,3,0.0,0.0,0.0,1484.0,0.0,1467.998162814501,0.0,1500.0,0.0,1500.0,0.0,1500.0
209914,Andreja Petrovic,1265.0,4.0,22.9,188.0,1493.1191919334863,R,1,0.0,0.0,0.0,1491.7075241416492,0.0,1500.0,0.0,1500.0,0.0,1500.0,0.0,1500.0
200748,Andres Andrade,250.0,229.0,25.7,180.0,1513.6573028772505,R,3,0.6666666666666666,0.6666666666666666,0.5,1500.0839692636926,1.0,1516.0,0.0,1500.0,0.0,1500.0,0.0,1500.0
106238,Andres Artunedo Martinavarro,340.0,126.0,20.3,0.0,1484.1099465017369,R,1,0.0,0.0,0.0,1483.8398320811764,0.0,1500.0,0.0,1500.0,0.0,1500.0,0.0,1500.0
111751,Andres Bucaro,9999.0,0.0,23.3,0.0,1470.7161570261337,U,2,0.0,0.0,0.0,1486.0614714372257,0.0,1484.756157978866,0.0,1500.0,0.0,1500.0,0.0,1500.0
106536,Andres Filimonov,9999.0,0.0,34.1,0.0,1423.2249554056148,R,5,0.0,0.0,0.0,1500.0,0.0,1438.1761757256763,0.0,1500.0,0.0,1484.0,0.0,1500.0
211346,Andres Martin,483.0,86.0,23.0,183.0,1495.7773039677527,R,4,0.25,0.25,0.25,1486.9690002827028,0.0,1500.0,0.0,1500.0,0.0,1500.0,0.0,1500.0
105120,Andres Molteni,280.0,169.0,26.9,180.0,1482.6215188695166,R,2,0.0,0.0,0.0,1500.0,0.0,1482.1372804737405,0.0,1500.0,0.0,1500.0,0.0,1500.0
103328,Andres Pedroso,286.0,114.0,25.5,0.0,1492.8079435730742,R,1,0.0,0.0,0.0,1492.2561481950825,0.0,1500.0,0.0,1500.0,0.0,1500.0,0.0,1500.0
108762,Andres Weisskopf,9999.0,0.0,28.4,0.0,1450.939348487465,R,3,0.0,0.0,0.0,1484.0,0.0,1465.1201678686211,0.0,1500.0,0.0,1500.0,0.0,1500.0
104158,Andrew Anderson,1564.0,2.0,25.8,193.0,1495.5024128576556,R,1,0.0,0.0,0.0,1493.4818688414923,0.0,1500.0,0.0,1500.0,0.0,1500.0,0.0,1500.0
103037,Andrew Carlson,1089.0,4.0,25.9,0.0,1482.3647015328256,L,1,0.0,0.0,0.0,1483.2854879229099,0.0,1500.0,0.0,1500.0,0.0,1500.0,0.0,1500.0
106302,Andrew Harris,232.0,251.0,26.9,183.0,1509.5244978613894,R,3,0.3333333333333333,0.3333333333333333,0.3333333333333333,1502.765150349619,0.0,1500.0,0.0,1500.0,0.0,1500.0,0.0,1500.0
102776,Andrew Ilie,394.0,66.0,27.2,180.0,1352.2578540083207,R,104,0.38461538461538464,0.0,0.30357142857142855,1375.1386909713085,0.55,1483.7872244024716,0.0,1434.0696603258903,0.3333333333333333,1483.8136973987312,0.0,1500.0
106225,Andrew Whittington,210.0,255.0,23.8,188.0,1506.835062831117,R,5,0.4,0.4,0.5,1517.684798054239,0.0,1500.0,0.0,1484.0,0.0,1500.0,0.0,1500.0
104000,Andrey Dernovskiy,1180.0,3.0,20.8,0.0,1415.6797330918218,U,10,0.2,0.2,0.0,1483.1487735680455,0.16666666666666666,1442.663971905696,0.0,1500.0,0.3333333333333333,1482.5981711137829,0.0,1500.0
104979,Andrey Golubev,154.0,344.0,28.1,180.0,1508.1411767106244,R,177,0.3672316384180791,0.2,0.40186915887850466,1503.2291555135412,0.3559322033898305,1498.0116365935078,0.1,1418.1566311163326,0.0,1486.0065166115942,0.0,1500.0
104778,Andrey Kumantsov,365.0,119.0,24.5,0.0,1487.7083313306475,R,1,0.0,0.0,0.0,1485.4930297427557,0.0,1500.0,0.0,1500.0,0.0,1500.0,0.0,1500.0
105723,Andrey Kuznetsov,9999.0,0.0,32.4,183.0,1602.6749908288866,R,170,0.4176470588235294,0.2,0.4470588235294118,1558.3025705674606,0.4090909090909091,1586.2600118043713,0.3157894736842105,1459.3561373592,0.0,1500.0,0.0,1500.0
126094,Andrey Rublev,8.0,3760.0,27.0,188.0,1774.4853542036624,R,509,0.6424361493123772,0.4,0.6363636363636364,1769.9685922417693,0.6581196581196581,1782.7785699645617,0.6551724137931034,1631.3596265492265,0.0,1500.0,0.0,1500.0
108681,Andrey Stepanov,9999.0,0.0,20.1,0.0,1483.893901033506,U,1,0.0,0.0,0.0,1500.0,0.0,1500.0,0.0,1500.0,0.0,1483.2959774658789,0.0,1500.0
102832,Andrian Raturandang,1033.0,4.0,24.6,0.0,1440.6426284618374,R,4,0.0,0.0,0.0,1439.5947067505915,0.0,1500.0,0.0,1500.0,0.0,1500.0,0.0,1500.0
103381,Andy Fahlke,185.0,180.0,20.9,185.0,1484.5915209265918,R,1,0.0,0.0,0.0,1500.0,0.0,1483.3919787575799,0.0,1500.0,0.0,1500.0,0.0,1500.0
104918,Andy Murray,129.0,498.0,37.0,191.0,1625.2687627126743,R,980,0.7357142857142858,0.4,0.7342342342342343,1638.1612566469569,0.6794871794871795,1864.524986006709,0.8027210884353742,1771.4417971236285,0.7272727272727273,1593.921721382241,0.0,1500.0
103544,Andy Ram,9999.0,0.0,31.9,180.0,1426.5581874794755,R,16,0.1875,0.2,0.2,1434.5248891609997,0.3333333333333333,1495.3267816005919,0.0,1473.895494098904,0.0,1485.8108802770212,0.0,1500.0
104053,Andy Roddick,22.0,1600.0,29.9,188.0,1848.589815698302,R,799,0.7496871088861077,0.6,0.7627737226277372,1838.2463914589875,0.6548672566371682,1610.6673424921762,0.7961165048543689,1791.9661884519699,0.7142857142857143,1664.6390634819516,0.0,1500.0
105551,Anil Yuksel,502.0,70.0,26.8,0.0,1475.1987061837647,L,2,0.0,0.0,0.0,1487.2859710972086,0.0,1482.4656449962088,0.0,1500.0,0.0,1500.0,0.0,1500.0
108705,Anis Ghorbel,564.0,59.0,26.8,0.0,1441.295062270778,R,4,0.0,0.0,0.0,1466.725441907955,0.0,1484.0,0.0,1500.0,0.0,1484.7009019487975,0.0,1500.0
103875,Anoosha Shahgholi,1865.0,1.0,35.2,0.0,1437.7114805185113,U,16,0.375,0.3,0.0,1436.5762949639427,0.5,1494.453736439053,0.0,1500.0,0.5,1500.736306793522,0.0,1500.0
105014,Antal Van Der Duim,995.0,8.0,18.4,185.0,1479.8687866495386,R,1,0.0,0.0,0.0,1480.879826423923,0.0,1500.0,0.0,1500.0,0.0,1500.0,0.0,1500.0
105302,Ante Pavic,486.0,77.0,27.9,196.0,1474.7369109631022,R,14,0.21428571428571427,0.3,0.16666666666666666,1468.1682683119764,0.0,1480.8448510814253,0.3333333333333333,1488.7575619583617,0.0,1500.0,0.0,1500.0
138845,Anthony Jackie Tang,1519.0,2.0,19.1,0.0,1515.290383094541,R,1,1.0,1.0,1.0,1514.509545144587,0.0,1500.0,0.0,1500.0,0.0,1500.0,0.0,1500.0
108785,Anthony Marshall,9999.0,0.0,27.5,0.0,1450.0213969574138,R,3,0.0,0.0,0.0,1484.6995777415143,0.0,1466.260532060733,0.0,1500.0,0.0,1500.0,0.0,1500.0
200045,Anthony Susanto,9999.0,0.0,26.6,0.0,1426.9108766365896,R,5,0.0,0.0,0.0,1452.9060283915098,0.0,1484.0,0.0,1500.0,0.0,1500.0,0.0,1484.0
134472,Antoine Bellier,190.0,313.0,26.3,196.0,1523.2173378437442,L,13,0.38461538461538464,0.5,0.25,1490.6830485644873,0.2,1465.9537018773572,0.75,1533.6501852797285,0.0,1500.0,0.0,1500.0
108969,Antoine Breikeh,9999.0,0.0,17.5,0.0,1483.2968379626082,U,1,0.0,0.0,0.0,1500.0,0.0,1485.5858818456245,0.0,1500.0,0.0,1500.0,0.0,1500.0
105938,Antoine Escoffier,172.0,354.0,31.9,185.0,1485.651013281989,R,1,0.0,0.0,0.0,1484.2035567662363,0.0,1500.0,0.0,1500.0,0.0,1500.0,0.0,1500.0
126156,Antoine Hoang,155.0,466.0,25.8,183.0,1507.0964767345672,R,19,0.3157894736842105,0.2,0.23076923076923078,1457.956821328739,0.5,1517.9805182530365,0.5,1501.8446948448677,0.0,1500.0,0.0,1500.0
108647,Anton Tsymbalov,9999.0,0.0,21.0,0.0,1511.9914622776444,R,5,0.6,0.6,1.0,1530.7052331043105,0.5,1500.0,0.0,1500.0,0.0,1484.0,0.0,1500.0
108626,Antonio Van Grichen,9999.0,0.0,22.4,0.0,1481.974295208922,U,1,0.0,0.0,0.0,1500.0,0.0,1500.0,0.0,1500.0,0.0,1484.0,0.0,1500.0
105099,Antonio Veic,228.0,208.0,26.9,180.0,1448.5935066587988,R,33,0.30303030303030304,0.1,0.4,1484.6003814603553,0.2222222222222222,1441.4466296954597,0.0,1500.0,0.0,1500.0,0.0,1500.0
102179,Antony Dupuis,221.0,177.0,34.3,185.0,1534.6795732174162,R,188,0.3829787234042553,0.5,0.35802469135802467,1422.2810656202703,0.34545454545454546,1438.1377775254653,0.47368421052631576,1532.5366496149538,0.42857142857142855,1502.5269233214426,0.0,1500.0
105182,Antso Rakotondramanga,9999.0,0.0,28.5,0.0,1485.367210708378,R,7,0.42857142857142855,0.42857142857142855,0.3333333333333333,1491.0238153630137,0.6666666666666666,1509.652651343121,0.0,1500.0,0.0,1484.0,0.0,1500.0
103499,Aqeel Khan,9999.0,0.0,44.6,0.0,1513.1305726912033,R,69,0.4057971014492754,0.5,0.4074074074074074,1493.4901378268082,0.2777777777777778,1420.9792275831826,0.5454545454545454,1520.4832419334737,0.0,1485.5616987057697,0.0,1484.0
209188,Ari Fahresi,9999.0,0.0,0.0,0.0,1516.736306793522,U,1,1.0,1.0,1.0,1516.736306793522,0.0,1500.0,0.0,1500.0,0.0,1500.0,0.0,1500.0
105431,Ariel Behar,827.0,19.0,24.2,180.0,1463.9706254268995,R,5,0.2,0.2,0.3333333333333333,1488.04468372678,0.0,1467.1199465727261,0.0,1500.0,0.0,1500.0,0.0,1500.0
106277,Ariez Elyaas Deen Heshaam,1557.0,1.0,18.7,0.0,1437.2668358215076,R,4,0.0,0.0,0.0,1436.7470887959128,0.0,1500.0,0.0,1500.0,0.0,1500.0,0.0,1500.0
209362,Aristotelis Thanos,713.0,37.0,23.4,0.0,1517.4633995543436,R,4,0.5,0.5,0.3333333333333333,1497.9127453948727,1.0,1516.804765502278,0.0,1500.0,0.0,1500.0,0.0,1500.0
111459,Arjun Kadhe,778.0,26.0,28.0,185.0,1447.9616707104922,R,4,0.0,0.0,0.0,1440.8286577583679,0.0,1500.0,0.0,1500.0,0.0,1500.0,0.0,1500.0
207736,Arklon Huertas Del Pino,491.0,76.0,28.5,183.0,1516.1317872440973,R,1,1.0,1.0,0.0,1500.0,0.0,1500.0,0.0,1500.0,0.0,1500.0,1.0,1516.0
104488,Armin Sandbichler,570.0,40.0,21.5,180.0,1485.2580617621168,L,1,0.0,0.0,0.0,1500.0,0.0,1485.0767410939857,0.0,1500.0,0.0,1500.0,0.0,1500.0
104516,Arnau Brugues Davi,184.0,268.0,27.9,183.0,1494.1056095814527,L,4,0.25,0.25,0.3333333333333333,1507.011694028133,0.0,1483.1542412160381,0.0,1500.0,0.0,1500.0,0.0,1500.0
103096,Arnaud Clement,139.0,400.0,34.4,173.0,1555.578741230271,R,527,0.49335863377609107,0.3,0.49830508474576274,1540.0233020623236,0.41237113402061853,1482.7890651575076,0.5443037974683544,1522.566093464991,0.5357142857142857,1512.3769135411208,0.0,1500.0
103324,Arnaud Di Pasquale,228.0,165.0,25.6,185.0,1416.3391157689205,R,95,0.3473684210526316,0.2,0.35135135135135137,1442.1145917826832,0.35185185185185186,1412.8459312379748,0.5,1499.9971639852038,0.0,1468.6729435639868,0.0,1500.0
105440,Arsenije Zlatanovic,1421.0,4.0,19.4,193.0,1485.090779140253,R,1,0.0,0.0,0.0,1500.0,0.0,1485.674218876848,0.0,1500.0,0.0,1500.0,0.0,1500.0
103497,Artem Derepasko,272.0,118.0,21.4,0.0,1492.5123374483817,R,1,0.0,0.0,0.0,1500.0,0.0,1500.0,0.0,1487.7244928342882,0.0,1500.0,0.0,1500.0
144984,Artem Dubrivnyy,424.0,80.0,20.7,183.0,1489.9524361886654,R,1,0.0,0.0,0.0,1486.6592519661729,0.0,1500.0,0.0,1500.0,0.0,1500.0,0.0,1500.0
104677,Artem Sitak,9999.0,0.0,30.9,185.0,1480.8947334697534,R,10,0.5,0.5,0.5714285714285714,1504.823825109229,0.5,1501.1951977697315,0.0,1482.9372787491181,0.0,1500.0,0.0,1500.0
105085,Artem Smirnov,505.0,66.0,29.9,188.0,1417.6197556705956,L,10,0.2,0.2,0.4,1476.0181661228385,0.0,1465.5938075492725,0.0,1466.6622076940237,0.0,1500.0,0.0,1500.0
209070,Arthur Cazaux,85.0,678.0,22.1,183.0,1584.0635869986652,R,28,0.39285714285714285,0.4,0.45,1593.7402990844457,0.2,1460.2481961830817,0.3333333333333333,1490.712325756483,0.0,1500.0,0.0,1500.0
105963,Arthur De Greef,202.0,253.0,26.8,183.0,1487.0379608082862,R,10,0.3,0.3,0.3333333333333333,1500.4637884418567,0.2857142857142857,1482.9696186758383,0.0,1500.0,0.0,1500.0,0.0,1500.0
209259,Arthur Fery,247.0,243.0,21.9,175.0,1485.1203258748385,R,2,0.0,0.0,0.0,1500.0,0.0,1500.0,0.0,1473.5773215551628,0.0,1500.0,0.0,1500.0
209950,Arthur Fils,20.0,2355.0,20.5,185.0,1750.9796575565765,R,102,0.5490196078431373,0.6,0.5645161290322581,1692.7531880951915,0.5333333333333333,1609.4674788921898,0.5,1524.6210511145825,0.0,1500.0,0.0,1500.0
126239,Arthur Rinderknech,60.0,872.0,29.2,196.0,1626.4497354377336,R,149,0.4697986577181208,0.4,0.4835164835164835,1600.3124298171301,0.48717948717948717,1562.9846313433702,0.3684210526315789,1463.9761387548715,0.0,1500.0,0.0,1500.0
123915,Arturs Lazdins,9999.0,0.0,16.8,0.0,1487.8980389740677,R,1,0.0,0.0,0.0,1485.04991407292,0.0,1500.0,0.0,1500.0,0.0,1500.0,0.0,1500.0
103157,Arvind Parmar,206.0,190.0,28.0,193.0,1451.329967261906,R,41,0.3170731707317073,0.3,0.25,1454.7125100563596,0.0,1500.0,0.36,1429.5833288628653,0.25,1476.7875289210713,0.0,1500.0
103803,Ashkan Shokoofi,1049.0,6.0,25.7,0.0,1498.0056042303183,U,13,0.5384615384615384,0.5,0.5,1500.0338330211207,0.5555555555555556,1506.3040501180274,0.0,1500.0,0.5,1500.736306793522,0.0,1500.0
101810,Asif Ismail,9999.0,0.0,32.3,0.0,1498.5613749911095,R,2,0.5,0.5,0.5,1498.5613749911095,0.0,1500.0,0.0,1500.0,0.0,1500.0,0.0,1500.0
108588,Asim Shafik,9999.0,0.0,30.7,0.0,1411.6823730604067,U,8,0.125,0.125,0.16666666666666666,1439.208216158561,0.0,1484.0,0.0,1484.0,0.0,1500.0,0.0,1500.0
106234,Aslan Karatsev,139.0,425.0,31.1,185.0,1612.9800694447024,R,162,0.48148148148148145,0.3,0.49056603773584906,1582.1040651834223,0.4888888888888889,1542.761474066205,0.36363636363636365,1484.4579831333488,0.0,1500.0,0.0,1500.0
105226,Attila Balazs,9999.0,0.0,34.9,180.0,1562.00965680778,R,55,0.509090909090909,0.2,0.2727272727272727,1465.0769881753968,0.6153846153846154,1591.4914524559824,0.0,1492.6055150144086,0.25,1475.4911671575844,0.0,1500.0
102722,Attila Savolt,592.0,29.0,28.6,183.0,1465.0140378978233,R,75,0.38666666666666666,0.3,0.2608695652173913,1408.2422465355091,0.4782608695652174,1499.0514643948754,0.0,1482.407327226665,0.2,1454.7101630177963,0.0,1500.0
200416,August Holmgren,166.0,353.0,26.3,188.0,1526.9780464416249,R,9,0.5555555555555556,0.5555555555555556,0.5714285714285714,1524.3286871184496,0.5,1499.159102217312,0.0,1500.0,0.0,1500.0,0.0,1500.0
104227,Augustin Gensse,155.0,341.0,28.0,180.0,1493.4395825199167,R,4,0.25,0.25,0.0,1494.6751833969813,0.3333333333333333,1495.8942214321733,0.0,1500.0,0.0,1500.0,0.0,1500.0
108943,Augusto Ricciardi Castelli,9999.0,0.0,25.9,0.0,1484.0,U,1,0.0,0.0,0.0,1500.0,0.0,1484.0,0.0,1500.0,0.0,1500.0,0.0,1500.0
108586,Augusto Sanabria,9999.0,0.0,19.8,0.0,1484.0,U,1,0.0,0.0,0.0,1500.0,0.0,1484.0,0.0,1500.0,0.0,1500.0,0.0,1500.0
108746,Austen Childs,9999.0,0.0,21.3,0.0,1510.2376440085134,U,1,1.0,1.0,1.0,1511.419100950037,0.0,1500.0,0.0,1500.0,0.0,1500.0,0.0,1500.0
105572,Austin Krajicek,274.0,187.0,27.0,188.0,1494.2766722430997,L,35,0.3142857142857143,0.1,0.35714285714285715,1508.0829036476869,0.0,1472.8155466577064,0.2,1462.5838862289324,0.0,1500.0,0.0,1500.0
106269,Austin Smith,9999.0,0.0,22.6,0.0,1487.3856126269577,U,1,0.0,0.0,0.0,1487.0387801315696,0.0,1500.0,0.0,1500.0,0.0,1500.0,0.0,1500.0
105678,Axel Michon,206.0,238.0,23.4,176.0,1509.1886533637407,L,2,0.5,0.5,0.0,1500.0,0.5,1506.1245812372888,0.0,1500.0,0.0,1500.0,0.0,1500.0
102809,Axel Pretzsch,134.0,313.0,26.0,185.0,1439.8778774948719,R,21,0.2857142857142857,0.3,0.35294117647058826,1455.1944908442529,0.0,1481.4042120083504,0.0,1464.4190284197925,0.0,1500.0,0.0,1500.0
137018,Ayed Zatar,9999.0,0.0,23.4,0.0,1452.5326132514228,R,5,0.2,0.2,0.0,1483.4710604094128,0.25,1463.3986054846848,0.0,1500.0,0.0,1500.0,0.0,1500.0
108775,Aymeric Mara,9999.0,0.0,18.4,0.0,1484.7093730981342,U,1,0.0,0.0,0.0,1483.8356566872292,0.0,1500.0,0.0,1500.0,0.0,1500.0,0.0,1500.0
109336,Ayoub Chakrouni,1206.0,6.0,22.8,0.0,1516.0,U,1,1.0,1.0,0.0,1500.0,1.0,1516.0,0.0,1500.0,0.0,1500.0,0.0,1500.0
108690,Ayrton Wibowo,1356.0,4.0,20.8,0.0,1456.9151753506383,U,3,0.0,0.0,0.0,1455.4705437571768,0.0,1500.0,0.0,1500.0,0.0,1500.0,0.0,1500.0
108906,Aziz Avganov,9999.0,0.0,19.5,0.0,1484.5939773341117,U,1,0.0,0.0,0.0,1500.0,0.0,1484.7055094053817,0.0,1500.0,0.0,1500.0,0.0,1500.0
144826,Aziz Dougaz,228.0,252.0,27.4,188.0,1474.8449393831033,L,13,0.38461538461538464,0.5,0.375,1485.0139438590304,0.5,1502.4642870475882,0.0,1500.0,0.0,1500.0,0.0,1483.263693206478
200297,Aziz Ouakaa,884.0,17.0,22.2,185.0,1496.6410025606508,R,2,0.5,0.5,0.0,1480.9024436463292,1.0,1516.0,0.0,1500.0,0.0,1500.0,0.0,1500.0
103645,Balazs Veress,1321.0,2.0,21.7,0.0,1516.7353024818544,R,1,1.0,1.0,1.0,1516.7735864425172,0.0,1500.0,0.0,1500.0,0.0,1500.0,0.0,1500.0
106299,Bar Tzuf Botzer,893.0,17.0,20.9,0.0,1457.6633897737815,R,4,0.0,0.0,0.0,1444.086838566073,0.0,1500.0,0.0,1500.0,0.0,1500.0,0.0,1500.0
104654,Baris Erguden,1606.0,1.0,26.0,0.0,1471.4395450240195,R,2,0.0,0.0,0.0,1487.7545449231895,0.0,1500.0,0.0,1500.0,0.0,1484.0,0.0,1500.0
102552,Baris Ergun,1225.0,2.0,26.1,0.0,1502.0401321161742,R,2,0.5,0.5,0.5,1500.7024678473922,0.0,1500.0,0.0,1500.0,0.0,1500.0,0.0,1500.0
102443,Barry Cowan,251.0,136.0,27.8,188.0,1423.120508160034,L,18,0.2777777777777778,0.3,0.25,1443.5646767356786,0.0,1485.363528095524,0.3333333333333333,1466.7456121545763,0.0,1500.0,0.0,1500.0
104489,Barry King,1013.0,7.0,26.4,0.0,1501.108637911769,R,4,0.5,0.5,0.3333333333333333,1489.7616499780486,0.0,1500.0,0.0,1500.0,1.0,1516.0,0.0,1500.0
102100,Bartlomiej Dabrowski,614.0,27.0,31.6,0.0,1484.504846440711,R,13,0.38461538461538464,0.4,1.0,1516.7379611189745,0.3333333333333333,1469.2633861032532,0.0,1500.0,0.0,1500.0,0.0,1500.0
104831,Bartolome Salva Vidal,326.0,110.0,21.1,183.0,1417.751996245052,L,6,0.0,0.0,0.0,1467.8981308780642,0.0,1446.5000051476022,0.0,1500.0,0.0,1500.0,0.0,1500.0
105255,Bassam Beidas,1086.0,6.0,24.2,0.0,1565.277335561268,R,5,1.0,1.0,0.0,1500.0,1.0,1570.4694552811995,0.0,1500.0,0.0,1500.0,0.0,1500.0
104226,Bastian Knittel,210.0,225.0,29.8,180.0,1492.6501393481524,L,5,0.2,0.2,0.0,1500.0,0.25,1490.0381000484422,0.0,1482.38045248542,0.0,1500.0,0.0,1500.0
105542,Bastian Trinker,417.0,96.0,25.1,191.0,1510.4453828457176,R,3,0.3333333333333333,0.3333333333333333,0.0,1500.0,0.3333333333333333,1512.617595723197,0.0,1500.0,0.0,1500.0,0.0,1500.0
202320,Beibit Zhukayev,213.0,272.0,24.0,198.0,1515.2547282133262,R,8,0.375,0.375,0.375,1508.0312776358512,0.0,1500.0,0.0,1500.0,0.0,1500.0,0.0,1500.0
102743,Ben Ellwood,827.0,11.0,26.3,178.0,1480.5220160363021,R,1,0.0,0.0,0.0,1500.0,0.0,1500.0,0.0,1483.3068366712375,0.0,1500.0,0.0,1500.0
127326,Ben Patael,562.0,45.0,22.7,188.0,1469.3962259132957,R,2,0.0,0.0,0.0,1484.0,0.0,1483.2470836328857,0.0,1500.0,0.0,1500.0,0.0,1500.0
103337,Ben Qiang Zhu,646.0,23.0,25.5,0.0,1555.28958817839,R,23,0.6086956521739131,0.6,0.5714285714285714,1535.292355775828,0.0,1500.0,1.0,1533.3726320464464,0.0,1500.0,0.0,1500.0
210097,Ben Shelton,21.0,2330.0,22.1,193.0,1780.3010820672691,L,120,0.5583333333333333,0.6,0.5977011494252874,1760.284365468749,0.45,1538.8012363903224,0.46153846153846156,1502.237904936802,0.0,1500.0,0.0,1500.0
212721,Benedict Badza,9999.0,0.0,18.6,0.0,1516.0,U,1,1.0,1.0,1.0,1516.0,0.0,1500.0,0.0,1500.0,0.0,1500.0,0.0,1500.0
103684,Benedikt Dorsch,236.0,166.0,27.1,178.0,1467.912509737162,R,3,0.0,0.0,0.0,1475.532264918157,0.0,1500.0,0.0,1487.3466837686183,0.0,1500.0,0.0,1500.0
108979,Benito Jose Suriano,9999.0,0.0,17.0,0.0,1498.7169445885918,U,2,0.5,0.5,0.0,1483.263693206478,1.0,1514.59122126606,0.0,1500.0,0.0,1500.0,0.0,1500.0
104112,Benjamin Balleret,9999.0,0.0,41.6,185.0,1500.9769147203083,R,54,0.48148148148148145,0.4,0.3076923076923077,1443.951458864777,0.5526315789473685,1536.8164619402125,0.0,1500.0,0.3333333333333333,1485.7798933862748,0.0,1500.0
103794,Benjamin Becker,163.0,365.0,35.7,178.0,1504.7850694271483,R,363,0.4022038567493113,0.1,0.3888888888888889,1490.9222708413897,0.25,1400.5521848993717,0.5625,1570.99620881579,0.3333333333333333,1493.3074490692493,0.0,1500.0
126127,Benjamin Bonzi,124.0,473.0,28.4,183.0,1625.875368298023,R,100,0.44,0.5,0.463768115942029,1626.1679507643987,0.26666666666666666,1457.2286972208624,0.5,1520.968227682652,0.0,1500.0,0.0,1500.0
144813,Benjamin Hannestad,1094.0,8.0,20.5,0.0,1474.0940860877404,R,2,0.0,0.0,0.0,1474.1727137117502,0.0,1500.0,0.0,1500.0,0.0,1500.0,0.0,1500.0
133975,Benjamin Hassan,245.0,227.0,29.6,183.0,1562.5090686170836,R,25,0.6,0.4,0.5,1498.3393894020369,0.6923076923076923,1574.1875725728405,0.0,1500.0,0.0,1500.0,0.5,1500.736306793522
111761,Benjamin Lock,348.0,144.0,30.9,198.0,1519.4352016254331,R,12,0.5833333333333334,0.6,0.6363636363636364,1539.124247896259,0.0,1484.0,0.0,1500.0,0.0,1500.0,0.0,1500.0
106093,Benjamin Mitchell,231.0,225.0,23.0,183.0,1449.019188183411,R,5,0.0,0.0,0.0,1445.0573371158766,0.0,1500.0,0.0,1500.0,0.0,1500.0,0.0,1500.0
105332,Benoit Paire,227.0,261.0,35.1,196.0,1430.0753637540254,R,519,0.4508670520231214,0.2,0.4413793103448276,1512.0342673803714,0.46368715083798884,1433.858908489251,0.46,1521.3939616973707,0.0,1500.0,0.0,1500.0
126523,Bernabe Zapata Miralles,144.0,457.0,27.1,183.0,1466.7627540158433,R,92,0.34782608695652173,0.0,0.22580645161290322,1397.4273777097212,0.45454545454545453,1564.3979933984895,0.0,1421.1061903468792,0.0,1500.0,0.0,1500.0
106071,Bernard Tomic,233.0,253.0,28.3,196.0,1590.966998345325,R,352,0.5227272727272727,0.3,0.5605381165919282,1616.1391569259742,0.35,1434.3292047235655,0.5507246376811594,1601.2139232821523,0.0,1500.0,0.0,1500.0
101938,Bernardo Mota,744.0,16.0,32.7,178.0,1463.5520177407686,R,16,0.375,0.3,0.0,1451.7625654268265,0.5,1505.438460273675,0.0,1500.0,0.4,1489.6353884782675,0.0,1500.0
101463,Bernd Karbacher,442.0,51.0,32.2,185.0,1472.0771028838487,R,2,0.0,0.0,0.0,1484.0,0.0,1488.6454473290514,0.0,1500.0,0.0,1500.0,0.0,1500.0
102055,Bertrand Madsen,9999.0,0.0,31.8,0.0,1499.3716855109274,R,6,0.5,0.5,0.5,1502.6106811019376,0.5,1499.967265084014,0.0,1500.0,0.0,1500.0,0.0,1500.0
126129,Billy Harris,106.0,552.0,29.6,193.0,1542.737196473617,R,15,0.5333333333333333,0.5,0.4,1497.529885212415,0.0,1500.0,0.6,1519.0669501046054,0.0,1500.0,0.0,1500.0
102277,Bing Chao Lin,1010.0,5.0,26.4,180.0,1547.3004953020768,R,3,1.0,1.0,1.0,1516.0,1.0,1532.0,0.0,1500.0,0.0,1500.0,0.0,1500.0
106216,Bjorn Fratangelo,695.0,38.0,30.0,183.0,1531.9865778918422,R,62,0.3548387096774194,0.3,0.35,1511.9381598065927,0.3125,1489.6834674105735,0.5,1505.5251162905006,0.0,1500.0,0.0,1500.0
108663,Bjorn Munroe,9999.0,0.0,25.3,0.0,1442.2763255930856,R,4,0.0,0.0,0.0,1500.0,0.0,1438.547466363731,0.0,1500.0,0.0,1500.0,0.0,1500.0
103451,Bjorn Phau,223.0,219.0,34.3,175.0,1560.0512394775358,R,205,0.35121951219512193,0.5,0.38636363636363635,1515.4322836069273,0.35185185185185186,1502.121979537268,0.07142857142857142,1376.2419194773847,0.2,1458.109479789188,0.0,1500.0
103104,Bjorn Rehnquist,191.0,442.0,31.0,175.0,1478.5356377236642,R,14,0.2857142857142857,0.3,0.125,1448.4550188933415,0.5,1511.6212393226622,0.0,1500.0,0.0,1500.0,0.0,1500.0
209080,Blaise Bicknell,319.0,169.0,22.1,191.0,1533.9645100796838,R,8,0.625,0.625,0.75,1535.6080122621458,0.3333333333333333,1482.4550486523933,0.0,1500.0,0.0,1500.0,1.0,1516.0
106425,Blake Mott,481.0,74.0,24.7,180.0,1485.6612595649267,R,2,0.0,0.0,0.0,1482.3422888473688,0.0,1500.0,0.0,1500.0,0.0,1500.0,0.0,1500.0
104971,Blake Strode,393.0,95.0,24.5,188.0,1484.948567828972,R,1,0.0,0.0,0.0,1484.6828839544285,0.0,1500.0,0.0,1500.0,0.0,1500.0,0.0,1500.0
104882,Blaz Kavcic,285.0,148.0,32.9,188.0,1485.3766767590168,R,141,0.3829787234042553,0.2,0.3939393939393939,1493.264309339048,0.4107142857142857,1489.5910519695956,0.1875,1413.6098608053521,0.6666666666666666,1514.2572399722437,0.0,1500.0
105641,Blaz Rola,457.0,94.0,32.9,193.0,1489.6956997470318,L,35,0.4,0.3,0.3076923076923077,1464.26209586082,0.5,1517.0660946454186,0.25,1473.0852247025314,0.0,1500.0,0.0,1500.0
105101,Blazej Koniusz,524.0,49.0,19.9,0.0,1494.88090525432,R,1,0.0,0.0,0.0,1493.5736668112295,0.0,1500.0,0.0,1500.0,0.0,1500.0,0.0,1500.0
108601,Bob Borella,1147.0,3.0,20.0,0.0,1516.0,R,1,1.0,1.0,0.0,1500.0,1.0,1516.0,0.0,1500.0,0.0,1500.0,0.0,1500.0
103184,Bob Bryan,9999.0,0.0,31.1,193.0,1502.2304789422167,L,47,0.3617021276595745,0.4,0.25,1448.962787372647,0.375,1497.083979412059,0.5714285714285714,1522.5168164878783,0.0,1485.9814310882323,0.0,1500.0
104035,Bobby Reynolds,133.0,428.0,31.0,183.0,1467.4006897440813,R,100,0.27,0.3,0.26666666666666666,1415.8240436063704,0.3333333333333333,1490.0938839526066,0.25,1429.0312951908008,0.0,1500.0,0.0,1500.0
126613,Bogdan Borza,797.0,21.0,20.8,0.0,1514.037417106395,L,1,1.0,1.0,1.0,1514.7044981946015,0.0,1500.0,0.0,1500.0,0.0,1500.0,0.0,1500.0
102539,Bohdan Ulihrach,145.0,291.0,32.3,188.0,1459.7787653263713,R,187,0.45454545454545453,0.1,0.47058823529411764,1552.6556148886723,0.4583333333333333,1436.3103609757463,0.14285714285714285,1448.0080569804347,0.4782608695652174,1471.0945295334068,0.0,1500.0
210107,Bor Artnak,616.0,54.0,19.2,193.0,1466.3385263722216,R,6,0.3333333333333333,0.3333333333333333,0.0,1500.0,0.4,1485.5170230191654,0.0,1500.0,0.0,1500.0,0.0,1484.0
106262,Boris Arias,9999.0,0.0,30.2,185.0,1516.0,R,1,1.0,1.0,0.0,1500.0,1.0,1516.0,0.0,1500.0,0.0,1500.0,0.0,1500.0
104081,Boris Pashanski,174.0,307.0,30.2,180.0,1464.5145382129874,R,78,0.358974358974359,0.2,0.4,1520.3606918076316,0.3620689655172414,1437.6934230628347,0.0,1460.8814075474927,0.5,1500.603911509517,0.0,1500.0
106432,Borna Coric,96.0,595.0,27.9,188.0,1586.1223591351186,R,403,0.533498759305211,0.4,0.5310077519379846,1599.9285254229028,0.5537190082644629,1629.9098761243752,0.4583333333333333,1525.666579125494,0.0,1500.0,0.0,1500.0
127339,Borna Gojo,439.0,98.0,26.5,196.0,1646.0581292280815,R,42,0.47619047619047616,0.5,0.5135135135135135,1637.338633963281,0.3333333333333333,1493.042232669425,0.0,1464.667685859228,0.0,1500.0,0.0,1500.0
104046,Bostjan Osabnik,381.0,76.0,23.1,0.0,1489.5654165238318,R,7,0.42857142857142855,0.42857142857142855,0.5,1504.2088543007671,0.3333333333333333,1483.045410564629,0.0,1500.0,0.0,1500.0,0.0,1500.0
122298,Botic Van De Zandschulp,80.0,712.0,29.1,191.0,1633.512758049154,R,180,0.5055555555555555,0.3,0.5041322314049587,1612.951199479183,0.525,1576.707540796032,0.47368421052631576,1516.0658836672492,0.0,1500.0,0.0,1500.0
105999,Bowen Ouyang,1098.0,9.0,22.3,186.0,1490.0111314221326,L,1,0.0,0.0,0.0,1483.5367718444622,0.0,1500.0,0.0,1500.0,0.0,1500.0,0.0,1500.0
104627,Boy Westerhof,236.0,195.0,27.7,0.0,1485.381399059223,R,1,0.0,0.0,0.0,1500.0,0.0,1483.580349408194,0.0,1500.0,0.0,1500.0,0.0,1500.0
105614,Bradley Klahn,797.0,26.0,32.9,183.0,1446.1825573876386,L,56,0.23214285714285715,0.2,0.2558139534883721,1452.0711675096313,0.0,1440.0012638332264,0.2222222222222222,1452.9367054567447,0.0,1500.0,0.0,1500.0
108712,Brandon Burke,9999.0,0.0,16.4,0.0,1481.7328452052027,U,1,0.0,0.0,0.0,1500.0,0.0,1482.8085678391872,0.0,1500.0,0.0,1500.0,0.0,1500.0
200587,Brandon Holt,227.0,255.0,26.3,185.0,1468.8228431226244,R,9,0.2222222222222222,0.2222222222222222,0.2222222222222222,1464.3883975469914,0.0,1500.0,0.0,1500.0,0.0,1500.0,0.0,1500.0
206909,Brandon Nakashima,37.0,1350.0,23.2,188.0,1692.7696639332942,R,174,0.5402298850574713,0.3,0.5590551181102362,1664.2933257963007,0.4782608695652174,1541.4461049004103,0.5,1530.3458206672838,0.0,1500.0,0.0,1500.0
207738,Brandon Perez,1921.0,1.0,21.6,191.0,1479.1434725687657,L,2,0.0,0.0,0.0,1494.4964502019532,0.0,1484.0,0.0,1500.0,0.0,1500.0,0.0,1500.0
210025,Branko Djuric,781.0,30.0,19.7,188.0,1483.2912690905557,R,1,0.0,0.0,0.0,1482.8430884000788,0.0,1500.0,0.0,1500.0,0.0,1500.0,0.0,1500.0
111790,Brayden Schnur,238.0,264.0,26.5,193.0,1400.6103780632686,R,23,0.17391304347826086,0.0,0.2,1413.043755495609,0.0,1500.0,0.0,1456.5146930755727,0.0,1500.0,0.0,1500.0
104717,Brendan Evans,318.0,125.0,24.2,188.0,1465.1479571863438,R,21,0.2857142857142857,0.4,0.14285714285714285,1407.8996752706944,0.0,1500.0,0.5714285714285714,1517.1464318167868,0.0,1500.0,0.0,1500.0
108946,Brett Baudinet,9999.0,0.0,25.2,0.0,1452.9283245554097,R,3,0.0,0.0,0.0,1466.494852821858,0.0,1500.0,0.0,1500.0,0.0,1484.0,0.0,1500.0
104548,Brian Baker,312.0,157.0,31.3,190.0,1520.0792507983288,R,59,0.3389830508474576,0.2,0.25,1429.2493566419244,0.5555555555555556,1550.1943785200801,0.5,1522.6104645862215,0.0,1500.0,0.0,1500.0
104314,Brian Dabul,164.0,332.0,27.3,170.0,1463.962450841324,L,40,0.325,0.2,0.3333333333333333,1488.0231466149485,0.3157894736842105,1446.3823736798736,0.3333333333333333,1475.984740088213,0.0,1500.0,0.0,1500.0
106664,Brian Hung,9999.0,0.0,23.8,0.0,1515.0750221050164,R,1,1.0,1.0,1.0,1515.097536852175,0.0,1500.0,0.0,1500.0,0.0,1500.0,0.0,1500.0
102053,Brian Macphie,419.0,59.0,27.7,180.0,1503.826850722369,L,2,0.5,0.5,0.5,1503.9129203122457,0.0,1500.0,0.0,1500.0,0.0,1500.0,0.0,1500.0
208108,Brian Shi,9999.0,0.0,19.9,0.0,1488.0316132320665,R,1,0.0,0.0,0.0,1487.176283811512,0.0,1500.0,0.0,1500.0,0.0,1500.0,0.0,1500.0
103408,Brian Vahaly,164.0,246.0,26.6,183.0,1394.5998975785421,R,63,0.31746031746031744,0.3,0.3404255319148936,1395.4086558250283,0.16666666666666666,1458.1317262817695,0.3,1456.9753394342306,0.0,1500.0,0.0,1500.0
104001,Brian Wilson,249.0,161.0,24.7,190.0,1464.8800622719568,R,5,0.2,0.2,0.25,1470.6306558443953,0.0,1500.0,0.0,1484.0,0.0,1500.0,0.0,1500.0
105773,Bruno Abdel Nour,1135.0,4.0,20.1,0.0,1516.6685209078992,U,1,1.0,1.0,1.0,1516.6719386724233,0.0,1500.0,0.0,1500.0,0.0,1500.0,0.0,1500.0
104896,Bruno Agostinelli,1171.0,7.0,22.3,0.0,1483.5823975272501,R,3,0.3333333333333333,0.3333333333333333,0.0,1481.4834065712514,0.5,1505.9950204313673,0.0,1500.0,0.0,1500.0,0.0,1500.0
200621,Bruno Britez,9999.0,0.0,18.6,0.0,1489.0464741005965,R,3,0.3333333333333333,0.3333333333333333,0.0,1487.4686200034446,0.5,1497.3923965498468,0.0,1500.0,0.0,1500.0,0.0,1500.0
104179,Bruno Echagaray,356.0,187.0,25.8,183.0,1468.7030011147178,R,13,0.3076923076923077,0.4,0.5,1507.4573187245312,0.3333333333333333,1491.2718327228793,0.0,1500.0,0.0,1468.766810297684,0.0,1500.0
104823,Bruno Rodriguez,914.0,12.0,25.8,0.0,1515.4264776636765,R,5,0.6,0.6,0.0,1500.0,0.6666666666666666,1514.4893641712222,0.0,1500.0,0.5,1499.263693206478,0.0,1500.0
104680,Bruno Rosa,1124.0,4.0,18.4,0.0,1483.9503495079275,R,1,0.0,0.0,0.0,1483.6403859344236,0.0,1500.0,0.0,1500.0,0.0,1500.0,0.0,1500.0
103946,Bruno Soares,9999.0,0.0,29.3,180.0,1531.1787347272013,R,2,1.0,1.0,0.0,1500.0,1.0,1530.41815520911,0.0,1500.0,0.0,1500.0,0.0,1500.0
105454,Brydan Klein,235.0,214.0,27.5,183.0,1451.4754773598884,R,14,0.21428571428571427,0.2,0.25,1461.5446923754382,0.0,1500.0,0.16666666666666666,1455.5031906700422,0.0,1500.0,0.0,1500.0
207352,Bu Yunchaokete,72.0,749.0,22.7,185.0,1610.8926933024488,R,17,0.5294117647058824,0.6,0.5625,1605.9490127791341,0.0,1479.7624382524525,0.0,1500.0,0.0,1500.0,0.0,1500.0
101647,Byron Black,265.0,116.0,32.9,175.0,1479.153981655417,R,85,0.4588235294117647,0.3,0.43859649122807015,1458.2556610451727,0.16666666666666666,1445.6861921945888,0.6842105263157895,1582.6343002650829,0.0,1453.1025213440275,0.0,1500.0
104738,Caio Zampieri,316.0,145.0,24.6,183.0,1512.3799317369314,R,4,0.5,0.5,1.0,1517.371794938348,0.3333333333333333,1498.2169661626986,0.0,1500.0,0.0,1500.0,0.0,1500.0
207531,Caleb Chakravarthi,9999.0,0.0,23.0,0.0,1489.9172362546524,U,1,0.0,0.0,0.0,1490.4274315873226,0.0,1500.0,0.0,1500.0,0.0,1500.0,0.0,1500.0
123921,Calvin Hemery,205.0,307.0,28.7,191.0,1445.1491638680343,R,11,0.18181818181818182,0.2,0.0,1445.5097099862492,0.2857142857142857,1490.2961748695402,0.0,1500.0,0.0,1500.0,0.0,1500.0
111815,Cameron Norrie,57.0,962.0,29.2,188.0,1693.0606706998115,L,357,0.5686274509803921,0.5,0.5590909090909091,1695.4342601581511,0.6041666666666666,1701.7688755957968,0.5365853658536586,1606.7623726287425,0.0,1500.0,0.0,1500.0
200116,Camilo Ugo Carabelli,93.0,608.0,25.1,185.0,1486.9033427417642,R,13,0.3076923076923077,0.2,0.0,1481.6214287035734,0.36363636363636365,1497.387294056303,0.0,1500.0,0.0,1500.0,0.0,1500.0
104613,Candy Idoko,1090.0,6.0,21.7,175.0,1484.0,R,1,0.0,0.0,0.0,1484.0,0.0,1500.0,0.0,1500.0,0.0,1500.0,0.0,1500.0
144797,Carl Soderlund,479.0,79.0,19.1,188.0,1507.8912939951315,R,2,0.5,0.5,0.0,1500.0,0.5,1506.600496172415,0.0,1500.0,0.0,1500.0,0.0,1500.0
108973,Carl Sundberg,9999.0,0.0,18.5,0.0,1531.0548430018096,U,2,1.0,1.0,1.0,1515.6734521814565,1.0,1516.0,0.0,1500.0,0.0,1500.0,0.0,1500.0
207989,Carlos Alcaraz,3.0,7010.0,21.5,183.0,2060.3236266675995,R,256,0.79296875,0.6,0.7480916030534351,1974.6989925230691,0.826530612244898,2002.5184567755057,0.8888888888888888,1811.428380779908,0.0,1500.0,0.0,1500.0
108954,Carlos Alvarez,1488.0,1.0,19.1,0.0,1484.0,R,1,0.0,0.0,0.0,1500.0,0.0,1484.0,0.0,1500.0,0.0,1500.0,0.0,1500.0
104008,Carlos Avellan,321.0,205.0,26.9,0.0,1529.9179188134565,R,16,0.5625,0.6,0.6,1512.7714315090916,0.5454545454545454,1520.1840247865623,0.0,1500.0,0.0,1500.0,0.0,1500.0
104122,Carlos Berlocq,177.0,299.0,36.1,183.0,1501.518417080572,R,313,0.40894568690095845,0.1,0.3125,1534.6330807219185,0.4666666666666667,1493.7955188302794,0.21739130434782608,1388.9464062367997,0.0,1500.0,0.0,1500.0
104196,Carlos Cuadrado,225.0,170.0,22.8,180.0,1519.8786015686726,R,8,0.5,0.5,0.0,1500.0,0.5,1517.2259305702044,0.0,1500.0,0.0,1500.0,0.0,1500.0
202197,Carlos Gimeno Valero,369.0,114.0,20.8,191.0,1495.8930153864085,R,1,0.0,0.0,0.0,1500.0,0.0,1488.4537417057893,0.0,1500.0,0.0,1500.0,0.0,1500.0
105529,Carlos Gomez Herrera,671.0,30.0,22.0,191.0,1487.04389926691,R,1,0.0,0.0,0.0,1500.0,0.0,1486.6651819571234,0.0,1500.0,0.0,1500.0,0.0,1500.0
102845,Carlos Moya,514.0,55.0,33.7,190.0,1591.2363273039373,R,570,0.6508771929824562,0.3,0.5976095617529881,1614.0385694674942,0.7074829931972789,1621.0148697771808,0.46153846153846156,1518.1901792283745,0.5833333333333334,1550.3789745522436,0.0,1500.0
103826,Carlos Palencia,557.0,44.0,25.0,0.0,1515.3842988018966,R,3,0.6666666666666666,0.6666666666666666,1.0,1531.263693206478,0.0,1486.9753158380558,0.0,1500.0,0.0,1500.0,0.0,1500.0
104113,Carlos Salamanca,310.0,139.0,30.4,196.0,1478.4285296743537,L,8,0.375,0.375,0.0,1459.2093459005137,0.75,1530.9212233862809,0.0,1500.0,0.0,1484.0,0.0,1500.0
126535,Carlos Taberner,352.0,144.0,26.6,183.0,1492.71028603127,R,36,0.3333333333333333,0.2,0.4,1508.2303782353622,0.32,1461.6360412314477,0.0,1481.507041925384,0.0,1500.0,0.0,1500.0
108787,Carlos Taborga,9999.0,0.0,20.8,0.0,1484.0,R,1,0.0,0.0,0.0,1484.0,0.0,1500.0,0.0,1500.0,0.0,1500.0,0.0,1500.0
104958,Carsten Ball,158.0,344.0,23.5,198.0,1522.2800489160384,L,24,0.4166666666666667,0.3,0.35294117647058826,1478.580828053003,0.6666666666666666,1542.1175158893818,0.0,1484.0,0.0,1500.0,0.0,1500.0
134770,Casper Ruud,7.0,3855.0,25.8,183.0,1766.9213960378136,R,384,0.6484375,0.3,0.5674157303370787,1700.303766942122,0.7371134020618557,1877.8984915888173,0.4166666666666667,1487.5446929405205,0.0,1500.0,0.0,1500.0
103805,Catalin Gard,250.0,151.0,26.1,0.0,1487.9772231092647,R,1,0.0,0.0,0.0,1500.0,0.0,1484.8262206443176,0.0,1500.0,0.0,1500.0,0.0,1500.0
201995,Cayetano March,700.0,33.0,21.6,175.0,1501.4681776468776,R,2,0.5,0.5,0.5,1501.8592588228564,0.0,1500.0,0.0,1500.0,0.0,1500.0,0.0,1500.0
102821,Cecil Mamiit,9999.0,0.0,35.2,173.0,1376.1072634112268,R,113,0.3274336283185841,0.1,0.35,1419.6698029654633,0.23529411764705882,1409.0274787593544,0.25,1424.4973024619933,0.5,1500.7873220558163,0.0,1500.0
102735,Cedric Kauffmann,250.0,138.0,25.2,0.0,1475.6336943781625,R,2,0.0,0.0,0.0,1481.2849638830603,0.0,1483.4091925974403,0.0,1500.0,0.0,1500.0,0.0,1500.0
101611,Cedric Pioline,120.0,340.0,33.3,188.0,1483.858863802757,R,113,0.48672566371681414,0.1,0.5094339622641509,1520.6091233558525,0.5609756097560976,1545.2268024528398,0.38461538461538464,1458.8817498043538,0.0,1422.9169031510355,0.0,1500.0
105649,Cedrik Marcel Stebe,231.0,269.0,31.3,183.0,1571.4486172375946,L,77,0.38961038961038963,0.4,0.3333333333333333,1514.9466121412588,0.48484848484848486,1579.725001129288,0.25,1468.3297144035653,0.0,1500.0,0.0,1500.0
117356,Cem Ilkel,474.0,87.0,29.0,185.0,1397.1694504471845,R,41,0.24390243902439024,0.4,0.34615384615384615,1460.2298319918325,0.0,1369.326182396456,0.0,1453.7355460839728,0.0,1500.0,1.0,1516.0
211570,Cesar Cruz,9999.0,0.0,17.9,0.0,1437.5520116994644,U,4,0.0,0.0,0.0,1467.582282214069,0.0,1467.9492946913151,0.0,1500.0,0.0,1500.0,0.0,1500.0
108707,Cesar Escobar Serrano,9999.0,0.0,16.7,0.0,1483.8938047495867,U,1,0.0,0.0,0.0,1483.9291703179917,0.0,1500.0,0.0,1500.0,0.0,1500.0,0.0,1500.0
105471,Cesar Ramirez,660.0,37.0,24.1,180.0,1471.6177513083499,R,18,0.3888888888888889,0.3,0.0,1467.3854788009764,0.4666666666666667,1505.4757648558536,0.0,1500.0,0.0,1485.4008374740456,0.0,1500.0
206470,Cezar Cretu,292.0,182.0,23.3,188.0,1530.1598751425474,R,2,1.0,1.0,1.0,1529.9309766870736,0.0,1500.0,0.0,1500.0,0.0,1500.0,0.0,1500.0
208597,Chak Lam Coleman Wong,9999.0,0.0,19.5,0.0,1491.7614330645326,R,1,0.0,0.0,0.0,1488.3785775597398,0.0,1500.0,0.0,1500.0,0.0,1500.0,0.0,1500.0
105463,Charalampos Kapogiannis,949.0,13.0,24.2,0.0,1455.9669463782216,R,3,0.0,0.0,0.0,1500.0,0.0,1451.7874248521748,0.0,1500.0,0.0,1500.0,0.0,1500.0
200277,Charles Broom,248.0,242.0,26.1,178.0,1476.0815551183573,R,2,0.0,0.0,0.0,1500.0,0.0,1500.0,0.0,1473.6841199607961,0.0,1500.0,0.0,1500.0
108938,Charles Irie,9999.0,0.0,20.0,0.0,1483.6553813355347,R,1,0.0,0.0,0.0,1500.0,0.0,1484.1000112405557,0.0,1500.0,0.0,1500.0,0.0,1500.0
105783,Chase Buchanan,172.0,302.0,23.1,193.0,1486.3266770036655,R,2,0.0,0.0,0.0,1486.308636397356,0.0,1500.0,0.0,1500.0,0.0,1500.0,0.0,1500.0
103068,Chemseddine Belal,553.0,31.0,23.4,180.0,1483.8102985806242,R,1,0.0,0.0,0.0,1500.0,0.0,1486.7378218379733,0.0,1500.0,0.0,1500.0,0.0,1500.0
106396,Cheng Yu Yu,699.0,30.0,22.8,0.0,1484.0,R,1,0.0,0.0,0.0,1484.0,0.0,1500.0,0.0,1500.0,0.0,1500.0,0.0,1500.0
108728,Cheuk Wai Hui,9999.0,0.0,24.9,0.0,1499.5074291185983,R,2,0.5,0.5,0.5,1496.6838381881184,0.0,1500.0,0.0,1500.0,0.0,1500.0,0.0,1500.0
102543,Chia Yen Tsai,1245.0,2.0,25.5,0.0,1486.5449457109205,R,5,0.4,0.4,0.3333333333333333,1486.6066528483254,0.5,1500.736306793522,0.0,1500.0,0.0,1500.0,0.0,1500.0
106237,Chieh Fu Wang,1047.0,10.0,22.0,0.0,1514.6063182112123,U,3,0.6666666666666666,0.6666666666666666,0.6666666666666666,1514.3564777562997,0.0,1500.0,0.0,1500.0,0.0,1500.0,0.0,1500.0
205695,Ching Lam,9999.0,0.0,20.4,0.0,1484.6241818112844,R,1,0.0,0.0,0.0,1484.468789477193,0.0,1500.0,0.0,1500.0,0.0,1500.0,0.0,1500.0
108764,Chris Brandi,9999.0,0.0,28.6,0.0,1517.1980024701106,U,3,0.6666666666666666,0.6666666666666666,0.6666666666666666,1516.032274952924,0.0,1500.0,0.0,1500.0,0.0,1500.0,0.0,1500.0
105052,Chris Eaton,383.0,166.0,21.2,188.0,1513.2763049093655,R,4,0.5,0.5,0.5,1505.6365780279075,0.0,1500.0,0.5,1504.5946877792921,0.0,1500.0,0.0,1500.0
104589,Chris Guccione,613.0,45.0,28.8,201.0,1515.4564210327592,L,108,0.39814814814814814,0.2,0.44594594594594594,1545.6210911414619,0.14285714285714285,1404.619415130056,0.4,1443.2598724610652,0.0,1500.0,0.0,1500.0
108649,Chris Numbers,9999.0,0.0,30.5,0.0,1485.4666376287587,U,1,0.0,0.0,0.0,1484.0,0.0,1500.0,0.0,1500.0,0.0,1500.0,0.0,1500.0
208210,Chris Rodesch,507.0,77.0,23.1,198.0,1504.2204817566349,R,7,0.5714285714285714,0.5714285714285714,0.5,1496.7096755730988,0.5,1499.2619249641323,0.0,1500.0,0.0,1500.0,1.0,1516.0
102162,Chris Woodruff,156.0,248.0,29.1,188.0,1460.8692678857776,R,71,0.4225352112676056,0.3,0.4716981132075472,1497.8164786255936,0.2,1411.8602360227228,0.3333333333333333,1477.7940779380453,0.5,1500.113145409302,0.0,1500.0
125571,Christian Garay,9999.0,0.0,19.3,0.0,1516.810763206454,U,5,0.6,0.6,0.6,1517.7949953656048,0.0,1500.0,0.0,1500.0,0.0,1500.0,0.0,1500.0
106328,Christian Harrison,251.0,210.0,28.0,180.0,1541.5583404017764,R,14,0.42857142857142855,0.5,0.4444444444444444,1518.7902631443033,0.0,1488.8008040938246,0.5,1507.6549777842965,0.0,1500.0,0.0,1500.0
105872,Christian Lindell,363.0,127.0,25.3,193.0,1464.225914311676,R,18,0.2777777777777778,0.4,0.0,1452.5201461028755,0.3333333333333333,1484.1135580779376,0.0,1500.0,0.0,1500.0,0.0,1500.0
102104,Christian Ruud,162.0,246.0,28.6,188.0,1470.732690124356,R,32,0.375,0.4,0.16666666666666666,1460.5898560577793,0.4782608695652174,1499.413575956845,0.0,1468.7626406976858,0.0,1484.0,0.0,1500.0
108714,Christian Saravia,9999.0,0.0,19.3,0.0,1483.7307302447425,U,1,0.0,0.0,0.0,1500.0,0.0,1484.7019167312465,0.0,1500.0,0.0,1500.0,0.0,1500.0
144841,Christian Sigsgaard,820.0,19.0,25.4,188.0,1484.2357224017949,R,7,0.42857142857142855,0.42857142857142855,0.25,1478.6041153746608,0.0,1500.0,0.0,1485.677362730102,1.0,1531.263693206478,0.0,1500.0
102652,Christian Vinck,267.0,108.0,27.4,183.0,1353.760328220153,L,37,0.2702702702702703,0.1,0.23529411764705882,1413.0225550089476,0.2,1426.405545757729,0.5,1499.9907719771782,0.0,1466.7273418734644,0.0,1500.0
109698,Christoffer Konigsfeldt,9999.0,0.0,28.7,0.0,1470.7749117107485,R,2,0.0,0.0,0.0,1470.9758657334796,0.0,1500.0,0.0,1500.0,0.0,1500.0,0.0,1500.0
102971,Christophe Bosio,1152.0,3.0,24.2,0.0,1436.4886450716474,R,4,0.0,0.0,0.0,1500.0,0.0,1441.983627515008,0.0,1500.0,0.0,1500.0,0.0,1500.0
103070,Christophe Pognon,9999.0,0.0,22.9,0.0,1494.4817296636568,R,1,0.0,0.0,0.0,1490.2719356108469,0.0,1500.0,0.0,1500.0,0.0,1500.0,0.0,1500.0
103294,Christophe Rochus,160.0,302.0,31.5,170.0,1396.9461782896983,R,319,0.3510971786833856,0.0,0.31666666666666665,1400.5919911631386,0.4267515923566879,1478.587895819886,0.12,1313.755325576664,0.23529411764705882,1420.1928326516997,0.0,1500.0
144776,Christophe Tholl,9999.0,0.0,23.1,0.0,1443.1299506375422,R,4,0.0,0.0,0.0,1457.1023183558923,0.0,1483.2777360110827,0.0,1500.0,0.0,1500.0,0.0,1500.0
105499,Christopher Diaz Figueroa,630.0,42.0,27.8,0.0,1506.9948481085255,R,23,0.4782608695652174,0.5,0.5882352941176471,1546.1387613368272,0.16666666666666666,1443.510019682747,0.0,1500.0,0.0,1500.0,0.0,1500.0
108898,Christopher Eldon,9999.0,0.0,18.9,0.0,1458.994702157498,U,3,0.0,0.0,0.0,1471.2930391282346,0.0,1484.4590241060446,0.0,1500.0,0.0,1500.0,0.0,1500.0
111153,Christopher Eubanks,106.0,545.0,28.3,201.0,1572.0546755470868,R,103,0.39805825242718446,0.5,0.36231884057971014,1542.7508203820037,0.1111111111111111,1435.2995699929534,0.6,1576.7313174547266,0.0,1500.0,0.0,1500.0
103577,Christopher Kas,9999.0,0.0,32.6,188.0,1481.0236046849714,R,2,0.0,0.0,0.0,1489.6675032529167,0.0,1491.1006434745125,0.0,1500.0,0.0,1500.0,0.0,1500.0
106764,Christopher Koderisch,1355.0,1.0,18.5,180.0,1491.2592836939727,U,1,0.0,0.0,0.0,1500.0,0.0,1500.0,0.0,1483.8685585871965,0.0,1500.0,0.0,1500.0
108974,Christopher Koutrouzas,9999.0,0.0,23.5,0.0,1449.2264707156708,U,3,0.0,0.0,0.0,1481.2545634553512,0.0,1483.6657818799715,0.0,1500.0,0.0,1484.0,0.0,1500.0
108711,Christopher Lawson,9999.0,0.0,20.0,0.0,1470.5083228405983,U,2,0.0,0.0,0.0,1484.0632947708843,0.0,1483.5666974531068,0.0,1500.0,0.0,1500.0,0.0,1500.0
106331,Christopher Oconnell,71.0,765.0,30.4,183.0,1623.9043095479674,R,113,0.39823008849557523,0.4,0.4125,1599.5804525105923,0.34782608695652173,1458.5834679422153,0.4,1508.481181118753,0.0,1500.0,0.0,1500.0
105464,Christopher Rungkat,9999.0,0.0,33.0,175.0,1582.9946171464653,R,31,0.6129032258064516,0.6,0.5714285714285714,1553.3469011855811,1.0,1531.263693206478,0.0,1500.0,0.0,1500.0,1.0,1516.0
108778,Christos Hadjigeorgiou,9999.0,0.0,18.8,0.0,1443.0324571725603,R,4,0.0,0.0,0.0,1444.7470569642294,0.0,1500.0,0.0,1500.0,0.0,1500.0,0.0,1500.0
105006,Chu Huan Yi,514.0,54.0,22.4,178.0,1470.2433657009742,L,2,0.0,0.0,0.0,1468.4735959950106,0.0,1500.0,0.0,1500.0,0.0,1500.0,0.0,1500.0
105934,Chuhan Wang,378.0,113.0,23.0,188.0,1498.120291967817,R,3,0.3333333333333333,0.3333333333333333,0.3333333333333333,1491.6379099241276,0.0,1500.0,0.0,1500.0,0.0,1500.0,0.0,1500.0
202358,Chun Hsin Tseng,121.0,489.0,23.0,175.0,1410.4960580948155,R,30,0.23333333333333334,0.2,0.24,1396.533623077173,0.25,1478.6868597622233,0.0,1482.5215834892647,0.0,1500.0,0.0,1500.0
124022,Chun Hun Wong,978.0,11.0,22.4,170.0,1470.9171294597325,R,2,0.0,0.0,0.0,1470.8943415188587,0.0,1500.0,0.0,1500.0,0.0,1500.0,0.0,1500.0
102556,Claude Ngoran,9999.0,0.0,30.3,190.0,1520.6800520958936,L,20,0.6,0.4,0.5,1497.3240945469854,0.75,1549.0753969596149,0.0,1500.0,0.5,1496.81429168976,0.0,1500.0
108738,Claudio Dias Conduto,9999.0,0.0,16.5,0.0,1484.0,U,1,0.0,0.0,0.0,1500.0,0.0,1484.0,0.0,1500.0,0.0,1500.0,0.0,1500.0
110636,Clay Thompson,2159.0,1.0,22.1,0.0,1486.2612647628428,R,1,0.0,0.0,0.0,1500.0,0.0,1500.0,0.0,1483.2419034204768,0.0,1500.0,0.0,1500.0
103216,Clemens Trimmel,148.0,267.0,22.8,185.0,1462.4423405113073,R,3,0.0,0.0,0.0,1500.0,0.0,1474.7881532775618,0.0,1500.0,0.0,1486.0051638497284,0.0,1500.0
206889,Clement Chidekh,434.0,101.0,21.6,180.0,1482.9430302891,R,1,0.0,0.0,0.0,1482.2107257433101,0.0,1500.0,0.0,1500.0,0.0,1500.0,0.0,1500.0
210680,Clement Mainguy,9999.0,0.0,19.9,0.0,1470.4968350675485,U,2,0.0,0.0,0.0,1500.0,0.0,1500.0,0.0,1500.0,0.0,1500.0,0.0,1468.0
104402,Clement Morel,712.0,40.0,24.9,0.0,1497.2472771888108,R,2,0.5,0.5,0.0,1500.0,0.5,1497.1930448915807,0.0,1500.0,0.0,1500.0,0.0,1500.0
104256,Clement Reix,502.0,64.0,28.9,0.0,1515.414731738873,U,2,0.5,0.5,0.5,1511.3050055066403,0.0,1500.0,0.0,1500.0,0.0,1500.0,0.0,1500.0
108997,Clint Bowles,1401.0,2.0,19.2,0.0,1487.8369380163203,L,1,0.0,0.0,0.0,1486.2224148749876,0.0,1500.0,0.0,1500.0,0.0,1500.0,0.0,1500.0
103043,Coenie Van Wyk,9999.0,0.0,33.8,0.0,1516.0,R,1,1.0,1.0,1.0,1516.0,0.0,1500.0,0.0,1500.0,0.0,1500.0,0.0,1500.0
211415,Cole Gromley,9999.0,0.0,19.5,0.0,1487.664782444592,U,1,0.0,0.0,0.0,1484.7637908935242,0.0,1500.0,0.0,1500.0,0.0,1500.0,0.0,1500.0
209409,Coleman Wong,133.0,452.0,20.3,191.0,1498.9335686916638,R,14,0.42857142857142855,0.4,0.46153846153846156,1501.081343753277,0.0,1500.0,0.0,1485.9831839687952,0.0,1500.0,0.0,1500.0
104456,Colin Ebelthite,254.0,300.0,24.1,0.0,1484.214457488927,R,1,0.0,0.0,0.0,1484.1920688821751,0.0,1500.0,0.0,1500.0,0.0,1500.0,0.0,1500.0
104415,Colin Fleming,721.0,21.0,27.0,188.0,1499.9105341028937,R,3,0.3333333333333333,0.3333333333333333,1.0,1518.2695509425716,0.0,1500.0,0.0,1471.44717009187,0.0,1500.0,0.0,1500.0
104352,Colin Obrien,1004.0,8.0,28.9,0.0,1527.2093584625975,L,5,0.6,0.6,0.5,1508.8192896259263,1.0,1515.292825664219,0.5,1499.9354186575704,0.0,1500.0,0.0,1500.0
124040,Colin Sinclair,461.0,88.0,28.1,188.0,1502.5049131923176,R,2,0.5,0.5,0.0,1500.0,0.0,1500.0,0.0,1500.0,0.0,1500.0,0.5,1500.0
123768,Collin Altamirano,345.0,128.0,22.7,188.0,1478.8897039147314,R,2,0.0,0.0,0.0,1476.35212010801,0.0,1500.0,0.0,1500.0,0.0,1500.0,0.0,1500.0
138485,Conner Huertas Del Pino,586.0,52.0,27.1,188.0,1516.0,R,1,1.0,1.0,0.0,1500.0,0.0,1500.0,0.0,1500.0,0.0,1500.0,1.0,1516.0
149843,Conor Gannon,1294.0,5.0,22.2,0.0,1478.0665012963689,U,3,0.3333333333333333,0.3333333333333333,0.0,1500.0,0.3333333333333333,1482.6461218487839,0.0,1500.0,0.0,1500.0,0.0,1500.0
103851,Conor Niland,312.0,139.0,30.5,185.0,1459.4730929951033,R,25,0.36,0.4,0.5,1516.247718366113,0.3333333333333333,1467.2232175446748,0.2,1457.1884496973794,0.375,1469.1352649315836,0.0,1500.0
106005,Constant Lestienne,111.0,527.0,32.2,180.0,1444.281645478963,R,53,0.3018867924528302,0.1,0.36585365853658536,1469.8653299878358,0.0,1443.0649082220127,0.14285714285714285,1425.0844934774248,0.0,1500.0,0.0,1500.0
144777,Constantinos Ioannides,9999.0,0.0,18.8,0.0,1484.0,R,1,0.0,0.0,0.0,1500.0,0.0,1484.0,0.0,1500.0,0.0,1500.0,0.0,1500.0
144895,Corentin Moutet,66.0,804.0,25.5,180.0,1570.4198682793533,L,147,0.41496598639455784,0.2,0.42028985507246375,1507.918136171829,0.4126984126984127,1573.6081112480979,0.4,1493.8026150003602,0.0,1500.0,0.0,1500.0
144747,Courtney John Lock,9999.0,0.0,27.2,193.0,1455.6603627855116,R,3,0.0,0.0,0.0,1455.6769601614355,0.0,1500.0,0.0,1500.0,0.0,1500.0,0.0,1500.0
106426,Cristian Garin,115.0,508.0,28.2,185.0,1664.864702192965,R,245,0.5224489795918368,0.5,0.3793103448275862,1560.6028025158382,0.6187050359712231,1653.9916488398694,0.47368421052631576,1541.8310061855293,0.0,1500.0,0.0,1500.0
103829,Cristian Paiz,1138.0,9.0,27.8,0.0,1486.4358895269859,U,7,0.42857142857142855,0.42857142857142855,0.42857142857142855,1489.7940477155173,0.0,1500.0,0.0,1500.0,0.0,1500.0,0.0,1500.0
105578,Cristian Rodriguez,388.0,106.0,27.6,180.0,1516.0,R,1,1.0,1.0,1.0,1516.0,0.0,1500.0,0.0,1500.0,0.0,1500.0,0.0,1500.0
101750,Cristiano Caratti,401.0,73.0,33.3,178.0,1386.8028961111752,R,13,0.15384615384615385,0.1,0.14285714285714285,1417.543088420722,0.0,1500.0,0.2,1457.1680170647078,0.0,1484.0,0.0,1500.0
105601,Cristobal Saavedra Corvalan,410.0,83.0,19.9,0.0,1469.0774004204006,R,2,0.0,0.0,0.0,1500.0,0.0,1467.6843209054293,0.0,1500.0,0.0,1500.0,0.0,1500.0
108740,Cyril Jacobe,9999.0,0.0,29.0,0.0,1369.433751906134,U,9,0.0,0.0,0.0,1380.350245232856,0.0,1485.3439050962456,0.0,1500.0,0.0,1500.0,0.0,1500.0
102642,Cyril Saulnier,259.0,151.0,31.4,190.0,1550.1065572396033,R,176,0.4034090909090909,0.4,0.40707964601769914,1523.260803043749,0.13333333333333333,1415.1103252650198,0.391304347826087,1467.7369742624721,0.56,1550.1011273695158,0.0,1500.0
202316,Dac Tien Nguyen,1859.0,1.0,24.0,0.0,1470.2545623399938,R,2,0.0,0.0,0.0,1481.585858589206,0.0,1500.0,0.0,1500.0,0.0,1500.0,0.0,1484.0
207494,Dalibor Svrcina,194.0,315.0,21.3,178.0,1494.1361172823822,R,6,0.3333333333333333,0.3333333333333333,0.3333333333333333,1477.631942183656,0.0,1500.0,0.0,1500.0,0.0,1500.0,0.0,1500.0
108941,Damar Johnson,9999.0,0.0,25.1,0.0,1485.3511178647766,U,3,0.3333333333333333,0.3333333333333333,0.5,1504.8354026046857,0.0,1481.987569231459,0.0,1500.0,0.0,1500.0,0.0,1500.0
104208,Damian Patriarca,284.0,128.0,23.0,0.0,1484.0,R,1,0.0,0.0,0.0,1500.0,0.0,1484.0,0.0,1500.0,0.0,1500.0,0.0,1500.0
108958,Damion Johnson,9999.0,0.0,23.8,0.0,1433.4646855919966,R,5,0.0,0.0,0.0,1474.7691308348665,0.0,1454.3137173135553,0.0,1500.0,0.0,1500.0,0.0,1500.0
106000,Damir Dzumhur,100.0,584.0,32.4,175.0,1510.1432315788934,R,258,0.46124031007751937,0.4,0.44970414201183434,1451.841727337766,0.45714285714285713,1552.268999677632,0.5882352941176471,1566.97227040195,0.5,1499.2650372105245,0.0,1500.0
103821,Danai Udomchoke,320.0,142.0,33.5,173.0,1511.4671218252859,R,121,0.4297520661157025,0.5,0.4367816091954023,1498.4740406109286,0.3333333333333333,1492.0067584869485,0.3333333333333333,1439.128606216323,0.7142857142857143,1549.2325304578824,0.0,1500.0
208013,Dane Sweeny,257.0,228.0,22.9,170.0,1497.7767900667623,R,6,0.3333333333333333,0.3333333333333333,0.3333333333333333,1481.976177639641,0.0,1500.0,0.0,1500.0,0.0,1500.0,0.0,1500.0
105367,Daniel Alejandro Lopez Cassaccia,702.0,24.0,22.5,0.0,1486.880783894365,R,9,0.4444444444444444,0.4444444444444444,0.75,1530.5012515904607,0.2,1456.4355855579086,0.0,1500.0,0.0,1500.0,0.0,1500.0
127157,Daniel Altmaier,88.0,640.0,26.1,188.0,1532.1008117488584,R,124,0.3467741935483871,0.3,0.27450980392156865,1491.839566560624,0.4067796610169492,1506.284179554617,0.35714285714285715,1452.6436662590995,0.0,1500.0,0.0,1500.0
212040,Daniel Azar,9999.0,0.0,18.5,0.0,1484.0,U,1,0.0,0.0,0.0,1500.0,0.0,1484.0,0.0,1500.0,0.0,1500.0,0.0,1500.0
106090,Daniel Berta,9999.0,0.0,16.6,178.0,1465.8613900360272,R,2,0.0,0.0,0.0,1500.0,0.0,1482.7325874940527,0.0,1482.84356410865,0.0,1500.0,0.0,1500.0
104978,Daniel Brands,180.0,285.0,31.5,196.0,1548.3689747475335,R,150,0.38,0.2,0.3950617283950617,1568.6333056737374,0.3584905660377358,1502.9896013996577,0.375,1460.0080733409886,0.0,1500.0,0.0,1500.0
108583,Daniel Chavez Morales,9999.0,0.0,34.1,0.0,1486.0822333673395,U,1,0.0,0.0,0.0,1486.194992422072,0.0,1500.0,0.0,1500.0,0.0,1500.0,0.0,1500.0
105638,Daniel Cox,214.0,226.0,23.7,170.0,1443.3378593535233,R,5,0.0,0.0,0.0,1500.0,0.0,1500.0,0.0,1429.0970491805688,0.0,1500.0,0.0,1500.0
131951,Daniel Cukierman,508.0,77.0,29.1,0.0,1499.046109016987,R,11,0.45454545454545453,0.5,0.42857142857142855,1494.9715126600463,0.5,1497.1162450458162,0.0,1500.0,0.0,1500.0,0.5,1501.4695015289756
105187,Daniel Danilovic,527.0,83.0,20.9,0.0,1451.1327936826337,R,3,0.0,0.0,0.0,1500.0,0.0,1453.1344447796198,0.0,1500.0,0.0,1500.0,0.0,1500.0
105180,Daniel Dutra Da Silva,215.0,241.0,34.0,173.0,1466.7528282606593,L,2,0.0,0.0,0.0,1500.0,0.0,1468.4198431296263,0.0,1500.0,0.0,1500.0,0.0,1500.0
123755,Daniel Elahi Galan,124.0,486.0,28.1,191.0,1484.1399658960568,R,124,0.41935483870967744,0.3,0.39622641509433965,1467.5503661406344,0.4262295081967213,1475.205187718276,0.5,1512.0348892857105,0.0,1500.0,0.0,1500.0
103305,Daniel Elsner,339.0,94.0,26.7,183.0,1394.6916565121444,R,30,0.26666666666666666,0.3,0.14285714285714285,1436.5460381640157,0.3181818181818182,1442.9148830890333,0.0,1486.7264239931694,0.0,1500.0,0.0,1500.0
105554,Daniel Evans,180.0,326.0,34.3,175.0,1551.8807635189532,R,328,0.4603658536585366,0.4,0.5,1569.712838250961,0.3389830508474576,1469.0522214874957,0.41025641025641024,1478.191719220017,0.0,1500.0,0.0,1500.0
104535,Daniel Garza,483.0,73.0,29.8,0.0,1549.7261621835662,R,27,0.5555555555555556,0.5,0.75,1561.5646311198311,0.47058823529411764,1489.3461915757207,0.0,1500.0,0.5,1500.0339081301693,0.0,1500.0
104593,Daniel Gimeno Traver,230.0,249.0,32.7,185.0,1516.2529809731134,R,259,0.3436293436293436,0.4,0.25757575757575757,1395.4856869951957,0.40229885057471265,1539.8832144443656,0.10526315789473684,1351.8418085735307,0.0,1500.0,0.0,1500.0
105239,Daniel Glancy,933.0,15.0,26.2,0.0,1437.9233872867592,U,6,0.16666666666666666,0.16666666666666666,0.16666666666666666,1441.150968017972,0.0,1500.0,0.0,1500.0,0.0,1500.0,0.0,1500.0
108677,Daniel Isaza,9999.0,0.0,16.4,0.0,1467.885364989867,U,2,0.0,0.0,0.0,1469.3974983719868,0.0,1500.0,0.0,1500.0,0.0,1500.0,0.0,1500.0
104368,Daniel King Turner,374.0,107.0,28.7,190.0,1551.6416518962221,R,25,0.56,0.7,0.5217391304347826,1523.7191913306933,1.0,1516.0,0.0,1500.0,1.0,1516.0,0.0,1500.0
104230,Daniel Koellerer,109.0,450.0,26.8,180.0,1467.7250840036354,R,53,0.3584905660377358,0.3,0.3684210526315789,1494.8987185000517,0.4,1487.1110425901281,0.0,1435.2481040718242,0.0,1500.0,0.0,1500.0
105930,Daniel Kosakowski,366.0,114.0,22.0,185.0,1492.9151125511305,R,3,0.3333333333333333,0.3333333333333333,0.3333333333333333,1490.5665315789504,0.0,1500.0,0.0,1500.0,0.0,1500.0,0.0,1500.0
103727,Daniel Langre,9999.0,0.0,22.9,0.0,1515.1871158050985,R,1,1.0,1.0,1.0,1515.2959776635782,0.0,1500.0,0.0,1500.0,0.0,1500.0,0.0,1500.0
108783,Daniel Llarenas,9999.0,0.0,23.7,0.0,1515.183356135292,U,1,1.0,1.0,0.0,1500.0,1.0,1516.0,0.0,1500.0,0.0,1500.0,0.0,1500.0
109054,Daniel Masur,222.0,316.0,26.6,183.0,1475.656323106059,R,6,0.16666666666666666,0.16666666666666666,0.0,1488.149206130367,0.25,1486.8640012751766,0.0,1483.9053273838047,0.0,1500.0,0.0,1500.0
103015,Daniel Melo,165.0,234.0,24.7,185.0,1479.3482182390183,L,2,0.0,0.0,0.0,1500.0,0.0,1475.1614525050109,0.0,1500.0,0.0,1500.0,0.0,1500.0
207415,Daniel Michalski,260.0,204.0,22.9,180.0,1482.768071164017,R,4,0.25,0.25,0.25,1478.3320323536473,0.0,1500.0,0.0,1500.0,0.0,1500.0,0.0,1500.0
103926,Daniel Munoz de la Nava,138.0,423.0,34.4,178.0,1412.869658933076,L,37,0.24324324324324326,0.1,0.3,1499.9311125915283,0.2222222222222222,1386.6912145595868,0.0,1500.0,0.0,1500.0,0.0,1500.0
102110,Daniel Nestor,9999.0,0.0,33.9,190.0,1546.2939490068004,L,34,0.47058823529411764,0.5,0.4,1469.4300322585934,0.0,1495.1782985503837,0.5,1502.4525290381248,0.8,1548.2236769365002,0.0,1500.0
209405,Daniel Rincon,216.0,283.0,21.2,185.0,1467.837639117111,L,3,0.0,0.0,0.0,1500.0,0.0,1463.3571842868084,0.0,1500.0,0.0,1500.0,0.0,1500.0
105651,Daniel Smethurst,234.0,205.0,23.6,188.0,1496.5642606865224,R,1,0.0,0.0,0.0,1500.0,0.0,1500.0,0.0,1491.069311656686,0.0,1500.0,0.0,1500.0
101888,Daniel Vacek,377.0,77.0,30.7,190.0,1383.4015354487758,R,28,0.21428571428571427,0.2,0.2727272727272727,1420.313842434624,0.0,1438.9102924643503,0.0,1482.6588649467064,0.0,1500.0,0.0,1500.0
118808,Daniel Vallejo,9999.0,0.0,39.6,0.0,1526.3470051244767,R,4,0.75,0.75,0.0,1500.0,0.5,1499.7212812852197,0.0,1500.0,0.0,1500.0,1.0,1532.0
104700,Daniel Vallverdu,1035.0,9.0,23.4,180.0,1451.7998688352711,R,8,0.25,0.25,0.4,1486.5897796313143,0.0,1458.1514097877116,0.0,1500.0,0.0,1500.0,0.0,1500.0
102557,Daniel Willman,353.0,87.0,26.8,0.0,1476.469417853145,U,2,0.0,0.0,0.0,1489.6201027373081,0.0,1500.0,0.0,1500.0,0.0,1484.6714536801492,0.0,1500.0
125803,Daniel Windahl,930.0,16.0,19.6,188.0,1471.4146493793958,R,2,0.0,0.0,0.0,1467.6630325993644,0.0,1500.0,0.0,1500.0,0.0,1500.0,0.0,1500.0
104612,Daniel Yoo,9999.0,0.0,18.8,0.0,1487.21287351176,L,1,0.0,0.0,0.0,1483.6428771617575,0.0,1500.0,0.0,1500.0,0.0,1500.0,0.0,1500.0
103110,Daniele Bracciali,323.0,130.0,32.3,180.0,1517.2738826663633,R,81,0.37037037037037035,0.2,0.3125,1452.824397283715,0.375,1512.4347975350906,0.5,1520.7909917536451,0.36363636363636365,1475.5155734864106,0.0,1500.0
211571,Daniels Tens,9999.0,0.0,19.0,0.0,1438.1838754924977,U,4,0.0,0.0,0.0,1438.2090565364101,0.0,1500.0,0.0,1500.0,0.0,1500.0,0.0,1500.0
206750,Daniil Glinka,818.0,23.0,21.3,188.0,1504.5112023421077,L,2,0.5,0.5,0.5,1501.4380334692103,0.0,1500.0,0.0,1500.0,0.0,1500.0,0.0,1500.0
106421,Daniil Medvedev,4.0,4830.0,28.7,198.0,1927.2035205437674,R,521,0.710172744721689,0.5,0.7403598971722365,1922.0544022167978,0.5757575757575758,1746.8029994107924,0.6666666666666666,1720.7877537236227,0.0,1500.0,0.0,1500.0
209867,Daniil Ostapenkov,9999.0,0.0,18.3,0.0,1500.4314454168286,R,3,0.3333333333333333,0.3333333333333333,0.0,1484.7517840044063,0.5,1515.7724592962252,0.0,1500.0,0.0,1500.0,0.0,1500.0
105905,Danilo Petrovic,157.0,470.0,29.2,203.0,1504.8581597290874,R,5,0.4,0.4,0.0,1486.448273620161,0.5,1517.0108539843172,0.0,1500.0,0.0,1500.0,0.0,1500.0
108659,Dannio Yahya,9999.0,0.0,18.4,0.0,1471.4285198252892,R,2,0.0,0.0,0.0,1471.4815197911062,0.0,1500.0,0.0,1500.0,0.0,1500.0,0.0,1500.0
122471,Danylo Kalenichenko,657.0,39.0,22.6,188.0,1487.3505266238699,R,1,0.0,0.0,0.0,1487.073707877403,0.0,1500.0,0.0,1500.0,0.0,1500.0,0.0,1500.0
105985,Darian King,1230.0,6.0,32.3,188.0,1622.1310986104836,R,50,0.64,0.8,0.65,1607.397192742345,0.5,1504.399765979401,0.0,1500.0,0.0,1500.0,1.0,1532.0
108709,Dario Acosta,1447.0,4.0,21.4,0.0,1482.5815657716932,R,1,0.0,0.0,0.0,1500.0,0.0,1484.7348716266545,0.0,1500.0,0.0,1500.0,0.0,1500.0
106199,Darius Florin Bragusi,942.0,9.0,18.7,0.0,1483.9438567143975,U,1,0.0,0.0,0.0,1482.9253823334668,0.0,1500.0,0.0,1500.0,0.0,1500.0,0.0,1500.0
138431,Darko Bojanovic,958.0,14.0,21.5,0.0,1483.642712619819,R,1,0.0,0.0,0.0,1483.6101908752798,0.0,1500.0,0.0,1500.0,0.0,1500.0,0.0,1500.0
210464,Darwin Blanch,1028.0,12.0,16.5,185.0,1489.316663238444,L,2,0.0,0.0,0.0,1489.614384348273,0.0,1499.159744287753,0.0,1500.0,0.0,1500.0,0.0,1500.0
105812,David Agung Susanto,2050.0,1.0,32.1,0.0,1396.586330356736,R,18,0.2222222222222222,0.3,0.25,1410.9452458275507,0.0,1486.5489876387114,0.0,1487.953904702445,0.0,1500.0,0.0,1500.0
102410,David Caldwell,1028.0,4.0,26.1,180.0,1483.162526541998,R,1,0.0,0.0,0.0,1484.0,0.0,1500.0,0.0,1500.0,0.0,1500.0,0.0,1500.0
103970,David Ferrer,144.0,400.0,37.0,175.0,1713.8926425423654,R,1088,0.6608455882352942,0.6,0.6373831775700934,1720.7135465551123,0.7032258064516129,1721.076473077417,0.6176470588235294,1581.4963490968348,0.45,1502.7555915116304,0.0,1500.0
105676,David Goffin,54.0,980.0,33.8,180.0,1726.4464735514555,R,583,0.5797598627787307,0.7,0.5817694369973191,1698.8042071010464,0.5897435897435898,1609.180855802595,0.5370370370370371,1616.374625407706,0.0,1500.0,0.0,1500.0
104095,David Guez,193.0,281.0,33.1,185.0,1417.4293279195813,R,18,0.1111111111111111,0.0,0.14285714285714285,1423.0191290467394,0.0,1469.7175952872826,0.0,1500.0,0.0,1480.84902370075,0.0,1500.0
122554,David Jorda Sanchis,329.0,159.0,29.7,198.0,1501.4909913321908,R,2,0.5,0.5,0.0,1500.0,0.5,1500.4360925938902,0.0,1500.0,0.0,1500.0,0.0,1500.0
108940,David Josepa,9999.0,0.0,24.8,0.0,1438.2573280462452,U,4,0.0,0.0,0.0,1484.0,0.0,1453.4456563534982,0.0,1500.0,0.0,1500.0,0.0,1500.0
108926,David Kvernadze,9999.0,0.0,19.1,0.0,1467.8399460885812,R,2,0.0,0.0,0.0,1500.0,0.0,1484.670264423543,0.0,1500.0,0.0,1484.0291809273674,0.0,1500.0
104317,David Luque Velasco,596.0,33.0,22.1,0.0,1484.2848687822075,U,1,0.0,0.0,0.0,1500.0,0.0,1483.648315104799,0.0,1500.0,0.0,1500.0,0.0,1500.0
103543,David Marrero,262.0,171.0,30.0,185.0,1467.8010747095423,R,9,0.3333333333333333,0.3333333333333333,0.0,1500.0,0.3333333333333333,1469.4272832033919,0.0,1500.0,0.0,1500.0,0.0,1500.0
103718,David Martin,725.0,21.0,26.5,185.0,1494.4176590354484,L,1,0.0,0.0,0.0,1491.004186728012,0.0,1500.0,0.0,1500.0,0.0,1500.0,0.0,1500.0
102600,David Miketa,208.0,161.0,25.1,183.0,1487.8645685703211,R,1,0.0,0.0,0.0,1500.0,0.0,1485.7012725674097,0.0,1500.0,0.0,1500.0,0.0,1500.0
101996,David Mullins,9999.0,0.0,32.5,0.0,1469.3567510793962,R,2,0.0,0.0,0.0,1484.0,0.0,1483.3080336439996,0.0,1500.0,0.0,1500.0,0.0,1500.0
103900,David Nalbandian,124.0,430.0,31.2,180.0,1784.6854765518958,R,560,0.6660714285714285,0.5,0.6510791366906474,1784.6548894819418,0.6748768472906403,1750.0936531743353,0.7045454545454546,1678.212148221804,0.6857142857142857,1676.948711989089,0.0,1500.0
102184,David Prinosil,368.0,80.0,31.2,185.0,1410.4407372334317,R,81,0.3950617283950617,0.2,0.2894736842105263,1401.3247167834352,0.0,1409.1539105033498,0.5909090909090909,1526.2586408719872,0.5714285714285714,1512.9518953468444,0.0,1500.0
103176,David Sanchez,138.0,302.0,27.4,183.0,1520.1107584921458,R,188,0.425531914893617,0.5,0.20930232558139536,1377.5234114677428,0.5144927536231884,1557.108635957709,0.0,1437.493745096352,0.0,1461.34938645459,0.0,1500.0
103559,David Sherwood,233.0,162.0,25.3,193.0,1468.1013155513037,R,4,0.25,0.25,0.0,1480.2797081941735,0.0,1479.839682053374,0.5,1500.5578369913317,0.0,1500.0,0.0,1500.0
102881,David Skoch,9999.0,0.0,31.5,183.0,1474.016157956492,R,2,0.0,0.0,0.0,1500.0,0.0,1474.954056106995,0.0,1500.0,0.0,1500.0,0.0,1500.0
105961,David Souto,870.0,16.0,26.0,0.0,1511.7225934724027,L,15,0.5333333333333333,0.4,0.6666666666666666,1540.3826061417221,0.3333333333333333,1481.0609236518014,0.0,1500.0,0.0,1500.0,0.0,1500.0
200343,David Szintai,9999.0,0.0,21.6,0.0,1493.4655195032137,R,1,0.0,0.0,0.0,1493.0436717104087,0.0,1500.0,0.0,1500.0,0.0,1500.0,0.0,1500.0
110754,David Vega Hernandez,440.0,90.0,20.8,188.0,1484.5847912552033,R,1,0.0,0.0,0.0,1500.0,0.0,1484.1873932442224,0.0,1500.0,0.0,1500.0,0.0,1500.0
101609,David Wheaton,343.0,82.0,31.2,193.0,1477.4869236535856,R,4,0.25,0.25,0.0,1470.7680685452544,0.0,1500.0,0.5,1499.2298601853572,0.0,1500.0,0.0,1500.0
102106,Davide Sanguinetti,253.0,148.0,35.0,188.0,1525.7231598363032,R,286,0.4230769230769231,0.4,0.47019867549668876,1546.7770185836307,0.3333333333333333,1464.9811852767455,0.41025641025641024,1459.4674853027245,0.4074074074074074,1442.3794301578505,0.0,1500.0
108899,Davin Russell,9999.0,0.0,18.9,0.0,1484.7605718240002,U,1,0.0,0.0,0.0,1484.736306793522,0.0,1500.0,0.0,1500.0,0.0,1500.0,0.0,1500.0
212717,Davis Rolis,9999.0,0.0,19.6,0.0,1467.4129132800394,U,2,0.0,0.0,0.0,1468.640000173418,0.0,1500.0,0.0,1500.0,0.0,1500.0,0.0,1500.0
108613,Davit Babayan,9999.0,0.0,22.6,0.0,1484.0,U,1,0.0,0.0,0.0,1500.0,0.0,1500.0,0.0,1500.0,0.0,1484.0,0.0,1500.0
104140,Dawid Olejniczak,202.0,190.0,25.3,0.0,1463.0854660302223,R,7,0.2857142857142857,0.2857142857142857,0.6666666666666666,1513.1488416480615,0.0,1477.0335356309051,0.0,1484.8205791451671,0.0,1484.0,0.0,1500.0
126681,Dawood Sayed Hashim,1969.0,1.0,18.6,0.0,1480.2465945726676,L,1,0.0,0.0,0.0,1500.0,0.0,1480.1900461017092,0.0,1500.0,0.0,1500.0,0.0,1500.0
105547,Dean Obrien,563.0,53.0,23.4,178.0,1469.1512566206186,R,2,0.0,0.0,0.0,1465.8171944986022,0.0,1500.0,0.0,1500.0,0.0,1500.0,0.0,1500.0
103162,Dejan Petrovic,318.0,95.0,23.2,0.0,1445.594655658426,R,8,0.25,0.25,0.25,1465.6750578350857,0.0,1500.0,0.25,1470.7308564198195,0.0,1500.0,0.0,1500.0
104437,Dekel Valtzer,441.0,62.0,21.7,0.0,1479.10213219309,U,1,0.0,0.0,0.0,1500.0,0.0,1500.0,0.0,1480.113080873545,0.0,1500.0,0.0,1500.0
200583,Delmas Ntcha,9999.0,0.0,21.7,0.0,1483.2351218710257,R,1,0.0,0.0,0.0,1483.2193909176485,0.0,1500.0,0.0,1500.0,0.0,1500.0,0.0,1500.0
108722,Demetrios Leontis,9999.0,0.0,30.6,0.0,1484.8935959246414,U,1,0.0,0.0,0.0,1484.0,0.0,1500.0,0.0,1500.0,0.0,1500.0,0.0,1500.0
104875,Denes Lukacs,1042.0,12.0,22.3,180.0,1479.3610227029,R,5,0.4,0.4,1.0,1516.0,0.25,1465.393952922469,0.0,1500.0,0.0,1500.0,0.0,1500.0
103350,Denis Golovanov,729.0,16.0,24.5,188.0,1455.2030475106994,L,5,0.0,0.0,0.0,1490.080509376289,0.0,1500.0,0.0,1480.6602787328827,0.0,1460.6379039891215,0.0,1500.0
103823,Denis Gremelmayr,189.0,262.0,30.3,183.0,1492.5943554870892,L,86,0.3488372093023256,0.3,0.32,1427.3024169497949,0.4444444444444444,1535.0995463851345,0.2222222222222222,1442.0674232869399,0.0,1500.0,0.0,1500.0
104797,Denis Istomin,420.0,97.0,36.0,185.0,1486.2366366259994,R,470,0.4702127659574468,0.1,0.45985401459854014,1478.8652167897308,0.456,1551.051304117335,0.5428571428571428,1551.977060177098,0.0,1484.0,0.0,1500.0
106045,Denis Kudla,160.0,409.0,31.6,180.0,1502.5028224917432,R,203,0.3497536945812808,0.3,0.30708661417322836,1482.661143697174,0.25,1427.1278972215043,0.5,1547.3868440837578,0.0,1500.0,0.0,1500.0
104707,Denis Matsukevitch,364.0,91.0,22.2,190.0,1491.1950890277326,R,4,0.25,0.25,0.0,1491.5154969467264,0.0,1488.4244236539023,0.0,1500.0,0.5,1502.7649883885279,0.0,1500.0
133430,Denis Shapovalov,56.0,981.0,25.5,185.0,1763.482991332469,L,373,0.5442359249329759,0.7,0.5606060606060606,1712.594131500134,0.5217391304347826,1637.4988840631036,0.475,1564.1537498707664,0.0,1500.0,0.0,1500.0
106187,Denis Yevseyev,207.0,282.0,31.3,188.0,1496.0060617471445,R,4,0.25,0.25,0.0,1477.2585978558955,0.5,1507.0728847040043,0.0,1500.0,0.0,1500.0,0.0,1500.0
104162,Deniss Pavlovs,620.0,35.0,28.9,0.0,1499.9815123629203,R,14,0.5,0.5,0.0,1489.958704797848,0.5714285714285714,1515.4072448259085,0.0,1500.0,0.5,1500.399845079329,0.0,1500.0
105294,Dennis Lajola,719.0,22.0,23.0,0.0,1484.2231146258266,R,1,0.0,0.0,0.0,1483.943888003498,0.0,1500.0,0.0,1500.0,0.0,1500.0,0.0,1500.0
110602,Dennis Novak,192.0,315.0,30.0,183.0,1443.9855093229025,R,80,0.325,0.2,0.30612244897959184,1453.8064011315903,0.34782608695652173,1466.0235702485943,0.375,1490.449551473571,0.0,1500.0,0.0,1500.0
106261,Dennis Novikov,219.0,238.0,23.7,193.0,1495.4955451143974,R,16,0.3125,0.4,0.25,1459.624918152033,0.0,1500.0,0.375,1489.7817489047877,0.0,1500.0,0.0,1500.0
104282,Dennis Peschek,9999.0,0.0,16.5,0.0,1485.5551347517603,R,1,0.0,0.0,0.0,1500.0,0.0,1483.5809299017458,0.0,1500.0,0.0,1500.0,0.0,1500.0
102615,Dennis Van Scheppingen,278.0,137.0,31.6,185.0,1465.1737890459863,R,43,0.32558139534883723,0.3,0.35,1467.386237768125,0.3333333333333333,1473.660406153738,0.25,1446.603926132127,0.0,1500.0,0.0,1500.0
108661,Dentry Mortimer,9999.0,0.0,20.0,0.0,1468.736306793522,U,2,0.0,0.0,0.0,1500.0,0.0,1468.736306793522,0.0,1500.0,0.0,1500.0,0.0,1500.0
104920,Denys Molchanov,227.0,202.0,26.3,188.0,1495.1735489988457,R,4,0.5,0.5,0.6666666666666666,1510.7005474006623,0.0,1483.5543154241168,0.0,1500.0,0.0,1500.0,0.0,1500.0
209280,Devin Badenhorst,1717.0,1.0,18.6,0.0,1484.0,R,1,0.0,0.0,0.0,1500.0,0.0,1500.0,0.0,1500.0,0.0,1500.0,0.0,1484.0
105730,Devin Britton,1461.0,2.0,18.8,193.0,1482.8737711543108,R,3,0.0,0.0,0.0,1474.8254789889174,0.0,1500.0,0.0,1500.0,0.0,1500.0,0.0,1500.0
104618,Devin Mullings,1006.0,14.0,23.7,168.0,1486.4982971723632,L,13,0.38461538461538464,0.4,0.5,1513.0809536218906,0.0,1460.3375021616043,0.0,1500.0,0.0,1500.0,0.0,1500.0
105842,Di Wu,339.0,116.0,28.0,175.0,1496.4652953136917,R,54,0.3888888888888889,0.2,0.4186046511627907,1491.8327661430935,0.375,1467.1694771890202,0.0,1468.9476931832519,0.0,1488.2682616764944,0.0,1500.0
104348,Dias Doskarayev,9999.0,0.0,18.8,0.0,1483.1680890159148,U,5,0.4,0.4,0.5,1498.2464829279104,0.0,1500.0,0.0,1500.0,0.0,1484.0,0.0,1500.0
101868,Dick Norman,263.0,246.0,38.2,203.0,1461.6704381640798,L,56,0.26785714285714285,0.6,0.17647058823529413,1425.9689284083254,0.23529411764705882,1433.2763782113516,0.3684210526315789,1476.262286996411,0.3333333333333333,1482.547570046722,0.0,1500.0
103837,Didac Perez,578.0,36.0,24.6,178.0,1437.5809057222357,R,7,0.14285714285714285,0.14285714285714285,0.0,1500.0,0.14285714285714285,1431.1334511160082,0.0,1500.0,0.0,1500.0,0.0,1500.0
103736,Diego Acuna,891.0,9.0,22.8,0.0,1465.7768533449855,U,2,0.0,0.0,0.0,1500.0,0.0,1483.2034802145233,0.0,1500.0,0.0,1483.9694093102485,0.0,1500.0
103363,Diego Ayala,1223.0,2.0,24.2,175.0,1482.597596639132,R,1,0.0,0.0,0.0,1482.0414656632852,0.0,1500.0,0.0,1500.0,0.0,1500.0,0.0,1500.0
104188,Diego Camacho,9999.0,0.0,24.7,0.0,1464.398106852562,U,2,0.0,0.0,0.0,1479.4089047095952,0.0,1483.9856632554822,0.0,1500.0,0.0,1500.0,0.0,1500.0
104698,Diego Cubas,1102.0,5.0,18.3,0.0,1502.1641509096394,R,2,0.5,0.5,0.5,1501.333077600637,0.0,1500.0,0.0,1500.0,0.0,1500.0,0.0,1500.0
209294,Diego Duran,9999.0,0.0,0.0,0.0,1485.2371381055718,U,3,0.3333333333333333,0.3333333333333333,1.0,1516.0,0.0,1483.1670586728223,0.0,1500.0,0.0,1500.0,0.0,1484.0
208057,Diego Fernandez Flores,832.0,21.0,21.3,185.0,1515.2284285571343,R,1,1.0,1.0,0.0,1500.0,1.0,1515.263693206478,0.0,1500.0,0.0,1500.0,0.0,1500.0
105912,Diego Galeano,9999.0,0.0,21.9,0.0,1553.1486657111618,R,12,0.6666666666666666,0.7,0.5,1502.8468540426763,0.75,1557.8305368207007,0.0,1500.0,0.0,1500.0,0.0,1500.0
103701,Diego Hartfield,137.0,323.0,27.2,185.0,1500.3219781885198,R,45,0.37777777777777777,0.2,0.125,1445.9064077580274,0.4375,1522.4744225692752,0.0,1465.1115314933747,0.6666666666666666,1514.881884048766,0.0,1500.0
106165,Diego Hidalgo,974.0,8.0,18.8,180.0,1486.070216162349,L,1,0.0,0.0,0.0,1500.0,0.0,1486.151471768208,0.0,1500.0,0.0,1500.0,0.0,1500.0
103675,Diego Junqueira,144.0,376.0,31.3,178.0,1422.103157307018,L,42,0.23809523809523808,0.2,0.14285714285714285,1470.4857221701154,0.2647058823529412,1427.1902714029452,0.0,1488.2910587136444,0.0,1500.0,0.0,1500.0
102554,Diego Moyano,247.0,147.0,28.9,175.0,1467.4062324468696,R,2,0.0,0.0,0.0,1500.0,0.0,1468.0368985125735,0.0,1500.0,0.0,1500.0,0.0,1500.0
101717,Diego Nargiso,149.0,266.0,30.6,188.0,1578.3166584966364,L,10,0.8,0.8,1.0,1516.0,0.7777777777777778,1570.9563274838076,0.0,1500.0,0.0,1500.0,0.0,1500.0
106043,Diego Schwartzman,244.0,236.0,32.0,170.0,1515.966875383998,R,465,0.5311827956989247,0.0,0.5173913043478261,1576.1329838024342,0.5645933014354066,1552.3715118923526,0.38461538461538464,1490.853136601334,0.0,1500.0,0.0,1500.0
103478,Diego Veronelli,172.0,218.0,24.3,193.0,1494.8573065015369,R,5,0.4,0.4,0.0,1486.2145562039134,0.5,1504.1093428751744,0.0,1500.0,0.0,1500.0,0.0,1500.0
104010,Dieter Kindlmann,162.0,297.0,27.9,183.0,1437.439739861578,R,12,0.08333333333333333,0.1,0.0,1475.4119336434178,0.14285714285714285,1437.3589806916275,0.0,1500.0,0.0,1500.0,0.0,1500.0
200014,Digvijaypratap Singh,544.0,68.0,23.2,191.0,1516.0,R,1,1.0,1.0,1.0,1516.0,0.0,1500.0,0.0,1500.0,0.0,1500.0,0.0,1500.0
104752,Dilshod Sharifi,9999.0,0.0,16.7,0.0,1456.2079388209668,R,3,0.0,0.0,0.0,1470.1066802004902,0.0,1484.0,0.0,1500.0,0.0,1500.0,0.0,1500.0
103872,Dimitar Grabuloski,1340.0,2.0,28.6,0.0,1435.4805200816802,U,9,0.2222222222222222,0.2222222222222222,0.25,1473.4204620233525,0.2,1458.263968684195,0.0,1500.0,0.0,1500.0,0.0,1500.0
105004,Dimitar Kutrovsky,307.0,149.0,28.0,175.0,1547.0903704068596,R,13,0.6153846153846154,0.6,0.5714285714285714,1521.6154389980181,0.75,1524.5066768307477,0.0,1500.0,0.5,1505.8897304923926,0.0,1500.0
106220,Dimitar Kuzmanov,225.0,269.0,30.5,183.0,1488.253170123547,R,36,0.4722222222222222,0.4,0.4074074074074074,1469.0233240698476,0.625,1520.6539202984561,0.0,1500.0,1.0,1516.0,0.0,1500.0
208367,Dimitri Badra,9999.0,0.0,20.1,0.0,1481.194246078506,U,1,0.0,0.0,0.0,1481.4148112282835,0.0,1500.0,0.0,1500.0,0.0,1500.0,0.0,1500.0
103439,Dimitri Mazur,587.0,30.0,24.5,0.0,1522.7232833888454,R,3,0.6666666666666666,0.6666666666666666,0.6666666666666666,1521.9429008537563,0.0,1500.0,0.0,1500.0,0.0,1500.0,0.0,1500.0
108747,Dineshkanthan Thangarajah,9999.0,0.0,24.1,0.0,1390.0709237226554,U,12,0.16666666666666666,0.1,0.0,1440.3094542478582,0.25,1441.5921785542873,0.0,1500.0,0.0,1500.0,0.0,1500.0
104446,Dinko Halachev,1155.0,7.0,29.4,0.0,1478.827000699379,U,1,0.0,0.0,0.0,1500.0,0.0,1481.7345134251195,0.0,1500.0,0.0,1500.0,0.0,1500.0
105711,Dino Marcan,377.0,107.0,21.9,178.0,1484.7356352846912,R,2,0.0,0.0,0.0,1479.152695703541,0.0,1500.0,0.0,1500.0,0.0,1500.0,0.0,1500.0
209976,Dino Prizmic,171.0,361.0,18.5,188.0,1488.6624770469846,R,10,0.3,0.3,0.16666666666666666,1474.0420662422118,0.5,1507.8139658990563,0.0,1500.0,0.0,1500.0,0.0,1500.0
102375,Dinu Pescariu,669.0,20.0,27.4,185.0,1502.590220839568,R,4,0.5,0.5,0.0,1500.0,0.3333333333333333,1491.4738838668522,0.0,1500.0,1.0,1515.263693206478,0.0,1500.0
104383,Diogo Rocha,638.0,28.0,20.7,0.0,1521.7507971179793,R,3,0.6666666666666666,0.6666666666666666,0.0,1500.0,0.5,1507.9155099548775,0.0,1500.0,1.0,1516.0,0.0,1500.0
102347,Dmitri Tomashevich,342.0,89.0,27.5,0.0,1484.4480308839861,R,1,0.0,0.0,0.0,1488.065067705322,0.0,1500.0,0.0,1500.0,0.0,1500.0,0.0,1500.0
132566,Dmitrii Baskov,2018.0,1.0,20.5,0.0,1483.2325436072558,R,1,0.0,0.0,0.0,1483.184351319008,0.0,1500.0,0.0,1500.0,0.0,1500.0,0.0,1500.0
104463,Dmitriy Makeyev,1245.0,3.0,22.2,0.0,1414.9310961804938,U,11,0.18181818181818182,0.2,0.25,1442.2811782610518,0.0,1470.4777319960665,0.0,1500.0,0.0,1484.0,0.0,1500.0
106886,Dmitro Tolok,1031.0,6.0,18.4,0.0,1515.2935812310309,R,1,1.0,1.0,1.0,1516.0,0.0,1500.0,0.0,1500.0,0.0,1500.0,0.0,1500.0
122078,Dmitry Popko,338.0,150.0,27.2,191.0,1507.6415792037153,R,11,0.36363636363636365,0.3,0.3333333333333333,1494.4204264516975,0.4,1510.9736921865492,0.0,1500.0,0.0,1500.0,0.0,1500.0
104098,Dmitry Tursunov,820.0,20.0,34.6,185.0,1575.859144565146,R,433,0.5219399538106235,0.1,0.5340501792114696,1587.6516029209995,0.4084507042253521,1537.1484232468836,0.578125,1536.872228221831,0.5789473684210527,1545.193915107696,0.0,1500.0
104034,Dmitry Vlasov,288.0,112.0,18.9,188.0,1487.814097932422,R,1,0.0,0.0,0.0,1500.0,0.0,1489.5045648035548,0.0,1500.0,0.0,1500.0,0.0,1500.0
104693,Dominic Inglot,941.0,12.0,27.5,196.0,1483.0891042012292,R,2,0.0,0.0,0.0,1472.3543770210158,0.0,1500.0,0.0,1500.0,0.0,1500.0,0.0,1500.0
108726,Dominic Pagon,9999.0,0.0,21.3,0.0,1484.6717640329412,L,1,0.0,0.0,0.0,1484.7155325003437,0.0,1500.0,0.0,1500.0,0.0,1500.0,0.0,1500.0
208502,Dominic Stricker,258.0,212.0,22.1,183.0,1627.833279969307,L,48,0.5,0.4,0.5333333333333333,1607.5907473427628,0.4,1495.8345626880614,0.5,1506.4097594933523,0.0,1500.0,0.0,1500.0
106233,Dominic Thiem,318.0,162.0,31.1,185.0,1561.065370528434,R,539,0.6159554730983302,0.2,0.5812274368231047,1653.3917118315853,0.6767241379310345,1593.3564084191335,0.4666666666666667,1530.0365235775478,0.0,1500.0,0.0,1500.0
103103,Dominik Hrbaty,154.0,324.0,32.0,183.0,1518.0495502793449,R,480,0.51875,0.3,0.5444839857651246,1546.630678058252,0.48484848484848486,1481.2291760856444,0.2857142857142857,1429.5647031219369,0.5652173913043478,1578.1306088800466,0.0,1500.0
136440,Dominik Koepfer,81.0,686.0,30.4,180.0,1635.000226425319,L,131,0.45038167938931295,0.3,0.47368421052631576,1630.9204424448658,0.4634146341463415,1588.5884470410922,0.2857142857142857,1430.8609185812168,0.0,1500.0,0.0,1500.0
103747,Dominik Meffert,204.0,260.0,30.1,198.0,1495.0782979995872,R,12,0.3333333333333333,0.4,0.3333333333333333,1480.0985477400343,0.3333333333333333,1500.4701374984734,0.3333333333333333,1493.348113910629,0.0,1500.0,0.0,1500.0
105385,Donald Young,327.0,135.0,31.4,183.0,1541.7810120345746,L,303,0.3795379537953795,0.2,0.405982905982906,1541.566121793535,0.21875,1406.4497167372672,0.35135135135135137,1473.7818379451546,0.0,1500.0,0.0,1500.0
103273,Dong Hyun Kim,425.0,54.0,24.4,0.0,1504.085812721233,R,6,0.5,0.5,0.5,1498.3622106559355,1.0,1530.5304984710244,0.0,1500.0,0.0,1471.385189364825,0.0,1500.0
102865,Doug Bohaboy,283.0,104.0,26.0,0.0,1482.6425730636124,R,1,0.0,0.0,0.0,1479.9468415484173,0.0,1500.0,0.0,1500.0,0.0,1500.0,0.0,1500.0
106024,Dovydas Sakinis,1574.0,1.0,20.7,0.0,1470.383262531184,L,6,0.3333333333333333,0.3333333333333333,0.6666666666666666,1511.401753962108,0.0,1468.9820826750147,0.0,1500.0,0.0,1483.197867142555,0.0,1500.0
106021,Dragos Dima,327.0,84.0,26.7,180.0,1530.3603888252637,R,2,1.0,1.0,1.0,1530.3362370820987,0.0,1500.0,0.0,1500.0,0.0,1500.0,0.0,1500.0
200096,Dragos Nicolae Madaras,191.0,308.0,25.8,191.0,1449.4223421801032,L,4,0.0,0.0,0.0,1455.1341007169933,0.0,1485.2600719678262,0.0,1500.0,0.0,1500.0,0.0,1500.0
117353,Duck Hee Lee,212.0,226.0,21.2,175.0,1505.776462049527,R,3,0.3333333333333333,0.3333333333333333,0.3333333333333333,1498.2852312305095,0.0,1500.0,0.0,1500.0,0.0,1500.0,0.0,1500.0
104534,Dudi Sela,146.0,373.0,34.4,175.0,1593.3089031738434,R,326,0.42024539877300615,0.3,0.4473684210526316,1572.7266722091072,0.18181818181818182,1332.870551739879,0.4807692307692308,1582.5060801549903,1.0,1539.8233809126568,0.0,1500.0
105935,Duilio Beretta,1428.0,2.0,25.9,0.0,1488.9885433831769,R,17,0.47058823529411764,0.4,0.5,1499.483571483804,0.4666666666666667,1489.5087056562718,0.0,1500.0,0.0,1500.0,0.0,1500.0
121971,Duilio Vallebuona,1541.0,3.0,22.6,0.0,1484.0995802829598,R,1,0.0,0.0,0.0,1500.0,0.0,1484.7272195419696,0.0,1500.0,0.0,1500.0,0.0,1500.0
207213,Duje Ajdukovic,115.0,506.0,23.7,188.0,1508.6363750028177,R,16,0.375,0.4,0.4,1492.062116552271,0.36363636363636365,1508.0760684176348,0.0,1500.0,0.0,1500.0,0.0,1500.0
105583,Dusan Lajovic,86.0,685.0,34.3,183.0,1652.9069095137918,R,442,0.4411764705882353,0.4,0.4,1571.2899906988755,0.502283105022831,1637.605642100368,0.21739130434782608,1406.8639064067058,0.0,1500.0,0.0,1500.0
105116,Dusan Lojda,169.0,285.0,22.4,188.0,1491.1935643481272,L,1,0.0,0.0,0.0,1487.6687008423696,0.0,1500.0,0.0,1500.0,0.0,1500.0,0.0,1500.0
102811,Dusan Vemic,178.0,229.0,32.1,190.0,1486.6401069584317,R,25,0.4,0.2,0.14285714285714285,1456.126239954576,0.5,1514.4829936869378,0.4,1487.8331168188745,1.0,1517.4625627174391,0.0,1500.0
104460,Dustin Brown,303.0,181.0,36.4,196.0,1610.045518607971,R,157,0.39490445859872614,0.3,0.35384615384615387,1536.124742746484,0.4117647058823529,1510.3277932243277,0.43902439024390244,1541.7692479364127,0.0,1500.0,0.0,1500.0
105299,Dzmitry Zhyrmont,389.0,106.0,28.9,0.0,1463.6206344977663,U,16,0.375,0.4,0.5,1496.7677547531764,0.0,1456.6162637225846,0.0,1500.0,0.0,1500.0,0.0,1500.0
122548,Edan Leshem,359.0,134.0,25.8,183.0,1452.6948639263192,R,15,0.3333333333333333,0.3,0.2727272727272727,1455.0424151968055,0.6666666666666666,1517.2565602706452,0.0,1500.0,0.0,1500.0,0.0,1484.0
210220,Edas Butvilas,368.0,134.0,20.1,191.0,1463.9273285968907,R,5,0.2,0.2,0.0,1465.3153790325619,0.0,1488.7838536156778,0.0,1487.404606780762,0.0,1500.0,1.0,1516.0
108720,Eddy Chala,1263.0,8.0,24.0,0.0,1497.2982461773074,R,2,0.5,0.5,0.0,1500.0,0.5,1498.4811929754298,0.0,1500.0,0.0,1500.0,0.0,1500.0
108678,Eddy Gonzalez Gonzalez,9999.0,0.0,22.5,0.0,1485.7713721564555,R,3,0.3333333333333333,0.3333333333333333,0.3333333333333333,1484.1410645541953,0.0,1500.0,0.0,1500.0,0.0,1500.0,0.0,1500.0
108927,Edgar Hernandez Perez,1398.0,2.0,21.7,0.0,1412.521317977514,U,6,0.0,0.0,0.0,1455.1170658116337,0.0,1452.7863608952207,0.0,1500.0,0.0,1500.0,0.0,1500.0
103737,Edgardo Massa,240.0,163.0,25.5,180.0,1486.9624846052059,R,22,0.36363636363636365,0.5,0.5,1502.412634176055,0.35294117647058826,1479.723839426573,0.0,1483.25108026403,0.0,1500.0,0.0,1500.0
120270,Edgars Manusis,9999.0,0.0,34.5,0.0,1483.2624860253522,U,1,0.0,0.0,0.0,1483.6261531653347,0.0,1500.0,0.0,1500.0,0.0,1500.0,0.0,1500.0
104273,Edouard Roger-Vasselin,186.0,290.0,32.5,185.0,1589.0927687677195,R,199,0.39195979899497485,0.4,0.4,1575.2205709389211,0.3333333333333333,1483.2095380189182,0.45714285714285713,1508.6631660912747,0.0,1483.6760499259262,0.0,1500.0
202210,Edris Fetisleam,1167.0,6.0,18.6,0.0,1516.0,U,1,1.0,1.0,1.0,1516.0,0.0,1500.0,0.0,1500.0,0.0,1500.0,0.0,1500.0
124013,Eduardo Nava,1104.0,8.0,26.2,180.0,1477.9889583365155,R,2,0.0,0.0,0.0,1484.5340506703878,0.0,1488.9618978472845,0.0,1500.0,0.0,1500.0,0.0,1500.0
102756,Eduardo Rincon,885.0,8.0,24.8,0.0,1492.7272875335057,R,5,0.4,0.4,0.5,1500.736306793522,0.3333333333333333,1493.3254442924447,0.0,1500.0,0.0,1500.0,0.0,1500.0
104724,Eduardo Schwank,139.0,377.0,26.2,183.0,1546.2810187400241,R,99,0.36363636363636365,0.5,0.2413793103448276,1447.5632763482,0.45161290322580644,1566.1970641690762,0.125,1428.3790586346922,0.0,1500.0,0.0,1500.0
105679,Eduardo Struvay,470.0,80.0,26.2,0.0,1456.4627191794436,R,3,0.0,0.0,0.0,1466.9276464384998,0.0,1486.3185169112746,0.0,1500.0,0.0,1500.0,0.0,1500.0
105100,Edward Corrie,330.0,130.0,25.3,183.0,1488.0058256306045,R,1,0.0,0.0,0.0,1500.0,0.0,1500.0,0.0,1486.2971091729207,0.0,1500.0,0.0,1500.0
102817,Edwin Kempes,249.0,130.0,26.1,188.0,1434.8339128432708,R,26,0.38461538461538464,0.4,0.38461538461538464,1459.2049926893703,0.5,1499.3271689450437,0.0,1454.135887179295,0.0,1500.0,0.0,1500.0
144814,Eero Vasa,703.0,39.0,27.6,185.0,1443.9379200859732,R,7,0.14285714285714285,0.14285714285714285,0.16666666666666666,1453.9320504956386,0.0,1500.0,0.0,1500.0,0.0,1483.263693206478,0.0,1500.0
102918,Efe Ustundag,715.0,16.0,24.2,0.0,1468.6319145785985,R,4,0.25,0.25,0.25,1469.4375671382022,0.0,1500.0,0.0,1500.0,0.0,1500.0,0.0,1500.0
106078,Egor Gerasimov,304.0,170.0,31.8,196.0,1579.9125380840378,R,118,0.5254237288135594,0.3,0.5368421052631579,1540.0321360293133,0.47368421052631576,1524.2001817112957,0.5,1512.694925337797,0.0,1500.0,0.0,1500.0
200271,Egor Matvievici,9999.0,0.0,18.4,175.0,1484.0041241236677,L,1,0.0,0.0,0.0,1483.9580329925197,0.0,1500.0,0.0,1500.0,0.0,1500.0,0.0,1500.0
102714,Ekkarin Pisuth Arnonth,920.0,6.0,24.0,0.0,1484.0339081301693,R,1,0.0,0.0,0.0,1484.0339081301693,0.0,1500.0,0.0,1500.0,0.0,1500.0,0.0,1500.0
105009,Elbert Sie,1421.0,3.0,26.3,0.0,1463.2626906143319,R,11,0.36363636363636365,0.3,0.36363636363636365,1457.9189555370224,0.0,1500.0,0.0,1500.0,0.0,1500.0,0.0,1500.0
108959,Eldad Campbell,9999.0,0.0,18.4,0.0,1440.2981404999184,U,4,0.0,0.0,0.0,1467.6639584578002,0.0,1471.2865596432994,0.0,1500.0,0.0,1500.0,0.0,1500.0
108703,Eleftherios Christou,9999.0,0.0,25.4,0.0,1470.3312823415283,R,2,0.0,0.0,0.0,1500.0,0.0,1470.5247860939985,0.0,1500.0,0.0,1500.0,0.0,1500.0
111200,Elias Ymer,252.0,219.0,28.5,185.0,1526.7659537606482,R,116,0.35344827586206895,0.5,0.4090909090909091,1550.5655052423679,0.2978723404255319,1407.3481964714306,0.0,1466.7675999566666,0.0,1500.0,0.0,1500.0
208118,Eliot Spizzirri,341.0,145.0,22.6,183.0,1484.9392992192618,R,4,0.25,0.25,0.0,1488.7501286244567,0.0,1500.0,0.3333333333333333,1486.0782420717521,0.0,1500.0,0.0,1500.0
200611,Elliot Benchetrit,670.0,44.0,25.9,193.0,1455.8174386514188,R,11,0.18181818181818182,0.2,0.3333333333333333,1490.4957217255667,0.125,1445.9732540431291,0.0,1500.0,0.0,1500.0,0.0,1500.0
101790,Elmar Gerth,9999.0,0.0,32.6,0.0,1411.5444804381889,R,6,0.0,0.0,0.0,1451.6330258466999,0.0,1470.0235920349005,0.0,1500.0,0.0,1484.0,0.0,1500.0
209284,Elmer Moller,247.0,231.0,21.1,183.0,1541.7847351459197,R,6,0.6666666666666666,0.6666666666666666,0.6,1525.917650029286,1.0,1515.1186312818093,0.0,1500.0,0.0,1500.0,0.0,1500.0
108955,Elvis Henry,9999.0,0.0,29.9,0.0,1484.736306793522,U,1,0.0,0.0,0.0,1500.0,0.0,1484.736306793522,0.0,1500.0,0.0,1500.0,0.0,1500.0
102250,Emanuel Couto,1043.0,5.0,29.6,183.0,1481.86720101955,R,8,0.375,0.375,0.0,1482.5111747713918,0.5,1504.7321076336696,0.0,1500.0,0.0,1485.1643901279065,0.0,1500.0
202130,Emil Reinberg,1032.0,9.0,21.2,188.0,1484.3719274950527,R,1,0.0,0.0,0.0,1487.7205843615238,0.0,1500.0,0.0,1500.0,0.0,1500.0,0.0,1500.0
200325,Emil Ruusuvuori,71.0,773.0,25.3,188.0,1700.0494519802953,R,207,0.5169082125603864,0.5,0.5625,1708.0271183302575,0.38461538461538464,1489.2110651902349,0.4782608695652174,1520.972067461709,0.0,1484.0339081301693,0.0,1500.0
102135,Emilio Benfele Alvarez,122.0,320.0,28.6,183.0,1412.635852529061,R,18,0.3333333333333333,0.1,0.0,1436.3734981563514,0.42857142857142855,1464.9801764050237,0.0,1500.0,0.0,1500.0,0.0,1500.0
103205,Emilio Daniel Baez Britez,9999.0,0.0,29.3,0.0,1488.6627208697046,R,9,0.4444444444444444,0.4444444444444444,0.0,1468.7876769882448,0.5714285714285714,1513.4878055268525,0.0,1500.0,0.0,1500.0,0.0,1500.0
105877,Emilio Gomez,307.0,175.0,32.1,185.0,1497.081967502468,R,53,0.41509433962264153,0.3,0.37142857142857144,1496.7201278751565,0.5,1498.5748249872204,0.0,1500.0,0.0,1500.0,0.0,1500.0
207182,Emilio Nava,148.0,415.0,22.6,185.0,1451.2499024802748,R,18,0.16666666666666666,0.2,0.1875,1450.93244776121,0.0,1481.9953719304222,0.0,1485.6962937894873,0.0,1500.0,0.0,1500.0
103371,Emin Agaev,368.0,76.0,23.2,0.0,1487.2384190196192,R,1,0.0,0.0,0.0,1485.3384954402484,0.0,1500.0,0.0,1500.0,0.0,1500.0,0.0,1500.0
101855,Emmanuel Heussner,9999.0,0.0,34.0,0.0,1426.832923721002,R,9,0.2222222222222222,0.2222222222222222,0.0,1484.0,0.25,1449.559177206343,0.0,1500.0,0.0,1500.0,0.0,1500.0
105782,Enrique Lopez Perez,196.0,278.0,25.1,0.0,1495.2440689886414,R,1,0.0,0.0,0.0,1500.0,0.0,1493.2459972302047,0.0,1500.0,0.0,1500.0,0.0,1500.0
104858,Enrique Olivares,1103.0,5.0,25.0,0.0,1515.2612730516812,R,1,1.0,1.0,1.0,1515.2630871966378,0.0,1500.0,0.0,1500.0,0.0,1500.0,0.0,1500.0
111505,Enzo Couacaud,205.0,292.0,29.3,183.0,1474.0277273123381,R,11,0.18181818181818182,0.2,0.2,1491.6029238045503,0.25,1479.8435285199312,0.0,1477.2434514260026,0.0,1500.0,0.0,1500.0
108931,Enzo Pigola,9999.0,0.0,18.9,0.0,1457.276975045262,U,3,0.0,0.0,0.0,1500.0,0.0,1456.4257058620972,0.0,1500.0,0.0,1500.0,0.0,1500.0
144985,Ergi Kirkin,378.0,123.0,24.0,180.0,1516.6784906654223,R,4,0.5,0.5,0.5,1508.254388163167,0.0,1500.0,0.0,1484.3306996040067,0.0,1500.0,1.0,1516.0
104512,Ergun Zorlu,866.0,11.0,25.3,0.0,1463.0329151650353,R,2,0.0,0.0,0.0,1500.0,0.0,1500.0,0.0,1462.0356625635602,0.0,1500.0,0.0,1500.0
101939,Erhan Oral,1247.0,2.0,29.9,0.0,1440.9885670366011,R,4,0.0,0.0,0.0,1468.7349806048076,0.0,1468.736306793522,0.0,1500.0,0.0,1500.0,0.0,1500.0
209873,Eric Jr. Olivarez,9999.0,0.0,21.8,0.0,1484.6675193623048,R,1,0.0,0.0,0.0,1500.0,0.0,1484.7934092665498,0.0,1500.0,0.0,1500.0,0.0,1500.0
103975,Eric Nunez,531.0,42.0,22.8,0.0,1486.5843603998246,R,1,0.0,0.0,0.0,1484.918847347565,0.0,1500.0,0.0,1500.0,0.0,1500.0,0.0,1500.0
103799,Eric Prodon,115.0,482.0,30.9,178.0,1347.1895294478372,R,20,0.05,0.0,0.0,1460.3109522422353,0.058823529411764705,1359.3846302993672,0.0,1500.0,0.0,1500.0,0.0,1500.0
105281,Eric Quigley,463.0,82.0,26.0,185.0,1488.3035374146737,R,1,0.0,0.0,0.0,1486.0483356911016,0.0,1500.0,0.0,1500.0,0.0,1500.0,0.0,1500.0
102558,Eric Taino,9999.0,0.0,33.0,175.0,1489.564851030695,L,31,0.41935483870967744,0.4,0.4074074074074074,1462.9133508158184,0.3333333333333333,1485.5311189819597,0.0,1500.0,1.0,1516.7337131666632,0.0,1500.0
210250,Erik Arutiunian,9999.0,0.0,16.9,191.0,1488.1642820995676,R,1,0.0,0.0,0.0,1500.0,0.0,1488.0163733578756,0.0,1500.0,0.0,1500.0,0.0,1500.0
104820,Erik Chvojka,233.0,211.0,25.4,185.0,1480.4030802379682,L,2,0.0,0.0,0.0,1493.1450303607237,0.0,1488.3977734182458,0.0,1500.0,0.0,1500.0,0.0,1500.0
104469,Erling Tveit,598.0,37.0,25.5,0.0,1410.424173256141,L,7,0.0,0.0,0.0,1453.199271359143,0.0,1447.4501489844447,0.0,1500.0,0.0,1500.0,0.0,1500.0
124014,Ernesto Escobedo,493.0,82.0,27.6,185.0,1451.9991498343745,R,62,0.3225806451612903,0.1,0.3333333333333333,1452.459025516523,0.2857142857142857,1450.5641943926228,0.3333333333333333,1474.093989525585,0.0,1500.0,0.0,1500.0
105208,Ernests Gulbis,289.0,181.0,34.4,190.0,1556.797215029084,R,469,0.5053304904051172,0.5,0.5054945054945055,1561.518170072878,0.5177304964539007,1569.1405509899391,0.3684210526315789,1494.4738965652084,0.6875,1590.9773129517591,1.0,1516.0
104914,Ervin Eleskovic,483.0,63.0,23.1,0.0,1472.685942402995,R,9,0.2222222222222222,0.2222222222222222,0.0,1450.643258538174,0.4,1505.8911813652837,0.0,1500.0,0.0,1500.0,0.0,1500.0
103649,Esat Tanik,692.0,17.0,20.4,0.0,1483.9354707884504,R,1,0.0,0.0,0.0,1484.7040198617808,0.0,1500.0,0.0,1500.0,0.0,1500.0,0.0,1500.0
210319,Ethan Quinn,254.0,225.0,20.3,191.0,1459.6580161437253,R,8,0.25,0.25,0.0,1440.356942948837,0.0,1500.0,0.5,1504.9498714735798,0.0,1500.0,0.0,1500.0
145001,Evan Furness,208.0,245.0,24.1,173.0,1493.0441446009409,R,1,0.0,0.0,0.0,1492.3485678399038,0.0,1500.0,0.0,1500.0,0.0,1500.0,0.0,1500.0
105960,Evan King,200.0,276.0,25.9,185.0,1484.38410507207,L,5,0.2,0.2,0.2,1475.853130016389,0.0,1500.0,0.0,1500.0,0.0,1500.0,0.0,1500.0
126185,Evgenii Tiurnev,304.0,167.0,24.5,191.0,1488.1268679985005,R,2,0.0,0.0,0.0,1484.7022270392533,0.0,1500.0,0.0,1500.0,0.0,1500.0,0.0,1500.0
105539,Evgeny Donskoy,149.0,456.0,31.4,185.0,1493.6388352943281,R,169,0.3136094674556213,0.2,0.344,1465.5288265065462,0.21428571428571427,1423.2685522472916,0.25,1425.930366622512,0.0,1500.0,0.0,1500.0
106348,Evgeny Karlovskiy,218.0,254.0,24.1,191.0,1489.7073238934079,R,1,0.0,0.0,0.0,1487.2977196885915,0.0,1500.0,0.0,1500.0,0.0,1500.0,0.0,1500.0
104975,Evgeny Kirillov,378.0,106.0,23.9,0.0,1482.197576208092,R,2,0.0,0.0,0.0,1500.0,0.0,1500.0,0.0,1483.9370328571179,0.0,1488.641170226226,0.0,1500.0
105095,Evgeny Korolev,176.0,284.0,25.2,185.0,1552.5096597013455,R,163,0.43558282208588955,0.3,0.5111111111111111,1616.0656391381367,0.3793103448275862,1461.6988393710544,0.18181818181818182,1416.9132150602143,0.25,1463.5686767792297,0.0,1500.0
103583,Evghenii Plugariov,9999.0,0.0,22.0,0.0,1478.5692996190512,R,5,0.4,0.4,0.0,1500.0,0.4,1480.5640404757382,0.0,1500.0,0.0,1500.0,0.0,1500.0
102139,Eyal Ran,384.0,68.0,27.4,183.0,1483.9741712467592,R,1,0.0,0.0,0.0,1500.0,0.0,1484.1254183395695,0.0,1500.0,0.0,1500.0,0.0,1500.0
117349,F Egyir,9999.0,0.0,0.0,0.0,1513.3688009354653,U,1,1.0,1.0,1.0,1514.5641271217237,0.0,1500.0,0.0,1500.0,0.0,1500.0,0.0,1500.0
206681,Fabian Marozsan,59.0,930.0,25.0,193.0,1649.5738447327533,R,70,0.4714285714285714,0.4,0.5217391304347826,1663.1445318589303,0.4444444444444444,1525.809327958214,0.16666666666666666,1458.1355022951795,0.0,1500.0,0.0,1500.0
105245,Fabiano De Paula,458.0,86.0,25.6,178.0,1485.4620392678396,R,1,0.0,0.0,0.0,1500.0,0.0,1484.9902424451802,0.0,1500.0,0.0,1500.0,0.0,1500.0
104926,Fabio Fognini,74.0,745.0,37.4,178.0,1595.3155430170239,R,791,0.5208596713021492,0.2,0.4537313432835821,1513.3145442385635,0.5784313725490197,1635.046941433911,0.5106382978723404,1579.3577948615591,0.0,1484.748947137085,0.0,1500.0
104802,Fabrice Martin,9999.0,0.0,29.7,198.0,1473.5214035198599,R,2,0.0,0.0,0.0,1484.5752836624492,0.0,1500.0,0.0,1484.4059217387992,0.0,1500.0,0.0,1500.0
102148,Fabrice Santoro,67.0,645.0,37.1,178.0,1604.3986204685098,R,429,0.5058275058275058,0.2,0.5175097276264592,1560.284564891393,0.38235294117647056,1415.1133699166116,0.6290322580645161,1645.7690063995663,0.4523809523809524,1516.760733678105,0.0,1500.0
106032,Facundo Arguello,181.0,291.0,26.9,178.0,1395.1043766451305,R,16,0.0625,0.1,0.0,1473.442962178814,0.07692307692307693,1407.2355199022081,0.0,1489.9145881465474,0.0,1500.0,0.0,1500.0
105487,Facundo Bagnis,136.0,460.0,34.1,183.0,1537.7005672876992,L,127,0.3464566929133858,0.5,0.25,1457.3406784233255,0.39361702127659576,1545.883992682311,0.0,1433.0017903798175,0.0,1500.0,0.0,1500.0
207680,Facundo Diaz Acosta,67.0,830.0,23.8,183.0,1565.527626260129,L,40,0.45,0.4,0.18181818181818182,1447.3310777372076,0.5714285714285714,1623.9046226780597,0.0,1488.019395375505,0.0,1500.0,0.0,1500.0
106057,Facundo Mena,151.0,362.0,29.9,183.0,1478.9502583379729,R,1,0.0,0.0,0.0,1481.625153505283,0.0,1500.0,0.0,1500.0,0.0,1500.0,0.0,1500.0
108660,Fadi Youssef,9999.0,0.0,26.8,0.0,1470.104109916751,U,2,0.0,0.0,0.0,1487.452239730914,0.0,1500.0,0.0,1500.0,0.0,1483.263693206478,0.0,1500.0
108964,Faisal Aidil,1335.0,2.0,17.5,0.0,1516.0,U,1,1.0,1.0,1.0,1516.0,0.0,1500.0,0.0,1500.0,0.0,1500.0,0.0,1500.0
111806,Fajing Sun,359.0,139.0,27.9,178.0,1488.6720278858909,R,1,0.0,0.0,0.0,1484.348223588997,0.0,1500.0,0.0,1500.0,0.0,1500.0,0.0,1500.0
209403,Faris Zakaryia,923.0,18.0,23.3,185.0,1481.3102521456085,R,1,0.0,0.0,0.0,1500.0,0.0,1481.704719565015,0.0,1500.0,0.0,1500.0,0.0,1500.0
104736,Farrukh Dustov,225.0,240.0,30.1,196.0,1450.1169016546282,R,34,0.3235294117647059,0.2,0.36363636363636365,1482.5208859907764,0.4375,1489.2496693001867,0.0,1422.1178514393273,0.0,1500.0,0.0,1500.0
108918,Favel Antonio Freyre Perdomo,9999.0,0.0,20.9,0.0,1454.9427300301288,U,3,0.0,0.0,0.0,1484.0,0.0,1470.7519116096653,0.0,1500.0,0.0,1500.0,0.0,1500.0
102467,Fazaluddin Syed,663.0,20.0,26.3,0.0,1447.8006558117736,R,7,0.2857142857142857,0.2857142857142857,0.0,1448.92783344387,0.0,1500.0,0.5,1499.3988854889944,0.0,1500.0,0.0,1500.0
103504,Febi Widhiyanto,9999.0,0.0,26.1,0.0,1602.5257853586625,R,14,0.7857142857142857,0.8,0.7857142857142857,1601.931120711739,0.0,1500.0,0.0,1500.0,0.0,1500.0,0.0,1500.0
144870,Federico Agustin Gomez,174.0,346.0,27.8,191.0,1493.9884555917477,R,3,0.3333333333333333,0.3333333333333333,0.5,1505.941564246863,0.0,1482.7476388217003,0.0,1500.0,0.0,1500.0,0.0,1500.0
102768,Federico Browne,181.0,212.0,28.1,180.0,1472.48530783782,R,27,0.4074074074074074,0.3,0.2857142857142857,1461.241995051605,0.45,1491.6314256032683,0.0,1500.0,0.0,1500.0,0.0,1500.0
108632,Federico Camacho,1328.0,1.0,21.5,0.0,1468.6407567579013,U,2,0.0,0.0,0.0,1500.0,0.0,1468.7149478691165,0.0,1500.0,0.0,1500.0,0.0,1500.0
105948,Federico Coria,79.0,714.0,32.4,180.0,1494.9422049091283,R,123,0.4065040650406504,0.1,0.16666666666666666,1391.12536420302,0.5056179775280899,1550.7935584075974,0.0,1445.1984011894501,0.0,1500.0,0.0,1500.0
105643,Federico Delbonis,131.0,426.0,32.3,193.0,1529.5658223233017,L,359,0.4456824512534819,0.2,0.2647058823529412,1400.3525877221816,0.5428571428571428,1576.0220676222318,0.0,1366.4747473731536,0.0,1500.0,0.0,1500.0
101976,Federico Dondo,823.0,11.0,31.4,0.0,1545.9767675704609,R,12,0.6666666666666666,0.7,0.5,1500.736306793522,0.7,1543.4797621460443,0.0,1500.0,0.0,1500.0,0.0,1500.0
105943,Federico Gaio,174.0,371.0,29.9,178.0,1425.492027304905,R,18,0.16666666666666666,0.1,0.0,1430.767025480534,0.3,1477.6097548472624,0.0,1500.0,0.0,1500.0,0.0,1500.0
103487,Federico Luzzi,111.0,385.0,27.5,188.0,1474.9533374993546,R,47,0.3829787234042553,0.3,0.3333333333333333,1480.580969145156,0.3939393939393939,1462.4192410127434,0.0,1500.0,0.5,1500.007564077631,0.0,1500.0
108920,Federico Rodriguez,9999.0,0.0,25.2,0.0,1460.6276086819514,U,3,0.0,0.0,0.0,1483.3619414160537,0.0,1471.8662144668672,0.0,1500.0,0.0,1500.0,0.0,1500.0
104826,Federico Sansonetti,565.0,57.0,22.8,0.0,1494.9959742643491,R,10,0.5,0.5,0.0,1484.0,0.5555555555555556,1510.5277538213231,0.0,1500.0,0.0,1500.0,0.0,1500.0
105156,Federico Zeballos,743.0,25.0,34.2,185.0,1407.4375594154271,R,16,0.25,0.3,0.375,1476.401117784517,0.125,1411.9247533054797,0.0,1500.0,0.0,1500.0,0.0,1500.0
103852,Feliciano Lopez,634.0,45.0,41.7,188.0,1470.1260727181057,L,968,0.5051652892561983,0.3,0.4908424908424908,1507.5337329621568,0.4752851711026616,1472.8628038233321,0.625,1586.076754423727,0.4782608695652174,1509.845995720099,0.0,1500.0
200335,Felipe Meligeni Alves,144.0,427.0,26.4,185.0,1494.34099993671,R,15,0.3333333333333333,0.3,0.42857142857142855,1508.6364674209087,0.2857142857142857,1491.7110683133428,0.0,1485.0816811837828,0.0,1500.0,0.0,1500.0
103775,Felipe Parada,385.0,77.0,24.7,175.0,1480.9807018061188,R,2,0.0,0.0,0.0,1500.0,0.0,1483.7710025353747,0.0,1500.0,0.0,1500.0,0.0,1500.0
105941,Felipe Rios,1285.0,2.0,18.9,0.0,1484.206189853198,R,1,0.0,0.0,0.0,1500.0,0.0,1487.162882258709,0.0,1500.0,0.0,1500.0,0.0,1500.0
200000,Felix Auger Aliassime,19.0,2130.0,24.2,193.0,1752.9244941667164,R,352,0.5880681818181818,0.5,0.5965665236051502,1669.943846411117,0.5465116279069767,1735.3461962794088,0.6363636363636364,1592.2657513624702,0.0,1500.0,0.0,1500.0
102456,Felix Mantilla,421.0,72.0,32.8,180.0,1582.453239528512,R,234,0.5170940170940171,0.3,0.45714285714285713,1506.7450444600966,0.5695364238410596,1608.8072651560253,0.2,1453.6913723327762,0.25,1439.8247351877726,0.0,1500.0
103602,Fernando Gonzalez,221.0,220.0,31.6,183.0,1704.5781173746389,R,551,0.6497277676950998,0.3,0.6108949416342413,1720.4008351836583,0.7074235807860262,1771.8598566092103,0.6216216216216216,1622.1032989153746,0.5714285714285714,1570.642443263858,0.0,1500.0
101897,Fernando Meligeni,118.0,324.0,32.0,180.0,1554.1620489805323,L,125,0.44,0.5,0.43902439024390244,1521.4581325213114,0.4864864864864865,1530.6678561360102,0.16666666666666666,1448.6833601736212,0.0,1454.751090501891,0.0,1500.0
105262,Fernando Romboli,244.0,198.0,22.0,180.0,1480.7413566343125,R,1,0.0,0.0,0.0,1500.0,0.0,1483.9801051842232,0.0,1500.0,0.0,1500.0,0.0,1500.0
104269,Fernando Verdasco,244.0,229.0,39.4,188.0,1458.5548279640518,L,978,0.5501022494887525,0.1,0.5206611570247934,1520.6746152666951,0.5922077922077922,1539.961533137648,0.5268817204301075,1542.210584101286,0.5625,1534.4397907843932,0.0,1500.0
102950,Fernando Vicente,268.0,245.0,32.2,180.0,1340.8204660662873,R,246,0.3943089430894309,0.0,0.39285714285714285,1425.9010012184099,0.4244604316546763,1384.7165133725682,0.26666666666666666,1441.7995011034432,0.125,1428.40393271836,0.0,1500.0
202262,Filip Cristian Jianu,267.0,202.0,21.3,180.0,1529.2463983217062,R,4,0.75,0.75,0.5,1499.809534069924,0.0,1500.0,0.0,1500.0,0.0,1500.0,1.0,1532.0
102029,Filip Dewulf,171.0,226.0,28.8,190.0,1470.2528768809213,R,9,0.3333333333333333,0.3333333333333333,0.3333333333333333,1486.8725981814198,0.25,1466.9500458016385,0.0,1500.0,0.5,1500.736306793522,0.0,1500.0
106110,Filip Horansky,203.0,289.0,29.1,175.0,1467.3323631414623,R,11,0.18181818181818182,0.1,0.3333333333333333,1506.5698690399392,0.14285714285714285,1451.929905964873,0.0,1482.9904402409516,0.0,1500.0,0.0,1500.0
105936,Filip Krajinovic,93.0,661.0,31.2,185.0,1579.1762741431066,R,246,0.4878048780487805,0.0,0.5061728395061729,1589.7795299695797,0.4520547945205479,1544.8274440395257,0.45454545454545453,1535.855093383233,0.0,1500.0,0.0,1500.0
209209,Filip Misolic,228.0,258.0,22.9,180.0,1557.677139081214,R,18,0.5,0.3,0.25,1496.3706164581788,0.5714285714285714,1552.747883315388,0.0,1500.0,0.0,1500.0,0.0,1500.0
106290,Filip Peliwo,526.0,64.0,21.5,180.0,1463.8169999512468,R,7,0.14285714285714285,0.14285714285714285,0.0,1471.514472735676,0.25,1488.1792386155093,0.0,1500.0,0.0,1500.0,0.0,1500.0
104583,Filip Polasek,582.0,37.0,22.7,196.0,1516.0,R,1,1.0,1.0,0.0,1500.0,1.0,1516.0,0.0,1500.0,0.0,1500.0,0.0,1500.0
104004,Filip Prpic,1426.0,2.0,29.7,173.0,1417.0355407855948,R,14,0.14285714285714285,0.2,0.2857142857142857,1470.3845902303133,0.0,1411.683922954696,0.0,1500.0,0.0,1500.0,0.0,1500.0
103963,Filip Urban,434.0,62.0,22.9,193.0,1469.178295119517,R,4,0.25,0.25,0.0,1500.0,0.25,1466.4944545166306,0.0,1500.0,0.0,1500.0,0.0,1500.0
106374,Filip Veger,836.0,16.0,18.1,0.0,1490.5862120812644,R,1,0.0,0.0,0.0,1484.5648790648315,0.0,1500.0,0.0,1500.0,0.0,1500.0,0.0,1500.0
111795,Filippo Baldi,149.0,370.0,23.5,183.0,1468.1655321124526,R,3,0.0,0.0,0.0,1500.0,0.0,1465.3685853952516,0.0,1500.0,0.0,1500.0,0.0,1500.0
103835,Filippo Volandri,226.0,239.0,34.8,183.0,1380.004878821582,R,380,0.45,0.0,0.12903225806451613,1273.3739327563578,0.5371621621621622,1415.8549834809314,0.18181818181818182,1425.7209074081622,0.18181818181818182,1418.961475189674,0.0,1500.0
207386,Finn Reynolds,9999.0,0.0,21.6,185.0,1489.8486391460772,L,1,0.0,0.0,0.0,1500.0,0.0,1500.0,0.0,1483.8531246372333,0.0,1500.0,0.0,1500.0
110686,Finn Tearney,1018.0,9.0,29.4,183.0,1467.7776089474523,R,5,0.2,0.2,0.2,1464.9116172754082,0.0,1500.0,0.0,1500.0,0.0,1500.0,0.0,1500.0
207134,Fitriadi M Rifqi,569.0,64.0,25.0,175.0,1505.5611633387564,R,6,0.5,0.5,0.5,1503.0443031294353,0.0,1500.0,0.0,1500.0,0.0,1500.0,0.5,1500.0
104262,Flavio Cipolla,147.0,377.0,29.7,173.0,1452.6885956233773,R,96,0.3229166666666667,0.1,0.36538461538461536,1460.3268025921625,0.32432432432432434,1458.8775950527477,0.0,1414.8327645417507,0.0,1500.0,0.0,1500.0
207925,Flavio Cobolli,31.0,1482.0,22.4,183.0,1761.933686569135,R,77,0.5194805194805194,0.6,0.5476190476190477,1705.8183981345962,0.5,1590.4889551552337,0.42857142857142855,1498.470199800496,0.0,1500.0,0.0,1500.0
103581,Flavio Saretta,544.0,90.0,28.6,183.0,1580.4515151597543,R,150,0.48,0.7,0.425,1506.1315021476432,0.5053763440860215,1595.5437331717349,0.5,1502.0229181488671,0.4,1488.4624661014886,0.0,1500.0
103722,Florent Serra,450.0,88.0,33.5,180.0,1463.556678210522,R,284,0.40492957746478875,0.1,0.3973509933774834,1448.6839606618769,0.45,1509.5368165183131,0.34615384615384615,1427.0367546778787,0.14285714285714285,1433.4679634813479,0.0,1500.0
104252,Florian Mayer,193.0,288.0,34.8,190.0,1518.0273909976577,R,485,0.4865979381443299,0.2,0.44594594594594594,1515.6981917506862,0.5,1523.0992800262177,0.5967741935483871,1619.257830490831,0.42857142857142855,1493.7856686420555,0.0,1500.0
104495,Florin Mergea,9999.0,0.0,31.4,180.0,1511.747576335384,R,7,0.42857142857142855,0.42857142857142855,0.0,1487.967272025176,0.6666666666666666,1518.7112753309436,0.5,1500.0768593693967,0.0,1500.0,0.0,1500.0
126207,Frances Tiafoe,17.0,2585.0,26.7,188.0,1749.1620369094524,R,390,0.5128205128205128,0.4,0.516245487364621,1708.7393038069313,0.4657534246575342,1590.1762664779083,0.575,1611.278528235219,0.0,1500.0,0.0,1500.0
103849,Francesco Aldi,238.0,166.0,26.4,175.0,1434.5837780953702,R,9,0.1111111111111111,0.1111111111111111,0.0,1500.0,0.125,1444.2048458501556,0.0,1500.0,0.0,1487.719988400891,0.0,1500.0
208353,Francesco Maestrelli,186.0,298.0,19.8,196.0,1488.37401909506,R,1,0.0,0.0,0.0,1487.324853690633,0.0,1500.0,0.0,1500.0,0.0,1500.0,0.0,1500.0
208859,Francesco Passaro,240.0,248.0,23.3,180.0,1484.2783331131557,R,18,0.3333333333333333,0.4,0.2857142857142857,1483.1437837844162,0.36363636363636365,1482.0807791483771,0.0,1500.0,0.0,1500.0,0.0,1500.0
103437,Francesco Piccari,406.0,137.0,29.6,0.0,1474.933626802391,R,2,0.0,0.0,0.0,1500.0,0.0,1471.6362460178457,0.0,1500.0,0.0,1500.0,0.0,1500.0
108717,Francis Casey Alcantara,1270.0,5.0,24.0,175.0,1539.7471773476782,R,9,0.6666666666666666,0.6666666666666666,0.6666666666666666,1515.966589620679,0.8,1543.7419066467085,0.0,1500.0,0.0,1486.9639182929143,0.0,1500.0
102145,Francisco Cabello,291.0,102.0,27.6,190.0,1481.3657633913224,R,1,0.0,0.0,0.0,1500.0,0.0,1483.0318102135684,0.0,1500.0,0.0,1500.0,0.0,1500.0
144909,Francisco Cabral,9999.0,0.0,27.5,191.0,1496.2255770879565,R,1,0.0,0.0,0.0,1500.0,0.0,1494.2064641753243,0.0,1500.0,0.0,1500.0,0.0,1500.0
202103,Francisco Cerundolo,30.0,1620.0,26.2,185.0,1736.693895807111,R,184,0.5271739130434783,0.6,0.4444444444444444,1647.484794857966,0.5979381443298969,1750.8086727667612,0.4666666666666667,1510.0073059675478,0.0,1500.0,0.0,1500.0
101532,Francisco Clavet,214.0,161.0,34.7,183.0,1441.6745170852996,L,145,0.42758620689655175,0.3,0.4605263157894737,1500.133224121968,0.4067796610169492,1389.929082680757,0.42857142857142855,1488.8433806797727,0.0,1455.9823762194792,0.0,1500.0
207681,Francisco Comesana,108.0,532.0,23.8,178.0,1527.1098035296714,R,11,0.36363636363636365,0.4,0.5,1532.466852259813,0.0,1458.5671949741384,0.6666666666666666,1525.5793659671997,0.0,1500.0,0.0,1500.0
102239,Francisco Costa,264.0,132.0,28.7,180.0,1455.6220630851963,R,5,0.2,0.2,0.0,1468.9755348006552,0.3333333333333333,1482.5675767923879,0.0,1500.0,0.0,1500.0,0.0,1500.0
103032,Francisco Fogues,333.0,102.0,27.7,190.0,1494.2549429575845,L,3,0.3333333333333333,0.3333333333333333,0.0,1500.0,0.3333333333333333,1496.6030995564706,0.0,1500.0,0.0,1500.0,0.0,1500.0
208028,Francisco Llanes,1262.0,5.0,19.4,178.0,1505.061523704307,R,2,0.5,0.5,0.0,1500.0,0.5,1499.470941528238,0.0,1500.0,0.0,1500.0,0.0,1500.0
102740,Francisco Rodriguez,1100.0,6.0,30.0,0.0,1548.061682336847,R,15,0.6666666666666666,0.6,0.5,1504.5624514626945,0.7272727272727273,1555.6074257531086,0.0,1500.0,0.0,1500.0,0.0,1500.0
122082,Francisco Yim Kim,9999.0,0.0,21.3,0.0,1487.232498589381,R,1,0.0,0.0,0.0,1488.0140879774956,0.0,1500.0,0.0,1500.0,0.0,1500.0,0.0,1500.0
106162,Franco Agamenone,136.0,398.0,29.2,191.0,1554.4939682905733,R,5,0.6,0.6,0.0,1500.0,0.6,1544.2179687603789,0.0,1500.0,0.0,1500.0,0.0,1500.0
104392,Franco Ferreiro,185.0,402.0,24.8,188.0,1495.843078728166,R,8,0.375,0.375,0.0,1487.4879544589253,0.42857142857142855,1507.4927139760994,0.0,1500.0,0.0,1500.0,0.0,1500.0
208364,Franco Roncadelli,366.0,136.0,24.5,185.0,1500.703644820581,L,7,0.42857142857142855,0.42857142857142855,0.0,1479.8525111567683,0.6,1515.144812806953,0.0,1500.0,0.0,1500.0,0.0,1500.0
102644,Franco Squillari,135.0,310.0,29.0,183.0,1575.5493316704549,L,198,0.5,0.5,0.39215686274509803,1521.1430853956358,0.5693430656934306,1545.844198286725,0.0,1439.3495940194027,0.16666666666666666,1443.8436901615244,0.0,1500.0
104284,Frank Condor,374.0,83.0,21.2,0.0,1483.5154181063556,U,1,0.0,0.0,0.0,1500.0,0.0,1478.1441736274285,0.0,1500.0,0.0,1500.0,0.0,1500.0
104433,Frank Dancevic,422.0,94.0,32.8,185.0,1535.542954716679,R,174,0.39655172413793105,0.6,0.3867924528301887,1487.2370570922317,0.058823529411764705,1349.0867151352074,0.5,1521.2204321957288,0.6666666666666666,1549.607769362908,0.0,1500.0
102864,Frank Moser,424.0,71.0,30.0,193.0,1478.0247439402544,R,2,0.0,0.0,0.0,1484.0,0.0,1500.0,0.0,1485.502412734143,0.0,1500.0,0.0,1500.0
105015,Franko Skugor,351.0,63.0,31.3,196.0,1466.0490237998288,R,30,0.26666666666666666,0.2,0.3076923076923077,1506.2736149305915,0.2857142857142857,1447.3151674051394,0.0,1450.7373220476425,0.0,1500.0,0.0,1500.0
102886,Frantisek Cermak,9999.0,0.0,35.2,193.0,1465.764951957269,R,23,0.34782608695652173,0.3,0.0,1437.8086873081063,0.4444444444444444,1525.725343375698,0.0,1483.4338318543018,0.0,1500.0,0.0,1500.0
132932,Franz Luna Lavidalie,9999.0,0.0,22.4,0.0,1465.578852381101,R,2,0.0,0.0,0.0,1470.3674517480042,0.0,1500.0,0.0,1500.0,0.0,1500.0,0.0,1500.0
103699,Fred Hemmes,215.0,166.0,22.9,183.0,1486.7655733426484,R,4,0.25,0.25,0.5,1507.7761846673604,0.0,1483.30550163073,0.0,1488.0798066507386,0.0,1500.0,0.0,1500.0
110596,Fred Simonsson,674.0,37.0,21.6,188.0,1484.0,R,1,0.0,0.0,0.0,1500.0,0.0,1484.0,0.0,1500.0,0.0,1500.0,0.0,1500.0
149283,Freddy Murray,9999.0,0.0,20.1,0.0,1516.0,U,1,1.0,1.0,0.0,1500.0,1.0,1516.0,0.0,1500.0,0.0,1500.0,0.0,1500.0
102780,Frederic Niemeyer,487.0,81.0,33.2,190.0,1478.2985775052969,R,39,0.3076923076923077,0.3,0.14285714285714285,1405.086199466372,0.4,1493.5924887993617,0.3333333333333333,1485.998958602608,0.8,1543.7693021270857,0.0,1500.0
108685,Frederick Sletting Johnsen,1380.0,2.0,20.8,0.0,1485.1399521399082,R,3,0.3333333333333333,0.3333333333333333,0.3333333333333333,1486.1123280930494,0.0,1500.0,0.0,1500.0,0.0,1500.0,0.0,1500.0
108913,Frederick Sundsten,9999.0,0.0,25.3,0.0,1484.5194259276539,U,1,0.0,0.0,0.0,1483.19535329699,0.0,1500.0,0.0,1500.0,0.0,1500.0,0.0,1500.0
106393,Frederico Ferreira Silva,185.0,356.0,25.8,178.0,1492.3386156451513,L,12,0.3333333333333333,0.4,0.2,1467.4225368787274,0.42857142857142855,1507.6983037243806,0.0,1500.0,0.0,1500.0,0.0,1500.0
104523,Frederico Gil,213.0,220.0,28.0,173.0,1601.9892797484802,R,139,0.460431654676259,0.5,0.3695652173913043,1517.8989944864024,0.5421686746987951,1598.4805987414125,0.125,1429.725238656034,0.5,1499.2739895327877,0.0,1500.0
101775,Frederik Fetterlein,9999.0,0.0,33.1,190.0,1491.7785493686845,R,3,0.3333333333333333,0.3333333333333333,1.0,1516.0,0.0,1484.0,0.0,1500.0,0.0,1482.1860982175465,0.0,1500.0
104233,Frederik Nielsen,9999.0,0.0,36.5,190.0,1572.3737683291981,R,57,0.45614035087719296,0.8,0.45454545454545453,1524.5564258775985,0.36363636363636365,1478.2101470770958,0.0,1453.4076948988982,0.7,1556.9531779412264,0.0,1500.0
108641,Fredrik Aarum,1332.0,1.0,19.9,0.0,1455.5355338339778,U,3,0.0,0.0,0.0,1484.0,0.0,1469.88882875758,0.0,1500.0,0.0,1500.0,0.0,1500.0
108734,Fredrik Ask,1421.0,2.0,19.8,0.0,1471.2090296969166,U,2,0.0,0.0,0.0,1485.4089793298042,0.0,1486.6866794937202,0.0,1500.0,0.0,1500.0,0.0,1500.0
102966,Fredrik Jonsson,188.0,200.0,24.2,193.0,1366.44079732156,R,22,0.22727272727272727,0.1,0.3076923076923077,1434.5292579182812,0.14285714285714285,1434.0527471479982,0.0,1468.2177643982732,0.0,1500.0,0.0,1500.0
104695,Fritz Wolmarans,477.0,76.0,29.3,0.0,1505.3199767020408,R,8,0.5,0.5,0.5,1504.2352376028061,0.5,1500.0338330211207,0.0,1500.0,0.0,1500.0,0.0,1500.0
110685,G D Jones,817.0,27.0,23.2,183.0,1556.3437673619385,R,10,0.7,0.7,0.7,1552.1066881533816,0.0,1500.0,0.0,1500.0,0.0,1500.0,0.0,1500.0
206589,Gabi Adrian Boitan,364.0,136.0,25.1,185.0,1493.073036292602,R,3,0.3333333333333333,0.3333333333333333,0.5,1498.6845917202704,0.0,1490.8345012858924,0.0,1500.0,0.0,1500.0,0.0,1500.0
121896,Gabor Borsos,552.0,7.0,27.5,193.0,1472.0814773273805,R,5,0.2,0.2,0.3333333333333333,1499.6099979009045,0.0,1469.3211746834736,0.0,1500.0,0.0,1500.0,0.0,1500.0
103317,Gabor Jaross,976.0,6.0,23.4,0.0,1483.408380706521,R,1,0.0,0.0,0.0,1484.0,0.0,1500.0,0.0,1500.0,0.0,1500.0,0.0,1500.0
209113,Gabriel Diallo,86.0,643.0,23.1,203.0,1575.666305525564,R,26,0.4230769230769231,0.6,0.4782608695652174,1562.0837668848947,0.0,1495.8953177435553,0.0,1479.135004839013,0.0,1500.0,0.0,1500.0
126328,Gabriel Donev,796.0,18.0,23.1,180.0,1484.0,R,1,0.0,0.0,0.0,1484.0,0.0,1500.0,0.0,1500.0,0.0,1500.0,0.0,1500.0
108768,Gabriel Flores Ruiz,9999.0,0.0,23.0,0.0,1453.3458292477276,U,5,0.2,0.2,0.2,1454.5369616765684,0.0,1500.0,0.0,1500.0,0.0,1500.0,0.0,1500.0
103419,Gabriel Montilla,882.0,10.0,24.6,0.0,1495.0364179906305,R,4,0.5,0.5,0.5,1496.2172189558996,0.0,1500.0,0.0,1500.0,0.0,1500.0,0.0,1500.0
103925,Gabriel Moraru,418.0,89.0,30.2,180.0,1472.9530167954474,R,2,0.0,0.0,0.0,1500.0,0.0,1474.4404980905445,0.0,1500.0,0.0,1500.0,0.0,1500.0
103563,Gabriel Pitta,726.0,18.0,24.3,0.0,1491.1132567483671,R,1,0.0,0.0,0.0,1500.0,0.0,1491.017782026109,0.0,1500.0,0.0,1500.0,0.0,1500.0
102574,Gabriel Trifu,252.0,115.0,27.8,193.0,1429.0153030779386,R,9,0.1111111111111111,0.1111111111111111,0.0,1500.0,0.25,1478.1540095818577,0.0,1468.0791886121772,0.0,1457.109043563726,0.0,1500.0
103448,Gabriel Trujillo Soler,237.0,163.0,28.5,0.0,1508.2027019123097,R,2,0.5,0.5,0.0,1500.0,0.5,1510.8530181236138,0.0,1500.0,0.0,1500.0,0.0,1500.0
104792,Gael Monfils,52.0,1010.0,38.1,193.0,1802.300261068266,R,866,0.6420323325635104,0.6,0.6678635547576302,1806.2390888447037,0.5919282511210763,1556.1466193362382,0.6052631578947368,1632.8666755395313,0.6,1543.6088584290405,0.0,1500.0
102869,Galo Blanco,347.0,92.0,29.5,173.0,1439.4811868156223,R,135,0.3925925925925926,0.2,0.19047619047619047,1380.8156458304813,0.45794392523364486,1487.7876657276793,0.0,1441.5523351225759,0.0,1456.0375634785576,0.0,1500.0
105671,Gastao Elias,215.0,306.0,30.8,180.0,1495.7636659264517,R,83,0.3373493975903614,0.1,0.14285714285714285,1379.2276033933172,0.45098039215686275,1582.6211676487649,0.0,1452.559545006176,1.0,1516.0,0.0,1500.0
102477,Gaston Etlis,260.0,130.0,28.8,185.0,1506.2142140161961,R,29,0.3793103448275862,0.5,0.6,1559.7653814345083,0.2631578947368421,1409.7368546982173,0.0,1500.0,0.0,1500.0,0.0,1500.0
103292,Gaston Gaudio,174.0,285.0,31.1,175.0,1484.4638062018955,R,432,0.5902777777777778,0.1,0.4351851851851852,1524.373546109925,0.6712328767123288,1497.9571535973623,0.2857142857142857,1466.3582702081442,0.4,1480.715598846687,0.0,1500.0
144821,Genaro Alberto Olivieri,231.0,257.0,24.8,175.0,1531.7445911584339,R,3,0.6666666666666666,0.6666666666666666,0.0,1500.0,0.6666666666666666,1527.1964376336714,0.0,1500.0,0.0,1500.0,0.0,1500.0
108615,Genaro Deleon,9999.0,0.0,30.2,0.0,1484.6345123664764,U,3,0.3333333333333333,0.3333333333333333,0.0,1483.9660918698307,0.5,1500.554032761979,0.0,1500.0,0.0,1500.0,0.0,1500.0
103413,Genius Chidzikwe,745.0,20.0,26.9,0.0,1375.7694839307717,R,16,0.1875,0.1,0.18181818181818182,1394.8005164398398,0.2,1457.9754325736383,0.0,1500.0,0.0,1500.0,0.0,1500.0
144972,Geoffrey Blancaneaux,152.0,385.0,24.5,180.0,1442.0620619594856,R,6,0.0,0.0,0.0,1438.4074315713467,0.0,1489.2174104540752,0.0,1500.0,0.0,1500.0,0.0,1500.0
102567,George Bastl,227.0,332.0,33.8,183.0,1418.0724683115495,R,120,0.325,0.2,0.3717948717948718,1421.7771892241378,0.21428571428571427,1414.7813886959286,0.14285714285714285,1380.6073066791307,0.35714285714285715,1450.860060349558,0.0,1500.0
108976,George Chantouria,9999.0,0.0,18.0,0.0,1483.184906741423,L,1,0.0,0.0,0.0,1500.0,0.0,1500.0,0.0,1500.0,0.0,1484.0,0.0,1500.0
108702,George Kallis,9999.0,0.0,20.8,0.0,1485.6461667062456,U,1,0.0,0.0,0.0,1500.0,0.0,1486.623828131301,0.0,1500.0,0.0,1500.0,0.0,1500.0
108977,George Khrikadze,9999.0,0.0,20.2,0.0,1453.7595159333046,U,3,0.0,0.0,0.0,1484.0,0.0,1485.0034963723313,0.0,1500.0,0.0,1484.0,0.0,1500.0
207785,George Loffhagen,371.0,130.0,22.2,188.0,1482.4002686407655,R,2,0.0,0.0,0.0,1500.0,0.0,1500.0,0.0,1468.850450372972,0.0,1500.0,0.0,1500.0
106106,George Tsivadze,933.0,12.0,26.6,191.0,1429.4624234966423,L,7,0.14285714285714285,0.14285714285714285,0.0,1465.483406769857,0.0,1476.4113066882742,0.0,1500.0,0.3333333333333333,1485.4056607394589,0.0,1500.0
108971,Georgio Bedran,9999.0,0.0,17.2,0.0,1482.6416862686895,R,1,0.0,0.0,0.0,1500.0,0.0,1483.358762662324,0.0,1500.0,0.0,1500.0,0.0,1500.0
105589,Gerald Melzer,287.0,183.0,31.3,188.0,1493.7128614266826,L,52,0.3269230769230769,0.4,0.125,1404.5551446070156,0.4166666666666667,1542.1363032721345,0.0,1500.0,0.0,1500.0,0.0,1500.0
105283,Gerard Granollers,280.0,164.0,24.2,180.0,1452.627650535272,R,4,0.0,0.0,0.0,1500.0,0.0,1455.4165404806904,0.0,1500.0,0.0,1500.0,0.0,1500.0
126204,Gerardo Lopez Villasenor,819.0,19.0,27.3,191.0,1480.2680825206885,R,13,0.38461538461538464,0.4,0.375,1480.0912504821408,0.4,1492.0638142171838,0.0,1500.0,0.0,1500.0,0.0,1500.0
102737,Gergely Kisgyorgy,982.0,7.0,29.3,0.0,1515.1761763276565,R,14,0.5,0.7,0.5714285714285714,1514.4557066190453,1.0,1530.586250744923,0.0,1500.0,0.2,1459.6840333418495,0.0,1500.0
105325,Germain Gigounon,209.0,229.0,26.0,0.0,1497.376624888573,R,1,0.0,0.0,0.0,1500.0,0.0,1495.8545920080421,0.0,1500.0,0.0,1500.0,0.0,1500.0
102153,German Puentes,140.0,285.0,28.7,173.0,1423.3036096458902,R,22,0.2727272727272727,0.2,0.2,1468.7634281420278,0.26666666666666666,1430.3675318517,0.5,1498.2167768278846,0.0,1500.0,0.0,1500.0
108606,Gert Vilms,9999.0,0.0,21.3,0.0,1499.9008299888067,U,2,0.5,0.5,0.0,1484.0,0.0,1500.0,0.0,1500.0,1.0,1516.0,0.0,1500.0
126237,Gian Marco Moroni,181.0,325.0,24.1,185.0,1479.8725079019105,R,4,0.25,0.25,0.0,1482.321153497227,0.3333333333333333,1491.492378796141,0.0,1500.0,0.0,1500.0,0.0,1500.0
126149,Gianluca Mager,67.0,947.0,27.1,188.0,1539.8670805847232,R,58,0.41379310344827586,0.2,0.34615384615384615,1496.9856605898203,0.4666666666666667,1545.7282427476337,0.5,1506.5545208973626,0.0,1500.0,0.0,1500.0
104851,Gianluca Naso,200.0,232.0,26.0,193.0,1422.0131108976052,R,13,0.15384615384615385,0.2,0.0,1500.0,0.15384615384615385,1408.0491110556402,0.0,1500.0,0.0,1500.0,0.0,1500.0
101150,Gianluca Pozzi,122.0,333.0,36.3,180.0,1375.5169975059143,L,78,0.41025641025641024,0.2,0.3953488372093023,1419.8785633150217,0.2,1422.5594450761544,0.5555555555555556,1500.7762106730122,0.42857142857142855,1485.8971602384104,0.0,1500.0
106420,Gianluigi Quinzi,294.0,166.0,21.7,191.0,1483.5687908987607,L,5,0.2,0.2,0.0,1468.5538038138804,0.5,1510.7204541210665,0.0,1500.0,0.0,1500.0,0.0,1500.0
105917,Gianni Mina,269.0,184.0,23.2,185.0,1463.5434750884738,R,4,0.0,0.0,0.0,1500.0,0.0,1457.6586266737706,0.0,1500.0,0.0,1500.0,0.0,1500.0
133835,Gijs Brouwer,190.0,317.0,28.2,191.0,1569.6625423171201,L,26,0.46153846153846156,0.4,0.4444444444444444,1514.3905271394262,0.5555555555555556,1516.1761499591234,0.375,1500.494604329955,0.0,1500.0,0.0,1500.0
108986,Gilbert Wong,9999.0,0.0,21.6,0.0,1468.0544501691359,U,2,0.0,0.0,0.0,1500.0,0.0,1468.0,0.0,1500.0,0.0,1500.0,0.0,1500.0
208144,Giles Hussey,359.0,141.0,27.0,185.0,1512.8036988762815,L,2,0.5,0.5,0.0,1500.0,0.0,1500.0,0.5,1498.4625381240926,0.0,1500.0,0.0,1500.0
211451,Gilles Arnaud Bailly,869.0,21.0,19.0,180.0,1477.0057701187557,R,2,0.0,0.0,0.0,1470.115224761635,0.0,1500.0,0.0,1500.0,0.0,1500.0,0.0,1500.0
103153,Gilles Elseneer,156.0,261.0,28.0,188.0,1462.8377890887277,R,41,0.4146341463414634,0.2,0.3333333333333333,1455.6289818808975,0.3333333333333333,1492.1807722472063,0.45,1478.9216934347564,0.5,1509.1066287091237,0.0,1500.0
107098,Gilles Kremer,9999.0,0.0,33.9,0.0,1390.8111602341023,R,23,0.2608695652173913,0.1,0.35294117647058826,1437.084132064106,0.0,1427.3402855465451,0.0,1500.0,0.0,1500.0,0.0,1500.0
104180,Gilles Muller,127.0,448.0,35.3,193.0,1594.673228855548,L,436,0.5137614678899083,0.3,0.5206896551724138,1576.113729217272,0.4745762711864407,1560.204804035543,0.5384615384615384,1671.4251454129417,0.3333333333333333,1448.2302546866026,0.0,1500.0
104468,Gilles Simon,188.0,295.0,37.8,183.0,1643.3885378289006,R,877,0.56442417331813,0.6,0.57421875,1638.1029892461772,0.5593869731800766,1528.700050190094,0.5483870967741935,1550.800954012723,0.36363636363636365,1481.3966532826623,0.0,1500.0
210249,Gillian Osmont,9999.0,0.0,20.7,0.0,1482.5193810642554,R,1,0.0,0.0,0.0,1484.0,0.0,1500.0,0.0,1500.0,0.0,1500.0,0.0,1500.0
108745,Gino Meeuwsen,9999.0,0.0,18.0,0.0,1484.0,R,1,0.0,0.0,0.0,1484.0,0.0,1500.0,0.0,1500.0,0.0,1500.0,0.0,1500.0
102851,Giorgio Galimberti,204.0,190.0,29.5,180.0,1426.0936579718054,R,24,0.2916666666666667,0.3,0.3333333333333333,1469.2076807795643,0.3333333333333333,1454.5146912502614,0.0,1500.0,0.0,1451.0517073332273,0.0,1500.0
133301,Giovani Samaha,1573.0,2.0,20.9,0.0,1486.6152483683836,L,1,0.0,0.0,0.0,1500.0,0.0,1484.6079252741447,0.0,1500.0,0.0,1500.0,0.0,1500.0
104117,Giovanni Lapentti,641.0,43.0,34.0,193.0,1431.5134784450129,R,48,0.3541666666666667,0.1,0.43478260869565216,1483.051928033467,0.2857142857142857,1429.735130632837,0.25,1476.2596905502808,0.0,1500.0,0.0,1500.0
208659,Giovanni Mpetshi Perricard,31.0,1519.0,21.3,203.0,1688.3370778926474,R,33,0.5454545454545454,0.6,0.5263157894736842,1611.8079878822555,0.6666666666666666,1548.6405399025075,0.5,1514.6139023263277,0.0,1500.0,0.0,1500.0
100943,Girts Dzelde,9999.0,0.0,37.0,173.0,1469.4245413530527,R,2,0.0,0.0,0.0,1500.0,0.0,1485.4358728782763,0.0,1500.0,0.0,1484.0,0.0,1500.0
206748,Giulio Zeppieri,148.0,420.0,22.4,183.0,1493.5835391567498,L,20,0.3,0.3,0.2,1481.9602304844777,0.3333333333333333,1472.504344170771,0.0,1500.0,0.0,1500.0,0.0,1500.0
105163,Gleb Sakharov,252.0,186.0,30.5,185.0,1490.62939777711,R,4,0.25,0.25,0.0,1475.2431679071412,0.5,1508.7415911894057,0.0,1500.0,0.0,1500.0,0.0,1500.0
102785,Glenn Weiner,230.0,153.0,29.8,188.0,1443.2762471327728,R,30,0.3333333333333333,0.2,0.32,1434.768269053262,0.0,1500.0,0.4,1488.3867100670554,0.0,1500.0,0.0,1500.0
104424,Go Soeda,119.0,480.0,35.9,178.0,1523.4832518066855,R,147,0.3741496598639456,0.4,0.3619047619047619,1492.6512888613731,0.3076923076923077,1471.5820835597654,0.23529411764705882,1428.9805475550822,0.75,1578.1484823519822,0.0,1500.0
104028,Goncalo Nicau,586.0,39.0,24.2,0.0,1467.6790677459514,U,2,0.0,0.0,0.0,1483.6389554327861,0.0,1484.0,0.0,1500.0,0.0,1500.0,0.0,1500.0
108767,Gonzales Austin,9999.0,0.0,18.6,0.0,1500.859861741503,L,2,0.5,0.5,0.5,1500.8057925151395,0.0,1500.0,0.0,1500.0,0.0,1500.0,0.0,1500.0
208293,Gonzalo Bueno,273.0,199.0,20.4,173.0,1478.4552546890004,R,3,0.3333333333333333,0.3333333333333333,0.0,1484.0,0.0,1483.263693206478,0.0,1500.0,0.0,1500.0,1.0,1516.0
105271,Gonzalo Escobar,9999.0,0.0,35.6,178.0,1513.6360336898929,L,10,0.5,0.5,1.0,1547.1590648141578,0.2857142857142857,1470.3660998672776,0.0,1500.0,0.0,1500.0,0.0,1500.0
106174,Gonzalo Lama,410.0,110.0,30.2,180.0,1488.9671355863452,R,14,0.5,0.5,0.25,1469.8893023859412,0.6,1520.6904692183396,0.0,1500.0,0.0,1500.0,0.0,1500.0
106380,Gonzalo Villanueva,279.0,174.0,27.5,175.0,1489.4501082098325,R,1,0.0,0.0,0.0,1488.427016854385,0.0,1500.0,0.0,1500.0,0.0,1500.0,0.0,1500.0
108689,Goran Bosalevski,9999.0,0.0,29.8,0.0,1483.260868106717,R,1,0.0,0.0,0.0,1483.2606084485299,0.0,1500.0,0.0,1500.0,0.0,1500.0,0.0,1500.0
101964,Goran Ivanisevic,415.0,65.0,32.7,193.0,1551.8064943649129,L,112,0.4732142857142857,0.3,0.463768115942029,1539.8796512596264,0.08333333333333333,1383.645068914386,0.631578947368421,1593.3811086318342,0.6666666666666666,1546.294399932986,0.0,1500.0
104067,Goran Tosic,499.0,90.0,26.7,0.0,1470.1358405567044,R,4,0.25,0.25,0.0,1500.0,0.25,1472.8458228745378,0.0,1500.0,0.0,1500.0,0.0,1500.0
103165,Gorka Fraile,930.0,9.0,34.2,180.0,1426.1292239432757,R,9,0.1111111111111111,0.1111111111111111,0.0,1491.1745636088276,0.125,1432.16757709486,0.0,1500.0,0.0,1500.0,0.0,1500.0
102300,Gouichi Motomura,273.0,146.0,32.7,173.0,1464.2493975702753,R,46,0.41304347826086957,0.3,0.3448275862068966,1437.100161759614,0.0,1489.155433638229,0.4,1488.2192024511132,0.7,1556.5211691685715,0.0,1500.0
101917,Grant Stafford,472.0,46.0,28.6,188.0,1499.2682991392733,R,2,0.5,0.5,0.5,1499.2682991392733,0.0,1500.0,0.0,1500.0,0.0,1500.0,0.0,1500.0
105286,Greg Jones,373.0,108.0,23.9,190.0,1471.3430309832668,R,7,0.14285714285714285,0.14285714285714285,0.16666666666666666,1471.7407931800851,0.0,1500.0,0.0,1487.0960865282032,0.0,1500.0,0.0,1500.0
102257,Greg Rusedski,136.0,310.0,33.0,193.0,1620.9593881275719,L,288,0.5694444444444444,0.2,0.5696969696969697,1604.5238203686665,0.28125,1456.0557360768885,0.7068965517241379,1688.634889329913,0.6060606060606061,1575.6738405131557,0.0,1500.0
104813,Grega Zemlja,148.0,406.0,30.5,183.0,1576.4512234684835,R,95,0.49473684210526314,0.3,0.44680851063829785,1518.8974083101348,0.5,1534.7877763077227,0.5333333333333333,1530.8616848656995,0.8,1545.770802370143,0.0,1500.0
106296,Gregoire Barrere,166.0,362.0,30.7,183.0,1560.2677003634394,R,101,0.37623762376237624,0.3,0.36666666666666664,1495.5965400533935,0.35714285714285715,1485.145928238773,0.46153846153846156,1508.9273958094357,0.0,1500.0,0.0,1500.0
104393,Gregoire Burquier,205.0,248.0,30.2,0.0,1490.1745093730592,L,1,0.0,0.0,0.0,1480.3800457680468,0.0,1500.0,0.0,1500.0,0.0,1500.0,0.0,1500.0
102571,Gregory Carraz,167.0,233.0,30.7,190.0,1458.3519806324805,R,79,0.4177215189873418,0.2,0.4423076923076923,1496.4500121060019,0.0,1462.0016094040047,0.35714285714285715,1469.204769784565,0.45454545454545453,1491.940206617391,0.0,1500.0
105777,Grigor Dimitrov,9.0,3740.0,33.4,191.0,1916.3898079948847,R,727,0.6134800550206327,0.6,0.6209016393442623,1892.7416805666664,0.588957055214724,1758.667501484568,0.6081081081081081,1661.8808852327327,1.0,1530.5876501844339,0.0,1500.0
105066,Grzegorz Panfil,380.0,102.0,24.0,183.0,1511.2099396175645,L,6,0.5,0.5,0.5,1506.7133241330525,0.0,1465.7564985444865,0.0,1500.0,1.0,1531.263693206478,0.0,1500.0
105819,Guido Andreozzi,406.0,118.0,32.9,183.0,1486.3115084766932,R,40,0.3,0.3,0.35714285714285715,1512.4694788563613,0.2727272727272727,1447.8709769491632,0.25,1472.3064166744819,0.0,1500.0,0.0,1500.0
105550,Guido Pella,203.0,305.0,33.2,183.0,1571.7463195333987,L,272,0.45955882352941174,0.4,0.4051724137931034,1589.3700981432967,0.5153846153846153,1541.095452959249,0.4230769230769231,1522.58681934665,0.0,1500.0,0.0,1500.0
106105,Guilherme Clezar,234.0,225.0,25.2,183.0,1395.9997545169056,R,14,0.07142857142857142,0.1,0.0,1454.8806717538546,0.09090909090909091,1432.0824751764633,0.0,1500.0,0.0,1500.0,0.0,1500.0
102696,Guillaume Couillard,9999.0,0.0,33.5,0.0,1438.2905592745951,R,11,0.2727272727272727,0.3,1.0,1516.0,0.2222222222222222,1439.610788090333,0.0,1500.0,0.0,1485.028269156011,0.0,1500.0
101703,Guillaume Raoux,283.0,114.0,30.2,180.0,1470.0402714596169,R,2,0.0,0.0,0.0,1482.5304984710244,0.0,1488.241206399836,0.0,1500.0,0.0,1500.0,0.0,1500.0
105558,Guillaume Rufin,91.0,589.0,23.2,188.0,1574.747923419965,R,42,0.38095238095238093,0.3,0.47368421052631576,1548.138392877642,0.29411764705882354,1491.1941620197736,0.3333333333333333,1478.7676456120366,0.0,1500.0,0.0,1500.0
104228,Guillem Burniol,505.0,49.0,22.6,0.0,1471.9210434340443,R,2,0.0,0.0,0.0,1500.0,0.0,1471.5706714596954,0.0,1500.0,0.0,1500.0,0.0,1500.0
104739,Guillermo Alcaide,238.0,197.0,24.0,188.0,1493.6754477596407,R,1,0.0,0.0,0.0,1500.0,0.0,1500.0,0.0,1487.4621577698513,0.0,1500.0,0.0,1500.0
103084,Guillermo Canas,151.0,452.0,31.6,185.0,1539.9452900801136,R,366,0.6010928961748634,0.4,0.581081081081081,1569.2635937472476,0.621301775147929,1612.3913527502912,0.6285714285714286,1584.9251303230371,0.5,1515.7570230011074,0.0,1500.0
103020,Guillermo Carter,904.0,8.0,25.5,0.0,1515.197751125587,R,1,1.0,1.0,0.0,1500.0,0.0,1500.0,0.0,1500.0,1.0,1516.0,0.0,1500.0
103909,Guillermo Coria,557.0,41.0,26.4,175.0,1583.7380534106821,R,315,0.6761904761904762,0.3,0.6146788990825688,1683.9057209933903,0.7386363636363636,1658.0990090215646,0.5555555555555556,1562.9517475409634,0.5,1508.1471130469747,0.0,1500.0
104198,Guillermo Garcia Lopez,165.0,326.0,36.2,188.0,1546.7689429236464,R,635,0.4519685039370079,0.3,0.4163934426229508,1504.044085434821,0.49063670411985016,1565.2837485372168,0.4745762711864407,1481.0085175368888,0.25,1479.3511413887024,0.0,1500.0
104503,Guillermo Hormazabal,289.0,158.0,27.5,0.0,1422.5270438185948,R,6,0.0,0.0,0.0,1479.834678007887,0.0,1457.0407195748328,0.0,1500.0,0.0,1483.1962448760296,0.0,1500.0
105128,Guillermo Olaso,309.0,137.0,25.0,175.0,1491.901301624909,U,6,0.3333333333333333,0.3333333333333333,0.0,1482.4130066815328,0.4,1498.8717056165833,0.0,1500.0,0.0,1500.0,0.0,1500.0
105288,Guillermo Rivera Aranguiz,352.0,122.0,22.0,0.0,1493.348140385134,R,1,0.0,0.0,0.0,1500.0,0.0,1486.1688229739395,0.0,1500.0,0.0,1500.0,0.0,1500.0
209870,Gunawan Trismuwantara,9999.0,0.0,18.6,0.0,1501.7835799869815,U,2,0.5,0.5,0.5,1501.9462581174382,0.0,1500.0,0.0,1500.0,0.0,1500.0,0.0,1500.0
211326,Gunawan Trismuwantara,2050.0,1.0,20.6,0.0,1467.2129537303067,U,2,0.0,0.0,0.0,1500.0,0.0,1500.0,0.0,1468.7750062657703,0.0,1500.0,0.0,1500.0
102802,Gunther Darkey,9999.0,0.0,29.0,0.0,1469.0494915385352,R,6,0.3333333333333333,0.3333333333333333,0.5,1494.6288921120029,0.0,1467.9815534457268,0.0,1500.0,0.0,1500.0,0.0,1500.0
208361,Gustavo Heide,155.0,397.0,22.3,191.0,1487.0634279603325,R,7,0.2857142857142857,0.2857142857142857,0.0,1486.6097315949382,0.3333333333333333,1482.9942902686987,0.0,1500.0,0.0,1500.0,0.0,1500.0
102856,Gustavo Kuerten,1141.0,5.0,31.7,190.0,1502.7477311841408,R,319,0.6739811912225705,0.1,0.6458333333333334,1565.088266082475,0.726027397260274,1582.4737069628802,0.4,1493.2324393896874,0.5833333333333334,1566.0248516274726,0.0,1500.0
102985,Gustavo Marcaccio,406.0,74.0,28.9,170.0,1500.2443030527434,R,5,0.4,0.4,0.0,1482.9657373344514,0.5,1515.1354967428044,0.0,1500.0,0.0,1500.0,0.0,1500.0
104658,Gustavo Ramirez,1818.0,1.0,28.2,0.0,1459.7807457135593,U,11,0.36363636363636365,0.3,0.3333333333333333,1486.8995525732876,0.375,1464.4454727866491,0.0,1500.0,0.0,1500.0,0.0,1500.0
104336,Gvidas Sabeckis,564.0,72.0,25.2,0.0,1468.7204729119803,R,2,0.0,0.0,0.0,1482.5471521845388,0.0,1485.1249620366236,0.0,1500.0,0.0,1500.0,0.0,1500.0
108902,Gwinyai Chingoka,9999.0,0.0,20.7,0.0,1483.4801183085337,U,1,0.0,0.0,0.0,1484.3860824671654,0.0,1500.0,0.0,1500.0,0.0,1500.0,0.0,1500.0
102267,Gwinyai Tongoona,1093.0,6.0,32.7,0.0,1434.918382083677,U,4,0.0,0.0,0.0,1467.1628133488364,0.0,1471.1180356554523,0.0,1500.0,0.0,1500.0,0.0,1500.0
104585,Gyorgy Balazs,9999.0,0.0,26.1,0.0,1527.5171385821388,R,5,0.6,0.6,0.0,1498.0388859265397,0.6666666666666666,1516.615878433626,0.0,1500.0,1.0,1515.1425637596324,0.0,1500.0
200273,Hady Habib,268.0,205.0,26.0,188.0,1528.2646239186522,R,15,0.5333333333333333,0.4,1.0,1572.341907993106,0.3333333333333333,1474.9030272574712,0.0,1500.0,0.0,1500.0,0.0,1484.0
104580,Haithem Abid,804.0,17.0,27.7,0.0,1388.8598121629695,L,10,0.1,0.1,0.0,1437.7026615998857,0.16666666666666666,1435.2156174814966,0.0,1500.0,0.0,1500.0,0.0,1500.0
103760,Haluk Akkoyun,1078.0,6.0,30.9,0.0,1451.3641004196331,R,3,0.0,0.0,0.0,1467.9325148173873,0.0,1500.0,0.0,1500.0,0.0,1484.0,0.0,1500.0
209098,Hamad Medjedovic,156.0,378.0,21.3,188.0,1648.4463825721323,R,37,0.5135135135135135,0.5,0.6875,1622.837401059927,0.3888888888888889,1507.801818205251,0.3333333333333333,1492.066312523011,0.0,1500.0,0.0,1500.0
106085,Hamid Reza Nadaf,1588.0,2.0,31.2,183.0,1499.3508624866633,R,2,0.5,0.5,1.0,1516.5434939218617,0.0,1484.0,0.0,1500.0,0.0,1500.0,0.0,1500.0
127195,Hamza Karmoussi,9999.0,0.0,0.0,0.0,1483.2298601853572,U,1,0.0,0.0,0.0,1484.0,0.0,1500.0,0.0,1500.0,0.0,1500.0,0.0,1500.0
120798,Hans Hach Verdugo,621.0,49.0,26.2,183.0,1497.7705407869012,L,2,0.5,0.5,0.5,1500.6913992543275,0.0,1500.0,0.0,1500.0,0.0,1500.0,0.0,1500.0
105070,Hans Podlipnik Castillo,198.0,267.0,28.1,183.0,1512.3101333298061,R,7,0.42857142857142855,0.42857142857142855,0.0,1490.3943726752032,0.5,1516.9368282932094,0.0,1500.0,0.0,1500.0,0.0,1500.0
104294,Hao Lu,603.0,33.0,21.4,0.0,1492.1811184549047,R,6,0.5,0.5,0.3333333333333333,1485.2200114283964,1.0,1531.1678056683393,0.0,1484.736306793522,0.0,1500.0,0.0,1500.0
144896,Hao Sheng Koay,9999.0,0.0,17.5,0.0,1482.9277562769066,U,1,0.0,0.0,0.0,1482.8866254600596,0.0,1500.0,0.0,1500.0,0.0,1500.0,0.0,1500.0
103248,Harel Levy,223.0,214.0,32.1,185.0,1405.9695216062867,R,146,0.3835616438356164,0.3,0.3563218390804598,1389.7541518571256,0.43243243243243246,1467.1200872081286,0.42857142857142855,1481.2273186498553,0.375,1481.775593681871,0.0,1500.0
208004,Harold Mayot,107.0,567.0,22.7,180.0,1504.016662091713,R,19,0.3684210526315789,0.2,0.4166666666666667,1518.8290623274029,0.25,1478.0290694108999,0.3333333333333333,1485.0334676294783,0.0,1500.0,0.0,1500.0
105349,Harri Heliovaara,605.0,37.0,30.7,188.0,1447.8028554146176,R,22,0.36363636363636365,0.4,0.42857142857142855,1487.0006484922246,0.2,1455.6925520377918,0.0,1500.0,0.3333333333333333,1486.0600993612622,0.0,1500.0
117358,Harry Bourchier,324.0,138.0,25.0,185.0,1512.5118224603582,R,2,0.5,0.5,0.5,1511.2921227907655,0.0,1500.0,0.0,1500.0,0.0,1500.0,0.0,1500.0
103468,Harsh Mankad,255.0,144.0,25.5,173.0,1466.5274374567023,R,17,0.35294117647058826,0.3,0.3,1452.1971237838636,0.0,1472.5402175087277,0.75,1528.2057465051653,0.0,1484.0,0.0,1500.0
104631,Harshana Godamanna,9999.0,0.0,30.3,0.0,1566.0431360094758,L,18,0.6666666666666666,0.6,0.75,1555.1963350551205,0.6,1528.5993623181678,0.0,1500.0,0.0,1500.0,0.0,1500.0
108666,Harutyun Sofyan,9999.0,0.0,19.4,180.0,1483.2949722776782,R,1,0.0,0.0,0.0,1484.0,0.0,1500.0,0.0,1500.0,0.0,1500.0,0.0,1500.0
133979,Hasan Ibrahim,1507.0,2.0,24.5,0.0,1488.8518095869867,R,1,0.0,0.0,0.0,1500.0,0.0,1486.217498742083,0.0,1500.0,0.0,1500.0,0.0,1500.0
108729,Hassan Al Mousa,9999.0,0.0,19.3,0.0,1481.115000656954,U,1,0.0,0.0,0.0,1482.0664273042876,0.0,1500.0,0.0,1500.0,0.0,1500.0,0.0,1500.0
104656,Haydn Lewis,9999.0,0.0,34.1,0.0,1405.377589768266,L,14,0.21428571428571427,0.2,0.2727272727272727,1433.4029822326454,0.0,1455.1682332482799,0.0,1500.0,0.0,1500.0,0.0,1500.0
108642,Hayk Hakobyan,9999.0,0.0,22.0,0.0,1484.703886853227,U,1,0.0,0.0,0.0,1500.0,0.0,1484.643592350508,0.0,1500.0,0.0,1500.0,0.0,1500.0
208518,Hazem Naw,9999.0,0.0,20.1,183.0,1500.5853320049612,R,2,0.5,0.5,0.5,1500.5488530055452,0.0,1500.0,0.0,1500.0,0.0,1500.0,0.0,1500.0
108624,Hazuan Hizan,9999.0,0.0,23.8,0.0,1451.180225583264,U,5,0.2,0.2,0.2,1451.7981334982287,0.0,1500.0,0.0,1500.0,0.0,1500.0,0.0,1500.0
102168,Hector Moretti,228.0,146.0,27.4,170.0,1485.8735264969093,R,1,0.0,0.0,0.0,1500.0,0.0,1485.918557206606,0.0,1500.0,0.0,1500.0,0.0,1500.0
102928,Hee Seok Chung,677.0,24.0,29.0,0.0,1553.567568885524,R,9,0.6666666666666666,0.6666666666666666,0.8333333333333334,1557.20863391609,1.0,1516.0,0.0,1500.0,0.0,1471.4151510620368,0.0,1500.0
102889,Hee Sung Chung,722.0,14.0,23.1,0.0,1482.5641271217237,R,1,0.0,0.0,0.0,1500.0,0.0,1500.0,0.0,1500.0,0.0,1483.263693206478,0.0,1500.0
124023,Hei Yin Andrew Li,1511.0,2.0,19.8,0.0,1484.6973001632255,R,1,0.0,0.0,0.0,1484.7248188318947,0.0,1500.0,0.0,1500.0,0.0,1500.0,0.0,1500.0
103033,Helder Lopes,465.0,49.0,25.9,0.0,1478.650423865645,R,6,0.3333333333333333,0.3333333333333333,0.0,1468.426764276449,0.5,1504.0445179092624,0.0,1500.0,0.5,1501.7569656066632,0.0,1500.0
102595,Helge Koll,9999.0,0.0,29.1,0.0,1481.9454695158493,R,7,0.42857142857142855,0.42857142857142855,0.0,1481.0994036816244,0.25,1469.90260112302,0.0,1500.0,1.0,1532.5701498465528,0.0,1500.0
103400,Hendri Susilo Pramono,657.0,20.0,21.2,0.0,1499.290496687421,R,2,0.5,0.5,0.5,1499.2934639133653,0.0,1500.0,0.0,1500.0,0.0,1500.0,0.0,1500.0
102521,Hendrik Dreekmann,856.0,9.0,28.3,188.0,1488.1207203916933,R,2,0.0,0.0,0.0,1500.0,0.0,1500.0,0.0,1471.763638691309,0.0,1500.0,0.0,1500.0
105573,Henri Kontinen,281.0,167.0,21.2,191.0,1526.326703672459,R,13,0.5384615384615384,0.6,0.3333333333333333,1478.1641213217954,1.0,1546.6369367413815,0.5,1503.3641470531904,0.5,1505.0308658687406,0.0,1500.0
105967,Henri Laaksonen,125.0,434.0,30.4,185.0,1473.0537799880067,R,121,0.3884297520661157,0.1,0.373134328358209,1465.9843017969142,0.4230769230769231,1524.5688045972606,0.0,1468.7118387164094,0.0,1500.0,0.0,1500.0
202260,Henri Squire,187.0,314.0,23.9,196.0,1488.8614943590185,R,5,0.2,0.2,0.0,1492.0623272614898,0.5,1506.5090440325498,0.0,1474.042062156964,0.0,1500.0,0.0,1500.0
102983,Henrik Andersson,388.0,68.0,26.1,0.0,1483.069785693078,R,1,0.0,0.0,0.0,1500.0,0.0,1484.0,0.0,1500.0,0.0,1500.0,0.0,1500.0
105759,Henrik Sillanpaa,505.0,70.0,24.2,185.0,1476.2815876368575,R,2,0.0,0.0,0.0,1500.0,0.0,1471.707938660438,0.0,1500.0,0.0,1500.0,0.0,1500.0
210012,Henrique Rocha,159.0,374.0,20.4,180.0,1532.4157319528872,R,6,0.5,0.5,1.0,1542.782342800309,0.25,1482.449801525921,0.0,1500.0,0.0,1500.0,0.0,1500.0
104138,Henry Adjei Darko,426.0,65.0,22.3,0.0,1502.1691160061487,U,6,0.5,0.5,0.5,1502.4551455496191,0.5,1502.7833127911927,0.0,1500.0,0.0,1500.0,0.0,1500.0
108942,Henry Estrella,9999.0,0.0,22.0,0.0,1498.5085741568741,U,6,0.5,0.5,0.0,1484.0,0.6,1515.7030182095723,0.0,1500.0,0.0,1500.0,0.0,1500.0
211902,Henry Searle,539.0,73.0,18.2,193.0,1481.8585024920353,L,2,0.0,0.0,0.0,1500.0,0.0,1500.0,0.0,1472.9698248056393,0.0,1500.0,0.0,1500.0
108984,Henry So,1209.0,4.0,26.3,0.0,1483.5107837780827,R,1,0.0,0.0,0.0,1483.4575834709253,0.0,1500.0,0.0,1500.0,0.0,1500.0,0.0,1500.0
102687,Herbert Wiltschnig,342.0,85.0,26.6,185.0,1463.7550200603716,R,4,0.25,0.25,0.0,1500.0,0.25,1467.86970528457,0.0,1500.0,0.0,1500.0,0.0,1500.0
109520,Herkko Pollanen,713.0,30.0,19.5,0.0,1493.0682598381056,R,3,0.3333333333333333,0.3333333333333333,0.3333333333333333,1493.8867762175782,0.0,1500.0,0.0,1500.0,0.0,1500.0,0.0,1500.0
102997,Hermes Gamonal,263.0,135.0,27.3,180.0,1493.027323374003,R,12,0.4166666666666667,0.4,0.5,1498.2820916580215,0.4444444444444444,1503.581986359008,0.0,1500.0,0.0,1484.736306793522,0.0,1500.0
106292,Hernan Casanova,321.0,147.0,28.4,178.0,1484.6213586691197,R,1,0.0,0.0,0.0,1500.0,0.0,1482.0649010633006,0.0,1500.0,0.0,1500.0,0.0,1500.0
102024,Hernan Gumy,132.0,293.0,28.9,188.0,1434.2753573052755,R,31,0.3548387096774194,0.4,0.3,1451.2858397671675,0.4,1458.0773947421826,0.0,1484.7643307513192,0.0,1500.0,0.0,1500.0
200622,Hernando Jose Escurra Isnardi,1329.0,4.0,25.1,183.0,1483.667870860032,R,3,0.3333333333333333,0.3333333333333333,0.0,1484.0,1.0,1516.0,0.0,1500.0,0.0,1500.0,0.0,1484.0
212718,Heve Kelley,9999.0,0.0,26.8,0.0,1491.7994264021559,U,1,0.0,0.0,0.0,1491.4935866808937,0.0,1500.0,0.0,1500.0,0.0,1500.0,0.0,1500.0
102271,Hicham Arazi,138.0,321.0,31.4,175.0,1552.0605266778095,L,219,0.5068493150684932,0.2,0.52,1542.2915697994479,0.43478260869565216,1479.075318091876,0.5652173913043478,1552.2639482357147,0.5925925925925926,1549.173787372251,0.0,1500.0
105830,Hicham Khaddari,513.0,66.0,22.6,0.0,1484.1789266597555,R,5,0.4,0.4,0.0,1500.0,0.4,1485.522030568095,0.0,1500.0,0.0,1500.0,0.0,1500.0
125572,Hillel Rousseau,9999.0,0.0,17.7,180.0,1435.9786951805763,R,4,0.0,0.0,0.0,1468.15847481078,0.0,1467.2068429309816,0.0,1500.0,0.0,1500.0,0.0,1500.0
104082,Hiroki Kondo,589.0,39.0,25.9,178.0,1472.0168659840722,R,4,0.25,0.25,0.25,1467.3305954012458,0.0,1500.0,0.0,1500.0,0.0,1500.0,0.0,1500.0
105655,Hiroki Moriya,253.0,193.0,31.9,168.0,1489.4527306956875,R,14,0.21428571428571427,0.2,0.23076923076923078,1485.1866949563127,0.0,1500.0,0.0,1492.5609958715925,0.0,1500.0,0.0,1500.0
103187,Hisham Hemeda,1304.0,1.0,22.2,0.0,1484.0,R,1,0.0,0.0,0.0,1500.0,0.0,1500.0,0.0,1500.0,0.0,1484.0,0.0,1500.0
104299,Hiu Tung Yu,9999.0,0.0,28.1,0.0,1467.225579946339,L,27,0.4444444444444444,0.5,0.45454545454545453,1471.0914688947153,0.4,1486.8278033022216,0.0,1500.0,0.0,1500.0,0.0,1500.0
208029,Holger Rune,13.0,3005.0,21.5,188.0,1881.7849866215483,R,214,0.6214953271028038,0.7,0.626984126984127,1826.257139157292,0.6197183098591549,1771.4825617697907,0.5882352941176471,1582.1769413484105,0.0,1500.0,0.0,1500.0
106184,Hong Chung,655.0,39.0,23.1,170.0,1466.4454486571267,L,2,0.0,0.0,0.0,1483.3458547923294,0.0,1500.0,0.0,1483.217816639697,0.0,1500.0,0.0,1500.0
138846,Hong Kit Jack Wong,1643.0,2.0,25.4,0.0,1486.7212659526188,R,7,0.42857142857142855,0.42857142857142855,0.42857142857142855,1489.2242588249085,0.0,1500.0,0.0,1500.0,0.0,1500.0,0.0,1500.0
104547,Horacio Zeballos,152.0,373.0,33.3,188.0,1625.6258582984226,L,216,0.41203703703703703,0.4,0.3780487804878049,1548.1156790224986,0.4628099173553719,1600.1595603510175,0.15384615384615385,1394.2648047799453,0.0,1500.0,0.0,1500.0
104486,Horia Tecau,550.0,42.0,23.0,193.0,1471.9636336129633,R,3,0.0,0.0,0.0,1470.1464043307658,0.0,1500.0,0.0,1500.0,0.0,1500.0,0.0,1500.0
105448,Hsien Yin Peng,9999.0,0.0,27.1,180.0,1472.4318781136258,R,2,0.0,0.0,0.0,1471.537935450395,0.0,1500.0,0.0,1500.0,0.0,1500.0,0.0,1500.0
105148,Hsin Han Lee,815.0,14.0,22.1,181.0,1472.2492414447277,R,4,0.25,0.25,0.5,1500.9512234966421,0.0,1500.0,0.0,1500.0,0.0,1469.6026231159876,0.0,1500.0
128034,Hubert Hurkacz,14.0,2810.0,27.7,196.0,1882.4616192203125,R,344,0.6046511627906976,0.6,0.6058091286307054,1797.833713183637,0.5692307692307692,1739.3598553785632,0.6578947368421053,1690.6798159919642,0.0,1500.0,0.0,1500.0
103204,Hugo Armando,205.0,192.0,29.8,183.0,1467.494014553679,R,43,0.3023255813953488,0.4,0.4,1509.6164946293177,0.2894736842105263,1431.2300083971345,0.0,1500.0,0.0,1500.0,0.0,1500.0
106198,Hugo Dellien,106.0,529.0,31.2,180.0,1455.1655130933918,R,96,0.3541666666666667,0.2,0.2222222222222222,1428.7455954251,0.4,1468.185326278988,0.0,1456.6654966182318,0.0,1500.0,0.0,1500.0
200384,Hugo Gaston,81.0,712.0,24.1,173.0,1578.0892037799179,L,93,0.40860215053763443,0.4,0.34,1496.0608674372088,0.4864864864864865,1589.9502475979061,0.5,1503.6180199035334,0.0,1500.0,0.0,1500.0
126409,Hugo Grenier,173.0,341.0,28.4,196.0,1473.3001727192625,R,23,0.30434782608695654,0.2,0.3076923076923077,1460.7342930115715,0.25,1473.5848512405862,0.5,1499.3477870681495,0.0,1500.0,0.0,1500.0
105714,Hugo Nys,9999.0,0.0,33.5,185.0,1500.9652924935524,R,2,0.5,0.5,0.0,1486.692783038423,1.0,1516.0,0.0,1500.0,0.0,1500.0,0.0,1500.0
108617,Hussain Al Ashwak,9999.0,0.0,25.4,0.0,1483.913645286886,U,5,0.4,0.4,0.4,1484.2324932101822,0.0,1500.0,0.0,1500.0,0.0,1500.0,0.0,1500.0
111202,Hyeon Chung,139.0,383.0,23.4,188.0,1739.1548390727417,R,146,0.547945205479452,0.5,0.5486725663716814,1689.7775596057452,0.5666666666666667,1651.4593747563076,0.3333333333333333,1482.6248271586728,0.0,1500.0,0.0,1500.0
105036,Hyun Joon Kim,800.0,15.0,23.3,0.0,1515.5664399706532,L,3,0.6666666666666666,0.6666666666666666,1.0,1529.6141520862873,0.0,1485.1225908372787,0.0,1500.0,0.0,1500.0,0.0,1500.0
104565,Hyun Joon Suk,1100.0,5.0,19.7,0.0,1469.151709989167,R,2,0.0,0.0,0.0,1500.0,0.0,1470.0715691842238,0.0,1500.0,0.0,1500.0,0.0,1500.0
104478,Hyun Woo Nam,467.0,60.0,23.7,0.0,1478.7380869397227,R,3,0.3333333333333333,0.3333333333333333,0.3333333333333333,1479.4016931379626,0.0,1500.0,0.0,1500.0,0.0,1500.0,0.0,1500.0
102703,Hyung Taik Lee,153.0,466.0,33.5,180.0,1588.1168711055132,R,294,0.47619047619047616,0.5,0.4635416666666667,1572.70772313499,0.48214285714285715,1551.7843090257522,0.5,1540.2879024578306,0.6,1524.2718354899753,0.0,1500.0
103913,Ian Flanagan,866.0,10.0,22.3,0.0,1534.9140634813566,U,3,0.6666666666666666,0.6666666666666666,0.0,1500.0,0.0,1500.0,0.6666666666666666,1528.0565815709872,0.0,1500.0,0.0,1500.0
108972,Ibrahim Abou Chahine,9999.0,0.0,24.5,0.0,1436.7418456178534,R,5,0.0,0.0,0.0,1447.0494322159172,0.0,1486.2400897296284,0.0,1500.0,0.0,1500.0,0.0,1500.0
109257,Ignaci Roca,9999.0,0.0,28.7,0.0,1441.630640874063,R,4,0.0,0.0,0.0,1441.8240201230333,0.0,1500.0,0.0,1500.0,0.0,1500.0,0.0,1500.0
209860,Ignacio Buse,212.0,282.0,20.4,185.0,1512.6587750759518,R,4,0.5,0.5,0.3333333333333333,1492.897971887725,1.0,1515.529958514229,0.0,1500.0,0.0,1500.0,0.0,1500.0
202378,Ignacio Carou,828.0,24.0,24.1,178.0,1444.2061986079182,R,4,0.0,0.0,0.0,1500.0,0.0,1441.169302309844,0.0,1500.0,0.0,1500.0,0.0,1500.0
200620,Ignacio Garcia,9999.0,0.0,20.7,0.0,1453.7962850934605,U,5,0.2,0.2,0.2,1454.190136270309,0.0,1500.0,0.0,1500.0,0.0,1500.0,0.0,1500.0
102715,Ignacio Hirigoyen,322.0,97.0,26.2,183.0,1477.3597211220397,R,4,0.25,0.25,0.0,1487.374617867033,0.3333333333333333,1481.3506556450586,0.0,1500.0,0.0,1500.0,0.0,1500.0
104214,Igor Andreev,416.0,87.0,29.9,185.0,1565.6658235595462,R,454,0.5066079295154186,0.2,0.4708994708994709,1546.1295672837584,0.539906103286385,1562.6260615070862,0.48484848484848486,1498.2715130990052,0.5263157894736842,1531.3351706774945,0.0,1500.0
108966,Igor Chaldounov,9999.0,0.0,31.2,0.0,1484.8367719920966,U,1,0.0,0.0,0.0,1484.8769462483276,0.0,1500.0,0.0,1500.0,0.0,1500.0,0.0,1500.0
102572,Igor Gaudi,218.0,157.0,25.2,188.0,1486.6804398336292,R,1,0.0,0.0,0.0,1500.0,0.0,1500.0,0.0,1484.0,0.0,1500.0,0.0,1500.0
102086,Igor Kornienko,693.0,18.0,28.3,0.0,1494.1114467508955,R,1,0.0,0.0,0.0,1491.9758218927414,0.0,1500.0,0.0,1500.0,0.0,1500.0,0.0,1500.0
103857,Igor Kunitsyn,167.0,322.0,31.4,180.0,1429.6710967570582,R,234,0.36324786324786323,0.1,0.3708609271523179,1446.4806972905737,0.26666666666666666,1425.9638343655902,0.29411764705882354,1408.483244149279,0.5789473684210527,1562.475903574529,0.0,1500.0
103621,Igor Levine,854.0,10.0,22.9,0.0,1483.5929790760292,U,1,0.0,0.0,0.0,1483.3599584042202,0.0,1500.0,0.0,1500.0,0.0,1500.0,0.0,1500.0
104997,Igor Sijsling,114.0,543.0,28.9,191.0,1455.9807206012988,R,136,0.35294117647058826,0.3,0.345679012345679,1452.7994552371044,0.30303030303030304,1454.6812405971893,0.45454545454545453,1497.6756999663396,0.0,1500.0,0.0,1500.0
103666,Ilia Kushev,520.0,48.0,25.5,0.0,1496.0766026862998,R,8,0.375,0.375,0.0,1500.0,0.2857142857142857,1474.407466408291,0.0,1500.0,1.0,1516.0,0.0,1500.0
104592,Ilija Bozoljac,268.0,170.0,28.4,193.0,1470.467913734147,R,31,0.3548387096774194,0.2,0.18181818181818182,1427.8439767937407,0.5,1512.2087315726292,0.3333333333333333,1476.0710609925584,0.6,1511.9500937390994,0.0,1500.0
105394,Ilija Martinoski,928.0,18.0,19.9,0.0,1438.6183258688677,R,6,0.16666666666666666,0.16666666666666666,0.0,1453.6276304960527,0.3333333333333333,1484.3548657279366,0.0,1500.0,0.0,1500.0,0.0,1500.0
210721,Iliyan Radulov,766.0,30.0,19.2,187.0,1516.736306793522,R,1,1.0,1.0,0.0,1500.0,1.0,1516.0,0.0,1500.0,0.0,1500.0,0.0,1500.0
207277,Illia Biloborodko,747.0,25.0,21.3,183.0,1475.6529847821157,R,2,0.0,0.0,0.0,1489.1261365565322,0.0,1483.5768145002958,0.0,1500.0,0.0,1500.0,0.0,1500.0
105011,Illya Marchenko,267.0,221.0,35.9,185.0,1494.7918033463884,R,154,0.38311688311688313,0.3,0.4396551724137931,1519.951626699719,0.16666666666666666,1409.0055444366926,0.25,1401.547590237998,0.0,1500.0,0.0,1500.0
102331,Ilou Lonfo,9999.0,0.0,27.4,0.0,1501.5350428894697,R,2,0.5,0.5,1.0,1516.0,0.0,1484.0,0.0,1500.0,0.0,1500.0,0.0,1500.0
105609,Ilya Belyaev,334.0,127.0,20.1,180.0,1490.0403229655776,R,1,0.0,0.0,0.0,1486.7146959595389,0.0,1500.0,0.0,1500.0,0.0,1500.0,0.0,1500.0
125802,Ilya Ivashka,103.0,571.0,29.5,193.0,1595.872085936131,R,173,0.4913294797687861,0.3,0.5135135135135135,1606.0231137236951,0.41025641025641024,1525.6967173008516,0.5217391304347826,1527.6975396317464,0.0,1500.0,0.0,1500.0
209943,Ilya Snitari,740.0,34.0,21.8,188.0,1467.1666369228385,R,2,0.0,0.0,0.0,1500.0,0.0,1467.8825117327983,0.0,1500.0,0.0,1500.0,0.0,1500.0
108897,Inam Gul,9999.0,0.0,21.2,0.0,1483.0965598792302,U,1,0.0,0.0,0.0,1500.0,0.0,1500.0,0.0,1500.0,0.0,1486.0340478444389,0.0,1500.0
103353,Ingo Neumuller,886.0,8.0,24.3,183.0,1486.3227593243912,R,1,0.0,0.0,0.0,1500.0,0.0,1482.912767105223,0.0,1500.0,0.0,1500.0,0.0,1500.0
105438,Inigo Cervantes Huegun,125.0,465.0,27.2,180.0,1503.5697187431724,R,49,0.3469387755102041,0.3,0.3076923076923077,1496.6367067041206,0.375,1478.4608741101122,0.25,1481.918156724882,0.0,1500.0,0.0,1500.0
209354,Ioannis Xilas,770.0,29.0,23.3,0.0,1515.052342112785,U,2,0.5,0.5,0.5,1515.0288079535947,0.0,1500.0,0.0,1500.0,0.0,1500.0,0.0,1500.0
103118,Ion Moldovan,393.0,72.0,25.6,188.0,1441.6825828391536,R,7,0.14285714285714285,0.14285714285714285,0.0,1500.0,0.16666666666666666,1449.8396187823012,0.0,1500.0,0.0,1484.577755455307,0.0,1500.0
108675,Iphton Louis,9999.0,0.0,28.7,0.0,1452.7735632319104,U,5,0.2,0.2,0.5,1501.0376540462676,0.0,1453.9433290550346,0.0,1500.0,0.0,1500.0,0.0,1500.0
103789,Irakli Labadze,523.0,96.0,27.7,188.0,1565.0891368541772,L,126,0.3968253968253968,0.6,0.3333333333333333,1469.0814763928545,0.4642857142857143,1547.7985691640151,0.3333333333333333,1470.3456015165998,0.42857142857142855,1490.442046934338,0.0,1500.0
134854,Irakli Metreveli,2085.0,1.0,17.9,0.0,1484.6763665959609,U,1,0.0,0.0,0.0,1500.0,0.0,1500.0,0.0,1500.0,0.0,1484.736306793522,0.0,1500.0
103937,Irakli Ushangishvili,1104.0,5.0,23.4,0.0,1465.0974261889853,U,4,0.25,0.25,0.0,1481.35180843305,0.5,1500.4894571168966,0.0,1500.0,0.0,1484.6992289917966,0.0,1500.0
208653,Isaac Becroft,1016.0,9.0,21.8,180.0,1491.4910958698354,R,1,0.0,0.0,0.0,1491.1781383528885,0.0,1500.0,0.0,1500.0,0.0,1500.0,0.0,1500.0
106035,Isak Arvidsson,569.0,57.0,24.4,188.0,1441.5013827387265,R,9,0.1111111111111111,0.1111111111111111,0.125,1442.18535644175,0.0,1485.3722478717984,0.0,1500.0,0.0,1500.0,0.0,1500.0
208043,Ismael Changawa Ruwa Mzai,9999.0,0.0,23.6,0.0,1478.8467449004343,L,1,0.0,0.0,0.0,1479.0988924961873,0.0,1500.0,0.0,1500.0,0.0,1500.0,0.0,1500.0
104191,Ismar Gorcic,563.0,43.0,27.1,0.0,1483.349716389578,R,3,0.3333333333333333,0.3333333333333333,0.0,1500.0,0.3333333333333333,1484.316598293039,0.0,1500.0,0.0,1500.0,0.0,1500.0
104099,Israel Matos Gil,512.0,45.0,22.3,0.0,1487.5357263747637,U,2,0.0,0.0,0.0,1500.0,0.0,1485.4119842554658,0.0,1500.0,0.0,1500.0,0.0,1500.0
104712,Israel Morales,9999.0,0.0,20.0,0.0,1491.4345785598653,R,3,0.3333333333333333,0.3333333333333333,0.3333333333333333,1492.676533864307,0.0,1500.0,0.0,1500.0,0.0,1500.0,0.0,1500.0
105372,Issam Al Tawil,918.0,11.0,23.7,0.0,1464.545900744449,R,7,0.2857142857142857,0.2857142857142857,0.2,1461.3172659430938,0.5,1500.38555533945,0.0,1500.0,0.0,1500.0,0.0,1500.0
102814,Iurie Gorban,9999.0,0.0,25.0,0.0,1465.5085467455,R,2,0.0,0.0,0.0,1500.0,0.0,1484.0,0.0,1500.0,0.0,1483.3312356809845,0.0,1500.0
103949,Ivan Cerovic,355.0,87.0,23.9,190.0,1481.0167960109613,L,1,0.0,0.0,0.0,1500.0,0.0,1481.6563749606228,0.0,1500.0,0.0,1500.0,0.0,1500.0
104471,Ivan Dodig,412.0,97.0,32.5,183.0,1588.5801366827125,R,245,0.46122448979591835,0.3,0.4675324675324675,1491.6907408751003,0.42857142857142855,1622.8287488639153,0.5,1541.977219154914,0.0,1500.0,0.0,1500.0
105111,Ivan Endara,597.0,48.0,29.9,0.0,1470.6810981571323,R,15,0.3333333333333333,0.4,0.25,1472.8665227634915,0.36363636363636365,1479.5363775510334,0.0,1500.0,0.0,1500.0,0.0,1500.0
123809,Ivan Gakhov,280.0,202.0,27.4,191.0,1503.9948956173175,L,4,0.25,0.25,0.0,1500.0,0.25,1493.5505037470946,0.0,1500.0,0.0,1500.0,0.0,1500.0
103344,Ivan Ljubicic,53.0,840.0,33.0,193.0,1700.68254271043,R,677,0.6070901033973413,0.3,0.6223958333333334,1663.08133730157,0.5688622754491018,1728.8456118547995,0.4897959183673469,1557.6912804785143,0.6883116883116883,1703.4210286681732,0.0,1500.0
103525,Ivan Miranda,674.0,26.0,31.3,175.0,1434.1537542192466,R,54,0.3888888888888889,0.2,0.2777777777777778,1418.4954287639816,0.43333333333333335,1486.398350851036,0.6666666666666666,1511.9647956736028,0.3333333333333333,1485.4376414011622,0.0,1500.0
103868,Ivan Navarro,232.0,212.0,30.5,183.0,1477.801131791492,R,98,0.336734693877551,0.3,0.2,1414.783285823218,0.39285714285714285,1477.8484608086071,0.35294117647058826,1471.2914689490494,0.0,1500.0,0.0,1500.0
104729,Ivan Nedelko,508.0,63.0,26.3,185.0,1478.8656219745114,R,2,0.0,0.0,0.0,1472.394375221087,0.0,1500.0,0.0,1500.0,0.0,1500.0,0.0,1500.0
105079,Ivan Sergeyev,163.0,306.0,22.1,175.0,1568.8210993972452,R,6,0.8333333333333334,0.8333333333333334,0.8333333333333334,1569.1228096175007,0.0,1500.0,0.0,1500.0,0.0,1500.0,0.0,1500.0
103256,Ivan Vajda,240.0,149.0,23.0,0.0,1458.7493882995823,R,3,0.0,0.0,0.0,1500.0,0.0,1458.0778709170888,0.0,1500.0,0.0,1500.0,0.0,1500.0
103296,Ivaylo Traykov,476.0,58.0,28.5,188.0,1482.3623090569054,R,15,0.4666666666666667,0.4,0.0,1500.0,0.375,1468.7250767898365,0.0,1500.0,0.5714285714285714,1516.06695078944,0.0,1500.0
103155,Ivo Bratanov,872.0,9.0,24.3,0.0,1470.232256312453,R,2,0.0,0.0,0.0,1469.4049280472937,0.0,1500.0,0.0,1500.0,0.0,1500.0,0.0,1500.0
102730,Ivo Heuberger,191.0,217.0,29.5,188.0,1435.4756000390817,R,75,0.32,0.4,0.3333333333333333,1421.7605733356083,0.16666666666666666,1411.8491179343787,0.3333333333333333,1480.9367653122335,0.4166666666666667,1476.2299309250047,0.0,1500.0
103333,Ivo Karlovic,221.0,309.0,42.5,208.0,1535.9045017175213,R,695,0.5223021582733813,0.2,0.5229357798165137,1518.2446388030426,0.42857142857142855,1527.8992034247572,0.6293103448275862,1591.7058067346672,0.47058823529411764,1487.5060027218567,0.0,1500.0
103657,Ivo Klec,416.0,91.0,32.1,183.0,1454.9854471140104,R,9,0.2222222222222222,0.2222222222222222,0.2,1474.4851012713566,0.25,1474.1466066691123,0.0,1500.0,0.0,1500.0,0.0,1500.0
108599,Ivo Lagzdins,9999.0,0.0,19.8,0.0,1469.435553731917,U,2,0.0,0.0,0.0,1500.0,0.0,1484.736306793522,0.0,1500.0,0.0,1484.0,0.0,1500.0
104371,Ivo Minar,187.0,267.0,28.3,183.0,1517.0265068294104,R,99,0.32323232323232326,0.3,0.36585365853658536,1510.5780578025986,0.3333333333333333,1491.3399093922005,0.23076923076923078,1431.3208524110798,0.0,1455.0233787657385,0.0,1500.0
108655,Ivor Grazette,9999.0,0.0,27.6,0.0,1467.700802849508,U,2,0.0,0.0,0.0,1468.6568539413527,0.0,1500.0,0.0,1500.0,0.0,1500.0,0.0,1500.0
104292,Izak Van Der Merwe,188.0,267.0,28.6,196.0,1540.9628369504082,R,30,0.5,0.4,0.5714285714285714,1534.8590237778876,0.3333333333333333,1488.4404701469873,0.5,1501.726881883404,0.0,1466.8099077760478,0.0,1500.0
101970,Iztok Bozic,567.0,33.0,30.7,0.0,1529.4792388655262,R,6,0.6666666666666666,0.6666666666666666,1.0,1530.8207045590377,0.5,1501.6567293003552,0.0,1500.0,0.0,1500.0,0.0,1500.0
200670,J J Wolf,143.0,436.0,25.6,183.0,1546.1325062355525,R,97,0.4639175257731959,0.2,0.4666666666666667,1531.937863144417,0.4375,1504.2093088022684,0.5,1509.5633204964968,0.0,1500.0,0.0,1500.0
105145,Jaak Poldma,1149.0,4.0,23.8,0.0,1468.2891673843105,R,9,0.3333333333333333,0.3333333333333333,0.42857142857142855,1494.8761202605704,0.0,1487.3971221263546,0.0,1500.0,0.0,1486.2147535649076,0.0,1500.0
122260,Jaan Kononov,9999.0,0.0,20.4,0.0,1486.216740475425,R,1,0.0,0.0,0.0,1484.7001408388846,0.0,1500.0,0.0,1500.0,0.0,1500.0,0.0,1500.0
106325,Jabor Al Mutawa,9999.0,0.0,23.6,0.0,1442.7419734857112,U,4,0.0,0.0,0.0,1442.4237280830837,0.0,1500.0,0.0,1500.0,0.0,1500.0,0.0,1500.0
102855,Jack Brasington,175.0,204.0,26.6,188.0,1442.8030655150078,R,10,0.2,0.2,0.16666666666666666,1451.6281759138742,0.3333333333333333,1485.1374249872429,0.0,1482.307014779868,0.0,1500.0,0.0,1500.0
212970,Jack Cheng,1600.0,2.0,15.6,0.0,1484.700762038462,U,1,0.0,0.0,0.0,1484.0,0.0,1500.0,0.0,1500.0,0.0,1500.0,0.0,1500.0
207733,Jack Draper,15.0,2800.0,22.8,193.0,1920.1292854728633,L,121,0.6363636363636364,0.9,0.6625,1853.8512390364654,0.47368421052631576,1558.540533398234,0.6818181818181818,1631.7548690705637,0.0,1500.0,0.0,1500.0
211638,Jack Loutit,790.0,27.0,20.2,0.0,1516.974873091027,L,1,1.0,1.0,1.0,1516.6132424997443,0.0,1500.0,0.0,1500.0,0.0,1500.0,0.0,1500.0
200368,Jack Mingjie Lin,9999.0,0.0,19.8,0.0,1481.8039404778538,R,1,0.0,0.0,0.0,1481.4584926706407,0.0,1500.0,0.0,1500.0,0.0,1500.0,0.0,1500.0
106058,Jack Sock,166.0,359.0,30.5,191.0,1600.0850007653366,R,320,0.540625,0.3,0.5407725321888412,1572.380761869083,0.5517241379310345,1603.0292092053028,0.5172413793103449,1540.842375470348,0.0,1500.0,0.0,1500.0
103623,Jacob Adaktusson,265.0,133.0,25.3,193.0,1489.4918892462135,R,1,0.0,0.0,0.0,1487.7005873087069,0.0,1500.0,0.0,1500.0,0.0,1500.0,0.0,1500.0
212041,Jacob Bicknell,9999.0,0.0,23.6,0.0,1484.0,U,1,0.0,0.0,0.0,1500.0,0.0,1500.0,0.0,1500.0,0.0,1500.0,0.0,1484.0
126116,Jacob Coenraad De Klerk,1485.0,2.0,21.3,0.0,1486.562562548665,R,1,0.0,0.0,0.0,1485.6678262206094,0.0,1500.0,0.0,1500.0,0.0,1500.0,0.0,1500.0
207985,Jacob Fearnley,99.0,588.0,23.2,183.0,1514.511299594594,R,5,0.4,0.4,0.5,1508.4152598269752,0.0,1500.0,0.3333333333333333,1500.1771216995892,0.0,1500.0,0.0,1500.0
108779,Jacob Rasolondrazana,9999.0,0.0,31.2,0.0,1452.0336567063837,U,4,0.0,0.0,0.0,1493.6946638728407,0.0,1467.6514535206713,0.0,1500.0,0.0,1484.2112034042045,0.0,1500.0
101840,Jacobo Chavez,1152.0,3.0,31.2,0.0,1498.336980735932,R,8,0.5,0.5,0.5,1499.845467638626,0.0,1500.0,0.0,1500.0,0.0,1500.0,0.0,1500.0
102831,Jacobo Diaz,430.0,51.0,26.5,173.0,1371.41744255664,R,41,0.24390243902439024,0.1,0.16666666666666666,1371.6207540962032,0.3181818181818182,1447.8098848388859,0.0,1484.8253100089312,0.0,1500.0,0.0,1500.0
202235,Jacopo Berrettini,842.0,19.0,24.2,193.0,1496.5129860258505,R,1,0.0,0.0,0.0,1495.7152406945938,0.0,1500.0,0.0,1500.0,0.0,1500.0,0.0,1500.0
108619,Jad Ayoub,9999.0,0.0,17.7,0.0,1516.0,U,1,1.0,1.0,1.0,1516.0,0.0,1500.0,0.0,1500.0,0.0,1500.0,0.0,1500.0
134114,Jad Ballout,9999.0,0.0,21.3,0.0,1483.3337747461753,U,1,0.0,0.0,0.0,1480.6951615823436,0.0,1500.0,0.0,1500.0,0.0,1500.0,0.0,1500.0
108777,Jae Min Seol,9999.0,0.0,22.0,0.0,1484.0,U,1,0.0,0.0,0.0,1484.0,0.0,1500.0,0.0,1500.0,0.0,1500.0,0.0,1500.0
104561,Jae Sung An,329.0,106.0,22.6,0.0,1521.538058215341,R,5,0.6,0.6,1.0,1531.2327350490557,0.0,1474.4567888271454,0.0,1500.0,1.0,1515.2820406676738,0.0,1500.0
101167,Jaime Cortes,9999.0,0.0,34.6,0.0,1487.0220714891032,R,1,0.0,0.0,0.0,1500.0,0.0,1488.0418377133692,0.0,1500.0,0.0,1500.0,0.0,1500.0
210262,Jaime Faria,157.0,376.0,21.0,188.0,1450.8052158657854,R,4,0.0,0.0,0.0,1479.6475488395588,0.0,1467.851749035035,0.0,1500.0,0.0,1500.0,0.0,1500.0
101761,Jaime Oncins,9999.0,0.0,31.2,196.0,1481.9239193238436,R,1,0.0,0.0,0.0,1483.6793027633557,0.0,1500.0,0.0,1500.0,0.0,1500.0,0.0,1500.0
103564,Jakub Herm Zahlava,335.0,88.0,21.1,0.0,1465.7578910069665,R,2,0.0,0.0,0.0,1500.0,0.0,1466.5329741935773,0.0,1500.0,0.0,1500.0,0.0,1500.0
210150,Jakub Mensik,48.0,1136.0,19.2,193.0,1703.0619309541291,R,47,0.5957446808510638,0.5,0.625,1674.4007756255003,0.6666666666666666,1570.4931753683388,0.3333333333333333,1478.4291670399919,0.0,1500.0,0.0,1500.0
108909,Jalil Khan,9999.0,0.0,27.4,0.0,1455.1403153916776,U,7,0.2857142857142857,0.2857142857142857,0.2,1452.1798641059777,0.5,1496.8227961208395,0.0,1500.0,0.0,1500.0,0.0,1500.0
108630,Jamal Darmadi,9999.0,0.0,20.5,0.0,1484.127225641272,U,1,0.0,0.0,0.0,1484.1272321812073,0.0,1500.0,0.0,1500.0,0.0,1500.0,0.0,1500.0
103538,James Auckland,414.0,74.0,26.4,0.0,1529.4300118281453,R,3,0.6666666666666666,0.6666666666666666,0.6666666666666666,1527.122133305998,0.0,1500.0,0.0,1500.0,0.0,1500.0,0.0,1500.0
103484,James Blake,100.0,553.0,33.6,185.0,1602.9167751867476,R,605,0.5834710743801653,0.4,0.6290322580645161,1615.5645766989085,0.45454545454545453,1540.5623814780117,0.5,1488.814519954959,0.4375,1503.216889556365,0.0,1500.0
105902,James Duckworth,77.0,731.0,32.7,183.0,1529.9569739945107,R,171,0.3742690058479532,0.1,0.3828125,1473.0929360312937,0.2857142857142857,1447.4464293925735,0.3793103448275862,1506.0203299203429,0.0,1500.0,0.0,1500.0
102536,James Greenhalgh,766.0,12.0,25.1,183.0,1484.0,R,1,0.0,0.0,0.0,1484.0,0.0,1500.0,0.0,1500.0,0.0,1500.0,0.0,1500.0
105084,James Lemke,456.0,73.0,21.9,0.0,1492.704338076046,R,1,0.0,0.0,0.0,1481.8849563297258,0.0,1500.0,0.0,1500.0,0.0,1500.0,0.0,1500.0
210317,James Mccabe,302.0,172.0,21.2,188.0,1450.3566267811773,R,4,0.0,0.0,0.0,1454.6860122623143,0.0,1500.0,0.0,1484.0,0.0,1500.0,0.0,1500.0
104945,James Mcgee,272.0,193.0,29.2,183.0,1473.6548251981765,R,19,0.47368421052631576,0.3,0.36363636363636365,1454.2548522193981,0.6666666666666666,1517.3697619919365,0.0,1500.0,0.6,1515.4323714762324,0.0,1500.0
102872,James Sekulov,244.0,140.0,24.1,180.0,1423.1613800998928,R,12,0.25,0.2,0.3,1446.0927593071856,0.0,1482.5948146958506,0.0,1482.5753076114872,0.0,1500.0,0.0,1500.0
103483,James Shortall,1180.0,3.0,23.2,0.0,1464.9205451989126,R,4,0.25,0.25,0.3333333333333333,1484.5853980013962,0.0,1500.0,0.0,1483.2657633966119,0.0,1500.0,0.0,1500.0
104868,James Ward,340.0,135.0,34.3,190.0,1401.5417095780372,R,84,0.27380952380952384,0.0,0.3125,1450.4399083600763,0.125,1447.0609923969696,0.2727272727272727,1350.7088567268165,0.0,1500.0,0.0,1500.0
104779,Jamie Baker,295.0,152.0,26.8,183.0,1458.905420037398,R,27,0.25925925925925924,0.4,0.25,1480.684344658281,0.3333333333333333,1503.9877204612656,0.25,1425.665877297001,0.0,1500.0,0.0,1500.0
102965,Jamie Delgado,437.0,63.0,29.3,178.0,1368.9055833644397,R,39,0.23076923076923078,0.3,0.21428571428571427,1402.222385322473,0.0,1458.119494403984,0.2727272727272727,1402.549899334695,0.0,1500.0,0.0,1500.0
104679,Jamie Murray,1507.0,1.0,21.1,190.0,1483.6067865391535,L,1,0.0,0.0,0.0,1483.0064295675406,0.0,1500.0,0.0,1500.0,0.0,1500.0,0.0,1500.0
103061,Jan Boruszewski,376.0,69.0,22.7,0.0,1482.5563584389054,R,1,0.0,0.0,0.0,1500.0,0.0,1500.0,0.0,1483.263693206478,0.0,1500.0,0.0,1500.0
123828,Jan Choinski,276.0,199.0,28.2,196.0,1482.3183787004468,R,9,0.2222222222222222,0.2222222222222222,0.0,1483.9104394321362,0.3333333333333333,1491.807730408476,0.2,1455.190740234166,0.0,1500.0,0.0,1500.0
102107,Jan Frode Andersen,916.0,11.0,33.8,190.0,1574.77958168601,L,34,0.5588235294117647,0.7,0.42857142857142855,1484.780738942568,0.6086956521739131,1593.1114926888017,0.0,1500.0,0.5,1499.811248843048,0.0,1500.0
104225,Jan Hajek,106.0,540.0,30.4,180.0,1485.3635751539016,R,104,0.3269230769230769,0.3,0.16666666666666666,1330.1069631334087,0.46551724137931033,1574.3493118713059,0.0,1456.3727838798059,0.0,1500.0,0.0,1500.0
103401,Jan Hernych,324.0,146.0,36.9,190.0,1634.3089486953875,R,192,0.3958333333333333,0.5,0.40404040404040403,1543.8122800694082,0.3170731707317073,1471.769326342823,0.48717948717948717,1553.970050882918,0.3076923076923077,1446.9191737898964,0.0,1500.0
102466,Jan Kroslak,269.0,123.0,27.3,188.0,1403.2151319163754,R,21,0.2857142857142857,0.2,0.3333333333333333,1445.9586339766995,0.25,1469.6108839379806,0.0,1500.0,0.0,1468.0012738129897,0.0,1500.0
105526,Jan Lennard Struff,43.0,1240.0,34.5,193.0,1779.1076464512314,R,458,0.4737991266375546,0.4,0.452755905511811,1597.6736918179572,0.5167785234899329,1767.9794287400466,0.45454545454545453,1597.6985423332744,0.0,1500.0,0.0,1500.0
103902,Jan Mertl,306.0,158.0,34.5,190.0,1527.9789483462587,R,3,0.6666666666666666,0.6666666666666666,1.0,1517.9308525387876,0.5,1504.8241799413015,0.0,1500.0,0.0,1500.0,0.0,1500.0
102998,Jan Michael Gambill,671.0,25.0,29.8,190.0,1484.7879295416121,R,270,0.5111111111111111,0.3,0.5663265306122449,1484.569503689047,0.18181818181818182,1330.973376785261,0.5454545454545454,1515.1118423948847,0.375,1472.640301924213,0.0,1500.0
103748,Jan Minar,303.0,118.0,27.3,0.0,1486.491440652964,R,2,0.0,0.0,0.0,1482.7587357244447,0.0,1500.0,0.0,1500.0,0.0,1500.0,0.0,1500.0
105596,Jan Satral,157.0,370.0,26.5,185.0,1489.6603926846592,R,5,0.2,0.2,0.25,1493.0199671572402,0.0,1494.6137557705313,0.0,1500.0,0.0,1500.0,0.0,1500.0
101733,Jan Siemerink,254.0,133.0,32.2,183.0,1456.5804051831376,L,55,0.4,0.3,0.3181818181818182,1447.7231332017984,0.42105263157894735,1452.6614379916264,0.3,1450.848678889532,1.0,1561.4824645466176,0.0,1500.0
102788,Jan Vacek,342.0,101.0,32.0,198.0,1450.3793553952967,R,88,0.3181818181818182,0.4,0.26666666666666666,1343.1518451602083,0.26666666666666666,1440.2620598460815,0.4444444444444444,1515.303283726036,0.0,1484.0,0.0,1500.0
102207,Jan Weinzierl,342.0,78.0,30.0,0.0,1482.0262281368966,R,1,0.0,0.0,0.0,1500.0,0.0,1483.5383447255153,0.0,1500.0,0.0,1500.0,0.0,1500.0
126591,Jan Zielinski,860.0,18.0,25.1,180.0,1496.2798285078395,R,1,0.0,0.0,0.0,1494.9586180971178,0.0,1500.0,0.0,1500.0,0.0,1500.0,0.0,1500.0
105386,Janez Semrajc,305.0,146.0,24.5,0.0,1540.29941371153,U,5,0.8,0.8,0.5,1500.0223741583718,1.0,1542.1469896459464,0.0,1500.0,0.0,1500.0,0.0,1500.0
111781,Janis Podzus,1211.0,6.0,22.0,0.0,1415.1646412756388,L,6,0.0,0.0,0.0,1428.0319644882977,0.0,1484.0,0.0,1500.0,0.0,1500.0,0.0,1500.0
108912,Janis Skroderis,1479.0,1.0,21.9,0.0,1469.4695015289756,R,2,0.0,0.0,0.0,1500.0,0.0,1484.0,0.0,1500.0,0.0,1484.0,0.0,1500.0
104386,Janko Tipsarevic,251.0,180.0,35.3,180.0,1588.662007780484,R,513,0.5419103313840156,0.3,0.5540540540540541,1601.8092214138928,0.5294117647058824,1569.9736770225732,0.5441176470588235,1567.5392672417906,0.38461538461538464,1464.8019920307765,0.0,1500.0
103046,Janne Ojala,537.0,37.0,26.4,0.0,1467.7058566059168,R,2,0.0,0.0,0.0,1483.1209288940192,0.0,1485.5446001733828,0.0,1500.0,0.0,1500.0,0.0,1500.0
206173,Jannik Sinner,1.0,11830.0,23.2,191.0,2252.4392622500454,R,334,0.7754491017964071,1.0,0.8017241379310345,2233.161681746261,0.7123287671232876,1866.1716798485302,0.7241379310344828,1722.1199610504534,0.0,1500.0,0.0,1500.0
111577,Jared Donaldson,192.0,270.0,22.3,188.0,1604.1636945867056,R,109,0.4036697247706422,0.4,0.43209876543209874,1575.5620125540202,0.26666666666666666,1480.7626700128033,0.38461538461538464,1456.797801804822,0.0,1500.0,0.0,1500.0
101932,Jared Palmer,761.0,13.0,29.3,190.0,1515.9449567673612,R,4,0.5,0.5,0.6666666666666666,1523.3474728763906,0.0,1500.0,0.0,1484.0,0.0,1500.0,0.0,1500.0
103813,Jarkko Nieminen,623.0,43.0,34.9,185.0,1619.4465843437522,L,727,0.5433287482806052,0.5,0.5440180586907449,1571.431543427918,0.5634517766497462,1574.2248740229734,0.42592592592592593,1496.5970278855896,0.6060606060606061,1566.7392628221742,0.0,1500.0
103711,Jaroslav Levinsky,403.0,64.0,22.4,196.0,1479.6219942748776,R,1,0.0,0.0,0.0,1500.0,0.0,1479.129173424099,0.0,1500.0,0.0,1500.0,0.0,1500.0
103708,Jaroslav Pospisil,213.0,225.0,32.6,175.0,1461.8614903183745,R,8,0.125,0.125,0.3333333333333333,1498.0080016705112,0.0,1460.721439524152,0.0,1476.6900629192883,0.0,1500.0,0.0,1500.0
108694,Jason Engelhardt,9999.0,0.0,25.1,0.0,1484.0,U,1,0.0,0.0,0.0,1484.0,0.0,1500.0,0.0,1500.0,0.0,1500.0,0.0,1500.0
105359,Jason Jung,276.0,206.0,34.1,180.0,1500.0060577587983,R,32,0.34375,0.3,0.3181818181818182,1485.2421948560739,0.0,1485.0716829116232,0.4444444444444444,1504.4163219313166,0.0,1500.0,0.0,1500.0
106186,Jason Kubler,113.0,561.0,30.6,178.0,1552.5438846742993,R,56,0.44642857142857145,0.2,0.3793103448275862,1505.9188839622293,0.5,1533.0181715968424,0.5384615384615384,1528.5949149011028,0.0,1500.0,0.0,1500.0
108968,Jason Sankey,9999.0,0.0,26.1,0.0,1488.0804861225708,U,1,0.0,0.0,0.0,1488.0537172005954,0.0,1500.0,0.0,1500.0,0.0,1500.0,0.0,1500.0
101727,Jason Stoltenberg,116.0,360.0,31.2,185.0,1541.4354421503479,R,48,0.5833333333333334,0.4,0.53125,1498.4936508808519,0.7777777777777778,1570.215480281002,0.5714285714285714,1514.9498266346454,0.0,1500.0,0.0,1500.0
103653,Jasper Smit,711.0,24.0,25.8,0.0,1482.8763495183252,R,1,0.0,0.0,0.0,1481.3607042112512,0.0,1500.0,0.0,1500.0,0.0,1500.0,0.0,1500.0
144719,Jaume Munar,65.0,844.0,27.4,183.0,1519.0082438478426,R,217,0.39631336405529954,0.1,0.28169014084507044,1386.782669770106,0.4772727272727273,1559.8471201065834,0.21428571428571427,1429.4535976916475,0.0,1500.0,0.0,1500.0
200266,Javier Barranco Cosano,254.0,233.0,25.5,180.0,1490.3552317389972,L,1,0.0,0.0,0.0,1500.0,0.0,1486.2713269943963,0.0,1500.0,0.0,1500.0,0.0,1500.0
103365,Javier Garcia Sintes,479.0,48.0,22.3,0.0,1485.890612668004,R,1,0.0,0.0,0.0,1500.0,0.0,1486.9403213064272,0.0,1500.0,0.0,1500.0,0.0,1500.0
105894,Javier Marti,211.0,223.0,21.3,0.0,1451.2326942945006,R,13,0.15384615384615385,0.1,0.0,1492.9163729878542,0.1111111111111111,1438.4900824121955,0.5,1495.6765950413187,0.0,1500.0,0.0,1500.0
101439,Javier Sanchez,281.0,136.0,31.9,178.0,1484.0,R,1,0.0,0.0,0.0,1484.0,0.0,1500.0,0.0,1500.0,0.0,1500.0,0.0,1500.0
126652,Jay Clarke,156.0,361.0,23.9,183.0,1441.0496764624606,R,13,0.15384615384615385,0.1,0.0,1485.5117504860966,0.0,1500.0,0.16666666666666666,1413.0161744015738,0.0,1500.0,0.0,1500.0
102789,Jay Gooding,708.0,17.0,26.8,188.0,1491.8573161973284,R,1,0.0,0.0,0.0,1490.9573530459895,0.0,1500.0,0.0,1500.0,0.0,1500.0,0.0,1500.0
103154,Jaymon Crabb,409.0,63.0,26.5,183.0,1446.0871379147868,R,7,0.14285714285714285,0.14285714285714285,0.14285714285714285,1440.540508561538,0.0,1500.0,0.0,1500.0,0.0,1500.0,0.0,1500.0
111574,Jc Aragone,299.0,165.0,25.5,178.0,1462.6028081040092,R,4,0.0,0.0,0.0,1482.458098513502,0.0,1500.0,0.0,1464.85261856134,0.0,1500.0,0.0,1500.0
105169,Jean Andersen,863.0,17.0,25.7,0.0,1480.4551582111499,R,2,0.0,0.0,0.0,1478.0525915364353,0.0,1500.0,0.0,1500.0,0.0,1500.0,0.0,1500.0
103726,Jean Christophe Faurel,148.0,288.0,25.4,175.0,1471.5089543557604,R,9,0.2222222222222222,0.2222222222222222,0.3333333333333333,1486.3040722143535,0.0,1471.6488504749236,0.0,1482.4208996271116,0.0,1500.0,0.0,1500.0
103238,Jean Claude Scherrer,1121.0,5.0,30.1,188.0,1462.959508921603,R,6,0.16666666666666666,0.16666666666666666,0.3333333333333333,1487.07937001331,0.0,1500.0,0.0,1466.937799447061,0.0,1485.9796536595238,0.0,1500.0
103003,Jean Francois Bachelot,165.0,225.0,25.0,183.0,1491.4562423678456,R,8,0.375,0.375,0.5,1511.9701663687918,0.5,1499.4773648775447,0.0,1474.0423571566369,0.5,1502.8441059417578,0.0,1500.0
200272,Jean Jacques Rakotohasy,9999.0,0.0,22.4,0.0,1527.9072924105344,L,2,1.0,1.0,1.0,1515.2649950017899,1.0,1516.0,0.0,1500.0,0.0,1500.0,0.0,1500.0
103828,Jean Julien Rojer,296.0,125.0,25.6,183.0,1649.4750651492247,R,14,0.9285714285714286,1.0,1.0,1661.7907734576265,0.0,1486.011001376157,0.0,1500.0,0.0,1500.0,0.0,1500.0
108765,Jean Marc Bazanne,9999.0,0.0,21.5,0.0,1471.1145245097323,R,2,0.0,0.0,0.0,1469.1267212242667,0.0,1500.0,0.0,1500.0,0.0,1500.0,0.0,1500.0
105081,Jean Michel Durango,755.0,19.0,19.1,0.0,1503.1542098510815,R,2,0.5,0.5,0.0,1500.0,0.5,1503.1473226579294,0.0,1500.0,0.0,1500.0,0.0,1500.0
107310,Jean Nabi,9999.0,0.0,29.4,0.0,1484.0,R,1,0.0,0.0,0.0,1500.0,0.0,1500.0,0.0,1500.0,0.0,1484.0,0.0,1500.0
103444,Jean Rene Lisnard,9999.0,0.0,33.5,173.0,1507.8276639877404,R,132,0.3712121212121212,0.4,0.3333333333333333,1413.1153674392492,0.417910447761194,1497.532958844513,0.0,1444.948476563714,0.5,1499.5616762327425,0.0,1500.0
119506,Jean Segodo,9999.0,0.0,24.3,0.0,1494.6229213126005,U,1,0.0,0.0,0.0,1493.6062484601928,0.0,1500.0,0.0,1500.0,0.0,1500.0,0.0,1500.0
105233,Jeevan Nedunchezhiyan,314.0,141.0,25.1,173.0,1480.5826457839698,L,1,0.0,0.0,0.0,1480.7340924829805,0.0,1500.0,0.0,1500.0,0.0,1500.0,0.0,1500.0
102979,Jeff Coetzee,608.0,27.0,25.1,173.0,1459.0814911016605,R,3,0.0,0.0,0.0,1500.0,0.0,1500.0,0.0,1483.3523398160285,0.0,1469.4695015289756,0.0,1500.0
103319,Jeff Morrison,157.0,260.0,27.5,185.0,1463.3913249762463,R,88,0.36363636363636365,0.3,0.38461538461538464,1469.9985401540496,0.14285714285714285,1447.2465842408021,0.375,1461.699555835283,0.0,1500.0,0.0,1500.0
102269,Jeff Salzenstein,495.0,47.0,32.3,185.0,1428.202694586992,L,37,0.2972972972972973,0.3,0.25925925925925924,1415.7365534280898,0.3333333333333333,1503.4953892701817,0.42857142857142855,1477.5935256106343,0.0,1500.0,0.0,1500.0
101543,Jeff Tarango,442.0,58.0,33.2,180.0,1336.589351762066,L,45,0.26666666666666666,0.1,0.13043478260869565,1335.661701710478,0.47058823529411764,1479.1186559094965,0.25,1472.1240835582632,0.0,1487.8178220900984,0.0,1500.0
102533,Jens Knippschild,247.0,138.0,27.4,190.0,1435.7950695381203,R,41,0.34146341463414637,0.3,0.1111111111111111,1428.302139788612,0.3181818181818182,1442.8331209262672,0.6,1520.9276369312265,0.0,1500.0,0.0,1500.0
202385,Jenson Brooksby,39.0,1010.0,22.2,188.0,1703.406756560844,R,76,0.5657894736842105,0.4,0.5964912280701754,1706.2115231445991,0.2857142857142857,1491.7833548460396,0.5833333333333334,1531.0162368287731,0.0,1500.0,0.0,1500.0
104871,Jeremy Chardy,542.0,65.0,36.3,188.0,1665.9540191755789,R,593,0.48903878583473864,0.4,0.4813664596273292,1733.8032577419738,0.5119617224880383,1575.361405284816,0.45161290322580644,1510.8146297717917,0.0,1500.0,0.0,1500.0
102259,Jerome Golmard,252.0,142.0,31.0,188.0,1567.022106596403,L,130,0.5692307692307692,0.4,0.6363636363636364,1627.6463728668189,0.5,1514.1886872394532,0.36363636363636365,1457.6915285025207,0.5,1498.5219939688163,0.0,1500.0
103592,Jerome Haehnel,675.0,30.0,29.2,185.0,1446.224713951296,R,26,0.3076923076923077,0.0,0.5454545454545454,1528.6265573507217,0.1,1424.165174220617,0.0,1458.1383340725492,0.5,1504.076782469325,0.0,1500.0
208843,Jerome Kym,140.0,421.0,21.6,198.0,1525.6367638474624,R,3,0.6666666666666666,0.6666666666666666,0.6666666666666666,1526.1391184809127,0.0,1500.0,0.0,1500.0,0.0,1500.0,0.0,1500.0
108674,Jerry Joseph,9999.0,0.0,22.7,0.0,1470.40298877358,U,2,0.0,0.0,0.0,1500.0,0.0,1471.7498022697464,0.0,1500.0,0.0,1500.0,0.0,1500.0
105668,Jerzy Janowicz,461.0,68.0,29.3,203.0,1686.0110063636912,R,191,0.518324607329843,0.6,0.5284552845528455,1642.5314582954886,0.3783783783783784,1536.0247476184475,0.6,1583.879527426945,0.8333333333333334,1562.188752670694,0.0,1500.0
106150,Jeson Patrombon,1421.0,2.0,26.9,0.0,1451.5615462240955,R,16,0.375,0.3,0.25,1434.513059289525,0.5,1504.337086297321,0.0,1500.0,0.0,1500.0,0.0,1500.0
207411,Jesper De Jong,109.0,541.0,24.4,180.0,1494.9630644585318,R,10,0.2,0.2,0.2,1484.7571743713956,0.25,1500.979326220168,0.0,1486.622691286841,0.0,1500.0,0.0,1500.0
132374,Jesse Flores,900.0,18.0,28.8,188.0,1454.0289829400178,R,3,0.0,0.0,0.0,1451.58429593721,0.0,1500.0,0.0,1500.0,0.0,1500.0,0.0,1500.0
104619,Jesse Huta Galung,436.0,92.0,29.9,188.0,1395.4873649277997,R,40,0.175,0.0,0.19047619047619047,1420.8137311316493,0.18181818181818182,1438.1760828461179,0.14285714285714285,1446.5921760167846,0.0,1485.7302925743386,0.0,1500.0
105028,Jesse Levine,132.0,442.0,25.8,175.0,1516.2563016644026,L,93,0.3118279569892473,0.1,0.30158730158730157,1486.1153712800026,0.14285714285714285,1440.1783862150428,0.391304347826087,1455.2773189783638,0.0,1500.0,0.0,1500.0
104070,Jesse Witten,186.0,257.0,27.6,178.0,1479.0255430828313,R,11,0.18181818181818182,0.2,0.25,1482.5792430128665,0.0,1474.7913161787678,0.0,1491.8181911671531,0.0,1500.0,0.0,1500.0
105703,Jesus Bandres,1644.0,1.0,26.1,0.0,1467.666617813894,U,3,0.0,0.0,0.0,1461.6913931798406,0.0,1500.0,0.0,1500.0,0.0,1500.0,0.0,1500.0
108956,Jesus Francisco Felix,9999.0,0.0,29.8,0.0,1477.3259128353325,U,5,0.4,0.4,0.0,1468.0661178732219,0.6666666666666666,1513.1221371299205,0.0,1500.0,0.0,1500.0,0.0,1500.0
108628,Jhonnatan Medina Alvarez,9999.0,0.0,25.6,0.0,1435.2187619200497,L,15,0.3333333333333333,0.2,0.2727272727272727,1421.5133907740285,0.5,1511.921908912465,0.0,1500.0,0.0,1500.0,0.0,1500.0
103638,Jhonson Garcia,9999.0,0.0,30.7,0.0,1548.6658892347225,R,28,0.5714285714285714,0.7,0.46153846153846156,1491.2057552325439,0.6666666666666666,1560.27065214926,0.0,1500.0,0.0,1500.0,0.0,1500.0
106227,Ji Sung Nam,590.0,46.0,29.1,183.0,1474.8731169117743,R,8,0.375,0.375,0.2857142857142857,1458.6100784703453,0.0,1500.0,1.0,1516.0,0.0,1500.0,0.0,1500.0
102812,Jicham Zaatini,9999.0,0.0,31.8,0.0,1381.7316554694955,R,13,0.15384615384615385,0.2,0.2,1452.2514959589457,0.25,1469.4695015289756,0.0,1469.4695015289756,0.0,1469.5018612901067,0.0,1500.0
200666,Jie Cui,583.0,60.0,25.6,183.0,1474.2847594774921,R,2,0.0,0.0,0.0,1482.2837984636906,0.0,1500.0,0.0,1500.0,0.0,1500.0,0.0,1484.0
101793,Jim Courier,60.0,697.0,29.5,185.0,1489.386496193904,R,9,0.4444444444444444,0.4444444444444444,0.4444444444444444,1490.1007006323048,0.0,1500.0,0.0,1500.0,0.0,1500.0,0.0,1500.0
102458,Jim Thomas,740.0,14.0,27.0,193.0,1466.6727672465795,R,2,0.0,0.0,0.0,1480.5919205660625,0.0,1500.0,0.0,1485.4067314817705,0.0,1500.0,0.0,1500.0
104499,Jimmy Wang,274.0,167.0,30.5,178.0,1563.692719865494,R,87,0.4482758620689655,0.5,0.4423076923076923,1530.5767073417865,0.2857142857142857,1463.4323234913277,0.391304347826087,1488.1012597444933,1.0,1571.1921186100828,0.0,1500.0
102655,Jimy Szymanski,540.0,41.0,30.3,175.0,1496.844350613813,R,18,0.4444444444444444,0.4,0.4,1482.0641457731479,0.6666666666666666,1521.140475314343,0.0,1500.0,0.0,1500.0,0.0,1500.0
108924,Jing Yi Li,1070.0,5.0,23.7,0.0,1499.6749774645732,U,2,0.5,0.5,1.0,1516.0,0.0,1483.9646707147372,0.0,1500.0,0.0,1500.0,0.0,1500.0
102713,Jing Zhu Yang,1076.0,3.0,25.0,0.0,1514.2597278525998,R,1,1.0,1.0,1.0,1514.3134883521207,0.0,1500.0,0.0,1500.0,0.0,1500.0,0.0,1500.0
127143,Jirat Navasirisomboon,1541.0,2.0,23.2,175.0,1509.8789642366849,R,7,0.5714285714285714,0.5714285714285714,1.0,1545.669791668506,0.25,1469.6160416906237,0.0,1500.0,0.0,1500.0,0.0,1500.0
208103,Jiri Lehecka,31.0,1560.0,22.9,185.0,1774.3737165715013,R,138,0.5434782608695652,0.6,0.55,1703.0271064234792,0.5172413793103449,1613.5122381741487,0.5555555555555556,1541.609676212144,0.0,1500.0,0.0,1500.0
102562,Jiri Novak,122.0,361.0,31.5,190.0,1629.9112701513322,R,383,0.5848563968668408,0.6,0.5909090909090909,1685.3078742025727,0.5971223021582733,1584.7058427923341,0.5185185185185185,1525.8009916730155,0.5609756097560976,1557.4439362733312,0.0,1500.0
103181,Jiri Vanek,155.0,487.0,31.0,185.0,1459.8448841740078,R,184,0.3532608695652174,0.1,0.3050847457627119,1399.5407841338267,0.41284403669724773,1504.5637560607872,0.125,1436.2566590085853,0.125,1425.4800463039915,0.0,1500.0
106210,Jiri Vesely,293.0,188.0,30.5,198.0,1604.2427292755808,L,300,0.47333333333333333,0.4,0.4206896551724138,1565.9238451941485,0.49572649572649574,1530.6270682200168,0.6052631578947368,1609.9283386770344,0.0,1500.0,0.0,1500.0
104542,Jo-Wilfried Tsonga,297.0,168.0,37.0,188.0,1630.6055540307543,R,681,0.671071953010279,0.2,0.6828193832599119,1703.282521585114,0.6267605633802817,1669.9184475688385,0.6712328767123288,1698.615498398853,0.75,1599.1705663364546,0.0,1500.0
123997,Joachim Bjerke,938.0,13.0,19.3,0.0,1454.2275195014067,R,3,0.0,0.0,0.0,1450.1480000655818,0.0,1500.0,0.0,1500.0,0.0,1500.0,0.0,1500.0
104026,Joachim Johansson,9999.0,0.0,31.2,198.0,1688.8778368345907,R,127,0.5669291338582677,0.5,0.6413043478260869,1707.7821147101376,0.1875,1403.1077611329708,0.5,1525.6920191592192,0.5714285714285714,1520.3601099114098,0.0,1500.0
103125,Joan Jimenez Guerra,674.0,20.0,25.4,0.0,1470.552543849568,R,4,0.25,0.25,0.0,1500.0,0.0,1500.0,0.0,1500.0,0.25,1468.2258487209467,0.0,1500.0
101416,Joao Cunha Silva,288.0,108.0,32.1,173.0,1468.736306793522,R,2,0.0,0.0,0.0,1500.0,0.0,1500.0,0.0,1500.0,0.0,1468.736306793522,0.0,1500.0
106249,Joao Domingues,169.0,292.0,26.3,178.0,1533.6748403736747,R,13,0.46153846153846156,0.4,0.5,1505.5139782615522,0.45454545454545453,1509.0301840395548,0.0,1500.0,0.0,1500.0,0.0,1500.0
211663,Joao Fonseca,145.0,409.0,18.3,185.0,1640.2396742136186,R,20,0.6,0.7,0.875,1621.0668208102675,0.45454545454545453,1517.8775076458792,0.0,1484.4397322213406,0.0,1500.0,0.0,1500.0
110778,Joao Menezes,217.0,319.0,24.5,185.0,1472.824660207105,R,3,0.0,0.0,0.0,1490.9488957117073,0.0,1473.321452657356,0.0,1500.0,0.0,1500.0,0.0,1500.0
106252,Joao Pedro Sorgi,359.0,124.0,24.4,188.0,1477.204070609531,R,3,0.3333333333333333,0.3333333333333333,0.3333333333333333,1480.493841284368,0.0,1500.0,0.0,1500.0,0.0,1500.0,0.0,1500.0
105311,Joao Sousa,272.0,209.0,35.0,185.0,1490.4160521724718,R,476,0.4369747899159664,0.3,0.43724696356275305,1537.4722505454079,0.45263157894736844,1461.026491876339,0.358974358974359,1445.2182830532347,0.0,1500.0,0.0,1500.0
105154,Joao Souza,131.0,449.0,28.7,193.0,1442.768967696031,R,73,0.3424657534246575,0.2,0.125,1447.193952072497,0.375,1431.1131560683004,0.0,1483.3202603315626,0.0,1500.0,0.0,1500.0
212051,Joaquin Aguilar Cardozo,851.0,22.0,19.4,0.0,1496.9844168308807,U,4,0.5,0.5,0.0,1500.0,0.5,1495.9449457487945,0.0,1500.0,0.0,1500.0,0.0,1500.0
108676,Joel Allen,9999.0,0.0,21.2,0.0,1484.0,R,1,0.0,0.0,0.0,1500.0,0.0,1484.0,0.0,1500.0,0.0,1500.0,0.0,1500.0
212082,Joel Schwaerzler,347.0,141.0,18.7,188.0,1486.7755822149682,L,2,0.0,0.0,0.0,1497.2192587684003,0.0,1486.3467103594044,0.0,1500.0,0.0,1500.0,0.0,1500.0
102501,Johan Landsberg,611.0,22.0,25.4,183.0,1484.0590728520185,R,1,0.0,0.0,0.0,1500.0,0.0,1500.0,0.0,1484.0,0.0,1500.0,0.0,1500.0
126627,Johan Nikles,317.0,156.0,25.1,173.0,1476.269098414418,R,4,0.25,0.25,0.0,1500.0,0.25,1471.4037408457837,0.0,1500.0,0.0,1500.0,0.0,1500.0
103158,Johan Ortegren,395.0,61.0,22.6,0.0,1501.861332802832,R,2,0.5,0.5,0.5,1503.3457257793204,0.0,1500.0,0.0,1500.0,0.0,1500.0,0.0,1500.0
103178,Johan Settergren,383.0,68.0,26.5,185.0,1482.0071460206823,R,6,0.3333333333333333,0.3333333333333333,0.0,1468.9404304434672,0.5,1507.468518518196,0.0,1500.0,0.0,1500.0,0.0,1500.0
108769,Johann Coles,9999.0,0.0,20.9,0.0,1484.0578331140389,U,1,0.0,0.0,0.0,1484.0015580681968,0.0,1500.0,0.0,1500.0,0.0,1500.0,0.0,1500.0
104325,Johannes Ager,295.0,109.0,20.3,196.0,1467.9682455648262,R,2,0.0,0.0,0.0,1500.0,0.0,1469.0766461519804,0.0,1500.0,0.0,1500.0,0.0,1500.0
134087,Johannes Ingildsen,638.0,38.0,25.1,15.0,1484.842241363261,R,3,0.3333333333333333,0.3333333333333333,0.5,1500.0674578234443,0.0,1500.0,0.0,1486.3265223078083,0.0,1500.0,0.0,1500.0
200575,Johannes Seeman,9999.0,0.0,22.5,191.0,1516.0,R,1,1.0,1.0,0.0,1500.0,0.0,1500.0,0.0,1500.0,0.0,1500.0,1.0,1516.0
200460,John Bryan Decasa Otico,9999.0,0.0,18.7,0.0,1485.019802206035,R,3,0.3333333333333333,0.3333333333333333,1.0,1516.0,0.0,1469.4692975640107,0.0,1500.0,0.0,1500.0,0.0,1500.0
103197,John Doran,887.0,8.0,24.8,0.0,1528.090672538677,R,8,0.625,0.625,1.0,1532.0,0.5,1497.1235388896905,0.0,1500.0,0.5,1499.3211151274043,0.0,1500.0
108970,John El Khoury,9999.0,0.0,20.5,0.0,1488.7992961626815,R,1,0.0,0.0,0.0,1500.0,0.0,1486.1935506589732,0.0,1500.0,0.0,1500.0,0.0,1500.0
103102,John Hui,1023.0,5.0,24.2,0.0,1480.2030057990803,R,4,0.25,0.25,0.25,1479.8181585023046,0.0,1500.0,0.0,1500.0,0.0,1500.0,0.0,1500.0
104545,John Isner,157.0,400.0,38.3,208.0,1628.4285981081898,R,800,0.61,0.5,0.6172839506172839,1609.1322448504486,0.5503355704697986,1679.704588105052,0.6666666666666666,1687.9506350132117,0.0,1500.0,0.0,1500.0
105357,John Millman,140.0,410.0,33.5,183.0,1612.5040445020077,R,263,0.44866920152091255,0.4,0.4702702702702703,1594.561992935369,0.3829787234042553,1512.7170586985876,0.41935483870967744,1503.5039019329636,0.0,1500.0,0.0,1500.0
111426,John Morrissey,9999.0,0.0,21.4,0.0,1483.9736373601554,R,1,0.0,0.0,0.0,1484.0,0.0,1500.0,0.0,1500.0,0.0,1500.0,0.0,1500.0
105441,John Patrick Smith,306.0,159.0,32.0,188.0,1399.128691633034,L,27,0.18518518518518517,0.0,0.05555555555555555,1379.8372613877843,0.0,1500.0,0.4444444444444444,1488.264522889911,0.0,1500.0,0.0,1500.0
103762,John Paul Fruttero,205.0,185.0,24.4,185.0,1485.7670962450188,R,1,0.0,0.0,0.0,1483.9368349377019,0.0,1500.0,0.0,1500.0,0.0,1500.0,0.0,1500.0
102770,John Van Lottum,493.0,48.0,29.8,185.0,1419.2611114683439,R,66,0.2878787878787879,0.1,0.21875,1407.5994219007985,0.36363636363636365,1458.63228980705,0.4,1481.4757905802394,0.0,1468.736306793522,0.0,1500.0
108594,Johnny Arcilla,9999.0,0.0,33.5,0.0,1478.2556468877533,U,28,0.4642857142857143,0.5,0.42857142857142855,1484.7215046397528,0.5,1491.9210097524658,0.0,1500.0,0.0,1484.0,0.0,1500.0
104260,Johny De Leon,764.0,17.0,21.5,0.0,1497.358346558054,R,4,0.5,0.5,0.0,1483.263693206478,0.6666666666666666,1513.9084314754837,0.0,1500.0,0.0,1500.0,0.0,1500.0
103792,Joji Miyao,1071.0,5.0,21.2,0.0,1470.2528691208765,U,2,0.0,0.0,0.0,1473.4659040977713,0.0,1500.0,0.0,1500.0,0.0,1500.0,0.0,1500.0
102035,Jonas Bjorkman,173.0,248.0,36.5,183.0,1560.248935017766,R,372,0.478494623655914,0.2,0.44761904761904764,1491.5233196640663,0.24489795918367346,1428.69641116386,0.6578947368421053,1641.3507001821135,0.5945945945945946,1555.5713386745126,0.0,1500.0
207797,Jonas Forejtek,399.0,95.0,19.6,183.0,1546.7392566027008,R,4,0.75,0.75,0.75,1546.8596685701943,0.0,1500.0,0.0,1500.0,0.0,1500.0,0.0,1500.0
103751,Jonas Froberg,621.0,23.0,19.6,0.0,1512.201938945313,U,2,0.5,0.5,0.5,1510.073211081062,0.0,1500.0,0.0,1500.0,0.0,1500.0,0.0,1500.0
104146,Jonathan Chu,9999.0,0.0,29.0,0.0,1527.0541982316972,R,4,0.75,0.75,0.75,1528.2994668862375,0.0,1500.0,0.0,1500.0,0.0,1500.0,0.0,1500.0
104850,Jonathan Dasnieres De Veigy,158.0,333.0,25.3,175.0,1472.9063897481326,L,6,0.16666666666666666,0.16666666666666666,0.0,1481.5406683521394,0.25,1484.4390078544332,0.0,1500.0,0.0,1500.0,0.0,1500.0
102968,Jonathan Erlich,557.0,34.0,26.4,180.0,1505.6571407332658,R,10,0.5,0.5,0.5714285714285714,1522.2624003608485,0.0,1500.0,0.3333333333333333,1481.6671470889155,0.0,1500.0,0.0,1500.0
105559,Jonathan Eysseric,290.0,169.0,27.2,180.0,1453.8310307762622,L,4,0.0,0.0,0.0,1487.124900139665,0.0,1457.571698537939,0.0,1500.0,0.0,1500.0,0.0,1500.0
103674,Jonathan Igbinovia,1118.0,5.0,26.5,0.0,1454.162073750859,R,3,0.0,0.0,0.0,1452.76406789177,0.0,1500.0,0.0,1500.0,0.0,1500.0,0.0,1500.0
103730,Jonathan Marray,263.0,142.0,26.2,183.0,1476.5818214558672,R,12,0.3333333333333333,0.3,0.0,1488.110829247608,0.0,1500.0,0.36363636363636365,1471.3033231973984,0.0,1500.0,0.0,1500.0
111197,Jonathan Mridha,1094.0,8.0,23.4,183.0,1504.7211258046957,R,2,0.5,0.5,0.5,1503.0146019623205,0.0,1500.0,0.0,1500.0,0.0,1500.0,0.0,1500.0
102868,Jonathan Printzlau,9999.0,0.0,25.7,0.0,1485.6798926293059,R,3,0.3333333333333333,0.3333333333333333,0.5,1498.6398619884444,0.0,1500.0,0.0,1500.0,0.0,1484.0,0.0,1500.0
101890,Jonathan Stark,1014.0,5.0,30.2,188.0,1466.6314381944708,R,2,0.0,0.0,0.0,1483.5184953720116,0.0,1500.0,0.0,1483.1043796345052,0.0,1500.0,0.0,1500.0
111442,Jordan Thompson,28.0,1571.0,30.5,183.0,1778.1716615408038,R,290,0.4689655172413793,0.5,0.4973544973544973,1757.175571231043,0.3181818181818182,1437.0202124307175,0.49122807017543857,1591.6377885024067,0.0,1500.0,0.0,1500.0
105467,Jordi Munoz Abreu,1234.0,4.0,30.1,0.0,1434.1132570057414,U,7,0.14285714285714285,0.14285714285714285,0.25,1472.3325418043003,0.0,1457.3043610062853,0.0,1500.0,0.0,1500.0,0.0,1500.0
105515,Jordi Samper Montana,410.0,98.0,28.0,0.0,1476.0823513560329,U,2,0.0,0.0,0.0,1500.0,0.0,1473.9222028849408,0.0,1500.0,0.0,1500.0,0.0,1500.0
104477,Jorge Aguilar,431.0,91.0,29.2,178.0,1517.3010293832665,R,11,0.45454545454545453,0.4,1.0,1516.0,0.4,1500.6511350550184,0.0,1500.0,0.0,1500.0,0.0,1500.0
106410,Jorge Brian Panta Herreros,878.0,16.0,22.5,3.0,1511.1303025452198,R,5,0.6,0.6,0.0,1500.0,0.6,1511.8115253348217,0.0,1500.0,0.0,1500.0,0.0,1500.0
108799,Jorge Tejada,9999.0,0.0,31.7,0.0,1483.263693206478,U,1,0.0,0.0,0.0,1483.263693206478,0.0,1500.0,0.0,1500.0,0.0,1500.0,0.0,1500.0
108957,Jorge Villanueva,1523.0,1.0,18.9,0.0,1482.4662605505546,U,1,0.0,0.0,0.0,1500.0,0.0,1483.2339667856556,0.0,1500.0,0.0,1500.0,0.0,1500.0
106167,Joris De Loore,192.0,317.0,30.7,191.0,1464.9137091506623,R,6,0.16666666666666666,0.16666666666666666,0.2,1469.7648687496758,0.0,1489.685368259363,0.0,1500.0,0.0,1500.0,0.0,1500.0
104076,Jose Acasuso,256.0,184.0,28.3,190.0,1676.2077479925758,R,358,0.5223463687150838,0.5,0.3786407766990291,1536.584313534046,0.6033755274261603,1690.9531839007218,0.0,1395.106408831152,0.45454545454545453,1499.981126130099,0.0,1500.0
104445,Jose Antonio Sanchez De Luna,304.0,117.0,23.5,0.0,1477.4425382101547,R,3,0.0,0.0,0.0,1500.0,0.0,1469.5313508200472,0.0,1500.0,0.0,1500.0,0.0,1500.0
108891,Jose Antonio Velazquez,9999.0,0.0,19.0,0.0,1483.9084037821235,U,1,0.0,0.0,0.0,1500.0,0.0,1481.8812191750078,0.0,1500.0,0.0,1500.0,0.0,1500.0
108812,Jose Baires,1162.0,2.0,20.1,0.0,1484.736306793522,U,1,0.0,0.0,0.0,1500.0,0.0,1484.736306793522,0.0,1500.0,0.0,1500.0,0.0,1500.0
105488,Jose Benitez,1006.0,7.0,21.9,0.0,1514.0693017656802,U,3,0.6666666666666666,0.6666666666666666,1.0,1516.0,0.5,1499.2981902648023,0.0,1500.0,0.0,1500.0,0.0,1500.0
108679,Jose Bernard,9999.0,0.0,23.5,0.0,1517.306573786019,U,3,0.6666666666666666,0.6666666666666666,1.0,1516.0,0.5,1499.3326932946518,0.0,1500.0,0.0,1500.0,0.0,1500.0
103739,Jose De Armas,662.0,28.0,29.4,0.0,1551.990038796094,R,30,0.5666666666666667,0.5,0.6363636363636364,1583.3590419430168,0.375,1479.5362204822777,0.0,1500.0,0.0,1500.0,0.0,1500.0
149284,Jose Flores,9999.0,0.0,27.1,0.0,1484.0,U,1,0.0,0.0,0.0,1500.0,0.0,1484.0,0.0,1500.0,0.0,1500.0,0.0,1500.0
105497,Jose Hernandez,289.0,142.0,29.9,183.0,1471.2267393481775,R,26,0.4230769230769231,0.3,0.5,1511.5631631067042,0.35714285714285715,1449.41963059172,0.0,1500.0,0.0,1500.0,0.0,1500.0
144773,Jose Olivares,722.0,31.0,20.0,0.0,1457.4237060555117,R,5,0.2,0.2,0.5,1498.693140925911,0.0,1458.1878124842544,0.0,1500.0,0.0,1500.0,0.0,1500.0
108788,Jose Perdomo,9999.0,0.0,24.7,0.0,1484.7361899600812,R,1,0.0,0.0,0.0,1484.7362775384402,0.0,1500.0,0.0,1500.0,0.0,1500.0,0.0,1500.0
108952,Jose Roberto Velasco,9999.0,0.0,19.0,0.0,1458.4272548616038,R,5,0.2,0.2,0.0,1482.5677992130127,0.25,1471.9233368329074,0.0,1500.0,0.0,1500.0,0.0,1500.0
104907,Jose Rubin Statham,837.0,23.0,37.3,180.0,1423.2118758730828,R,49,0.4489795918367347,0.2,0.43243243243243246,1428.4785000289085,0.5714285714285714,1512.7668475558971,0.0,1469.3304595402692,0.6666666666666666,1516.0,0.0,1500.0
108949,Jose Zunino,1043.0,7.0,19.6,0.0,1468.6730939696474,R,2,0.0,0.0,0.0,1484.0,0.0,1484.7024671725246,0.0,1500.0,0.0,1500.0,0.0,1500.0
102512,Joseph Sirianni,254.0,273.0,34.3,175.0,1467.9199178585584,R,18,0.2777777777777778,0.2,0.3076923076923077,1469.595116050937,0.0,1500.0,0.2,1458.562188172342,0.0,1500.0,0.0,1500.0
108646,Joseph Victorino,9999.0,0.0,20.2,0.0,1433.471037905381,U,7,0.14285714285714285,0.14285714285714285,0.0,1455.0865427299432,0.25,1468.165117750404,0.0,1500.0,0.0,1500.0,0.0,1500.0
104623,Josh Goodall,215.0,229.0,26.6,188.0,1379.9460355809476,R,16,0.0625,0.1,0.0,1437.860678973981,0.0,1500.0,0.09090909090909091,1403.0949149129042,0.0,1500.0,0.0,1500.0
102215,Joshua Eagle,9999.0,0.0,27.8,183.0,1487.0119742767322,R,1,0.0,0.0,0.0,1484.5598408145681,0.0,1500.0,0.0,1500.0,0.0,1500.0,0.0,1500.0
104275,Josko Topic,605.0,41.0,29.6,0.0,1493.4376361398402,U,1,0.0,0.0,0.0,1500.0,0.0,1492.7457252332572,0.0,1500.0,0.0,1500.0,0.0,1500.0
104721,Josselin Ouanna,156.0,333.0,26.9,193.0,1544.5669351782974,R,26,0.34615384615384615,0.3,0.25,1478.074082562303,0.36363636363636365,1491.77902747794,0.0,1500.0,0.6666666666666666,1520.7288859540658,0.0,1500.0
106075,Jozef Kovalik,113.0,511.0,31.8,183.0,1544.395666356657,R,81,0.345679012345679,0.4,0.32142857142857145,1452.7959611318406,0.38,1548.5286861569705,0.0,1462.7970909541013,0.0,1500.0,0.0,1500.0
102167,Juan Albert Viloca Puig,148.0,269.0,28.2,185.0,1505.52212570612,R,12,0.5,0.6,0.5,1510.6251227528167,0.5,1501.8868065411166,0.0,1500.0,0.0,1500.0,0.0,1500.0
207834,Juan Alejandro Hernandez Serrano,521.0,57.0,23.1,175.0,1499.2856946427241,R,3,0.3333333333333333,0.3333333333333333,0.3333333333333333,1494.1156823480203,0.0,1500.0,0.0,1500.0,0.0,1500.0,0.0,1500.0
108950,Juan Andres Gomez,1437.0,2.0,18.7,0.0,1497.2062832002575,U,2,0.5,0.5,0.0,1482.4438637670157,1.0,1516.0,0.0,1500.0,0.0,1500.0,0.0,1500.0
102548,Juan Antonio Marin,156.0,278.0,31.5,175.0,1389.316941666088,R,85,0.32941176470588235,0.2,0.23076923076923078,1421.665363407056,0.352112676056338,1399.416973025242,0.0,1482.5625813136655,0.0,1500.0,0.0,1500.0
102607,Juan Balcells,106.0,374.0,27.6,190.0,1470.6811201969692,R,82,0.45121951219512196,0.3,0.42857142857142855,1468.1855313281983,0.5238095238095238,1550.4650442527604,0.0,1455.6747015017163,0.0,1469.5392496325508,0.0,1500.0
134677,Juan Borba,9999.0,0.0,26.8,0.0,1430.3607953966725,R,6,0.16666666666666666,0.16666666666666666,0.0,1500.0,0.2,1448.7090007228874,0.0,1500.0,0.0,1500.0,0.0,1483.263693206478
103507,Juan Carlos Ferrero,161.0,325.0,32.6,183.0,1700.6920728334974,R,689,0.6444121915820029,0.4,0.5704697986577181,1639.7257196259416,0.7278481012658228,1706.2655514282662,0.6086956521739131,1638.2901251853339,0.5517241379310345,1533.7870588168284,0.0,1500.0
212720,Juan Carlos Fuentes Vasquez,9999.0,0.0,18.9,0.0,1499.263693206478,U,2,0.5,0.5,1.0,1516.0,0.0,1484.0,0.0,1500.0,0.0,1500.0,0.0,1500.0
108633,Juan Carlos Gonzalez,9999.0,0.0,18.8,0.0,1483.9625293305423,U,1,0.0,0.0,0.0,1500.0,0.0,1483.9941709146974,0.0,1500.0,0.0,1500.0,0.0,1500.0
210178,Juan Carlos Prado Angelo,605.0,56.0,18.8,185.0,1485.5232274131151,R,3,0.3333333333333333,0.3333333333333333,0.0,1500.0,1.0,1516.0,0.0,1500.0,0.0,1500.0,0.0,1468.736306793522
108930,Juan Carlos Ramirez,9999.0,0.0,25.3,0.0,1468.8838700789686,R,13,0.38461538461538464,0.5,0.4,1487.100040728233,0.375,1476.5104541880928,0.0,1500.0,0.0,1500.0,0.0,1500.0
108890,Juan Carlos Rebaza Lozano,9999.0,0.0,18.5,0.0,1468.6881186073003,R,2,0.0,0.0,0.0,1484.736306793522,0.0,1500.0,0.0,1500.0,0.0,1485.4358728782763,0.0,1500.0
105820,Juan Carlos Saez,241.0,199.0,24.1,0.0,1542.2808130612934,R,3,1.0,1.0,0.0,1500.0,1.0,1545.1633745760073,0.0,1500.0,0.0,1500.0,0.0,1500.0
104258,Juan Enrique Crosa,9999.0,0.0,28.3,0.0,1455.7786913407788,R,3,0.0,0.0,0.0,1470.7147317916551,0.0,1484.0,0.0,1500.0,0.0,1500.0,0.0,1500.0
103242,Juan Giner,558.0,34.0,25.1,178.0,1490.947434688918,R,5,0.4,0.4,0.0,1500.0,0.4,1497.0853770234216,0.0,1500.0,0.0,1500.0,0.0,1500.0
103428,Juan Ignacio Chela,83.0,620.0,32.8,190.0,1555.1837360426766,R,582,0.5378006872852233,0.1,0.5,1497.9856559692346,0.590625,1634.715510615315,0.26666666666666666,1418.096847344958,0.23076923076923078,1427.1679139131923,0.0,1500.0
106228,Juan Ignacio Londero,142.0,442.0,28.7,180.0,1483.128960006879,R,85,0.4117647058823529,0.4,0.21052631578947367,1444.0503679600881,0.4838709677419355,1521.6164144472039,0.25,1470.662294310122,0.0,1500.0,0.0,1500.0
108953,Juan Lorenzo Gonzalez,9999.0,0.0,31.5,0.0,1516.0,U,1,1.0,1.0,0.0,1500.0,1.0,1516.0,0.0,1500.0,0.0,1500.0,0.0,1500.0
200526,Juan Lugo,9999.0,0.0,19.9,0.0,1485.8730296216243,R,1,0.0,0.0,0.0,1483.8559237342336,0.0,1500.0,0.0,1500.0,0.0,1500.0,0.0,1500.0
101869,Juan Luis Tati Rascon,484.0,45.0,33.6,0.0,1489.3485664162026,R,1,0.0,0.0,0.0,1489.5177892923793,0.0,1500.0,0.0,1500.0,0.0,1500.0,0.0,1500.0
207678,Juan Manuel Cerundolo,161.0,393.0,22.2,183.0,1523.2069325407065,L,40,0.4,0.5,0.4375,1552.2497256412307,0.391304347826087,1466.7825319244419,0.0,1487.1768970573326,0.0,1500.0,0.0,1500.0
104200,Juan Manuel Elizondo,787.0,17.0,24.1,180.0,1531.7799096911688,A,2,1.0,1.0,1.0,1516.0,1.0,1516.6257405527092,0.0,1500.0,0.0,1500.0,0.0,1500.0
104253,Juan Martin Aranguren,257.0,178.0,26.3,0.0,1472.0733162744648,R,2,0.0,0.0,0.0,1500.0,0.0,1468.3420658671153,0.0,1500.0,0.0,1500.0,0.0,1500.0
105223,Juan Martin del Potro,753.0,28.0,33.3,198.0,1975.5326886154328,R,589,0.7283531409168081,0.6,0.7341463414634146,2001.0006573326518,0.7192982456140351,1845.4488419943314,0.7017543859649122,1750.7933704280608,0.75,1565.5312646926616,0.0,1500.0
104338,Juan Monaco,124.0,455.0,33.0,185.0,1699.27022784305,R,582,0.5567010309278351,0.3,0.45408163265306123,1618.240182631882,0.6302521008403361,1716.7398766142658,0.3888888888888889,1497.0676275773128,0.2727272727272727,1446.3014049648941,0.0,1500.0
108635,Juan Pablo Barboza,9999.0,0.0,21.9,0.0,1482.4905555583591,U,1,0.0,0.0,0.0,1500.0,0.0,1483.2549137228239,0.0,1500.0,0.0,1500.0,0.0,1500.0
103976,Juan Pablo Brzezicki,196.0,275.0,28.8,178.0,1425.987259114892,R,24,0.25,0.2,0.0,1470.235147883508,0.2857142857142857,1458.4323570643062,0.0,1500.0,0.0,1483.4854649777667,0.0,1500.0
126663,Juan Pablo Ficovich,230.0,277.0,25.0,191.0,1500.5246970917035,R,3,0.3333333333333333,0.3333333333333333,0.0,1500.0,0.3333333333333333,1501.28146634238,0.0,1500.0,0.0,1500.0,0.0,1500.0
103700,Juan Pablo Guzman,132.0,321.0,26.5,178.0,1421.911468295331,L,23,0.2608695652173913,0.2,0.3333333333333333,1481.9216387503893,0.2777777777777778,1442.32415440235,0.0,1467.8812147849358,0.0,1500.0,0.0,1500.0
122669,Juan Pablo Varillas,179.0,331.0,28.9,185.0,1513.6362899170113,R,81,0.4444444444444444,0.2,0.23809523809523808,1440.2899529971323,0.5254237288135594,1581.0028939931588,0.0,1483.866544730774,0.0,1500.0,0.0,1500.0
101316,Juan Rios,9999.0,0.0,37.3,185.0,1481.8285209027997,R,1,0.0,0.0,0.0,1481.9284622150803,0.0,1500.0,0.0,1500.0,0.0,1500.0,0.0,1500.0
108701,Juan Sebastian Cabal,9999.0,0.0,28.2,185.0,1552.9531595240176,R,10,0.7,0.7,0.5,1498.5144842368657,0.75,1555.4214860795662,0.0,1500.0,0.0,1500.0,0.0,1500.0
108945,Juan Sebastian Langton,9999.0,0.0,28.7,0.0,1382.3423153549982,R,12,0.16666666666666666,0.1,0.2222222222222222,1424.520531570361,0.0,1467.009685779178,0.0,1500.0,0.0,1484.0,0.0,1500.0
105521,Juan Sebastian Vivanco,865.0,12.0,21.4,0.0,1484.8192614068341,R,1,0.0,0.0,0.0,1500.0,0.0,1483.5527684911285,0.0,1500.0,0.0,1500.0,0.0,1500.0
104768,Juho Paukku,1455.0,3.0,27.6,0.0,1406.246473444024,L,12,0.08333333333333333,0.1,0.0,1399.334385386938,0.3333333333333333,1486.9376062003496,0.0,1500.0,0.0,1500.0,0.0,1500.0
105490,Jui Chen Hung,601.0,52.0,25.9,0.0,1493.753817202104,R,8,0.5,0.5,0.5,1492.8976171561615,0.0,1500.0,0.0,1500.0,0.0,1500.0,0.0,1500.0
108713,Julen Uriguen,1076.0,5.0,18.9,0.0,1509.931820352047,R,3,0.6666666666666666,0.6666666666666666,0.6666666666666666,1513.3964210105735,0.0,1500.0,0.0,1500.0,0.0,1500.0,0.0,1500.0
103031,Julian Alonso,142.0,276.0,23.1,185.0,1459.4124190939021,R,12,0.3333333333333333,0.4,0.0,1451.8757133195104,0.4444444444444444,1492.7846423501474,0.0,1500.0,0.0,1500.0,0.0,1500.0
102382,Julian Knowle,9999.0,0.0,38.4,188.0,1420.1339952574908,L,37,0.2702702702702703,0.2,0.23076923076923078,1438.830215960876,0.18181818181818182,1417.0534885103318,0.3333333333333333,1454.8112397710765,1.0,1516.6576302332635,0.0,1500.0
109699,Julian Lenz,270.0,162.0,26.5,188.0,1490.2230680925898,R,2,0.0,0.0,0.0,1493.7525512041145,0.0,1495.4876907946127,0.0,1500.0,0.0,1500.0,0.0,1500.0
104714,Julian Reister,759.0,27.0,29.3,188.0,1454.409976266974,R,43,0.3023255813953488,0.1,0.0,1448.9992264859231,0.3333333333333333,1448.0343241980786,0.375,1487.1880680259271,0.0,1483.379733734727,0.0,1500.0
145016,Julian Saborio,9999.0,0.0,23.3,0.0,1455.2283596105121,U,3,0.0,0.0,0.0,1454.9893013709243,0.0,1500.0,0.0,1500.0,0.0,1500.0,0.0,1500.0
103898,Julien Benneteau,60.0,891.0,36.6,185.0,1688.4007540857294,R,556,0.4748201438848921,0.4,0.4913294797687861,1653.4154591832987,0.4074074074074074,1494.6630855712658,0.47368421052631576,1548.556169235416,0.5384615384615384,1565.1872197905823,0.0,1500.0
102369,Julien Boutter,488.0,46.0,30.2,190.0,1515.1207202615,R,135,0.42962962962962964,0.1,0.3584905660377358,1442.022601325212,0.5370370370370371,1558.3795688199837,0.1111111111111111,1401.6326571229301,0.47368421052631576,1495.3174505333673,0.0,1500.0
106333,Julien Cagnina,248.0,212.0,23.6,183.0,1484.0,R,1,0.0,0.0,0.0,1484.0,0.0,1500.0,0.0,1500.0,0.0,1500.0,0.0,1500.0
103527,Julien Jeanpierre,154.0,260.0,24.3,188.0,1533.4121923761843,R,5,0.6,0.6,0.5,1509.2416995665637,0.6666666666666666,1509.8323315943169,0.0,1500.0,0.0,1500.0,0.0,1500.0
103984,Julien Mathieu,981.0,8.0,24.5,0.0,1488.0223301925503,R,1,0.0,0.0,0.0,1500.0,0.0,1500.0,0.0,1500.0,0.0,1483.161002101851,0.0,1500.0
103047,Julien Varlet,163.0,214.0,25.7,180.0,1481.694564167179,R,11,0.2727272727272727,0.3,0.0,1449.1947079797444,0.25,1479.8407502055693,0.0,1500.0,0.6666666666666666,1519.7119157226794,0.0,1500.0
104673,Julio Cesar Campozano,495.0,71.0,28.1,0.0,1529.4788696232372,R,24,0.5,0.7,0.2857142857142857,1464.3167505311017,0.5882352941176471,1548.9517415753758,0.0,1500.0,0.0,1500.0,0.0,1500.0
103841,Julio Peralta,540.0,34.0,21.4,188.0,1484.3153754718965,R,1,0.0,0.0,0.0,1500.0,0.0,1485.9507739227486,0.0,1500.0,0.0,1500.0,0.0,1500.0
103395,Julio Silva,228.0,210.0,31.1,173.0,1425.370151257716,R,12,0.16666666666666666,0.1,0.0,1453.473568556738,0.2222222222222222,1439.669276236134,0.0,1500.0,0.0,1500.0,0.0,1500.0
108773,Julius Gotovskis,9999.0,0.0,18.4,0.0,1484.0,R,1,0.0,0.0,0.0,1500.0,0.0,1484.0,0.0,1500.0,0.0,1500.0,0.0,1500.0
108772,Julius Tverijonas,791.0,19.0,25.7,188.0,1441.7322102547,R,4,0.0,0.0,0.0,1486.1347624748587,0.0,1453.38092347868,0.0,1500.0,0.0,1500.0,0.0,1500.0
105220,Jun Chao Xu,594.0,39.0,20.0,0.0,1485.3745997137175,U,1,0.0,0.0,0.0,1485.4617577213485,0.0,1500.0,0.0,1500.0,0.0,1500.0,0.0,1500.0
103647,Jun Kato,503.0,38.0,22.2,173.0,1481.626219515868,R,1,0.0,0.0,0.0,1500.0,0.0,1500.0,0.0,1483.2305050383288,0.0,1500.0,0.0,1500.0
209992,Juncheng Shang,50.0,1115.0,19.8,180.0,1656.845382320745,L,58,0.5,0.3,0.5319148936170213,1620.5126350992646,0.16666666666666666,1457.9227235233564,0.6,1524.3287477186009,0.0,1500.0,0.0,1500.0
106074,Jung Woong Na,842.0,13.0,19.4,0.0,1493.926563967206,U,1,0.0,0.0,0.0,1491.8103177736648,0.0,1500.0,0.0,1500.0,0.0,1500.0,0.0,1500.0
127300,Jurabek Karimov,873.0,14.0,21.2,0.0,1521.5375674334753,R,3,0.6666666666666666,0.6666666666666666,1.0,1518.0063817855764,0.5,1498.3287272312746,0.0,1500.0,0.0,1500.0,0.0,1500.0
103781,Jurgen Melzer,426.0,88.0,37.4,183.0,1656.095553693192,L,663,0.5052790346907994,0.5,0.5014749262536873,1620.764509500993,0.5151515151515151,1565.6969571268587,0.5205479452054794,1583.525937212674,0.4,1469.7450644744583,0.0,1500.0
105132,Jurgen Zopp,133.0,437.0,30.5,190.0,1502.6914388571288,R,57,0.3684210526315789,0.5,0.38461538461538464,1489.1262110574264,0.4166666666666667,1503.9966072683064,0.0,1454.928395841705,0.25,1474.518355848145,0.0,1500.0
200514,Jurij Rodionov,170.0,348.0,25.3,191.0,1547.4440368495264,L,41,0.3902439024390244,0.5,0.4,1517.393672230941,0.4,1498.9083639158391,0.3333333333333333,1473.3758334676886,0.0,1500.0,0.0,1500.0
202269,Justin Barki,9999.0,0.0,21.3,178.0,1501.723652405743,R,2,0.5,0.5,0.5,1501.877122518955,0.0,1500.0,0.0,1500.0,0.0,1500.0,0.0,1500.0
103198,Justin Bower,417.0,67.0,27.3,190.0,1449.4572829328354,L,10,0.3,0.3,1.0,1516.0,0.16666666666666666,1438.4508836559605,0.3333333333333333,1482.97337738806,0.0,1500.0,0.0,1500.0
211514,Justin Engel,458.0,91.0,17.0,0.0,1508.9603516556822,U,2,0.5,0.5,0.5,1504.8817301552538,0.0,1500.0,0.0,1500.0,0.0,1500.0,0.0,1500.0
102925,Justin Gimelstob,549.0,40.0,30.7,196.0,1455.7801329540177,R,147,0.36054421768707484,0.1,0.3404255319148936,1424.4543671566728,0.16666666666666666,1427.0548184284808,0.475,1497.9345712448112,0.0,1489.7303829391103,0.0,1500.0
132028,Justin Lunn,9999.0,0.0,25.6,0.0,1487.9704520072135,U,1,0.0,0.0,0.0,1488.7448176770051,0.0,1500.0,0.0,1500.0,0.0,1500.0,0.0,1500.0
103076,Justin Oneal,748.0,21.0,30.7,0.0,1481.8245680765622,R,1,0.0,0.0,0.0,1482.408905982841,0.0,1500.0,0.0,1500.0,0.0,1500.0,0.0,1500.0
200390,Kacper Zuk,245.0,220.0,23.9,183.0,1504.7204867459607,R,8,0.375,0.375,0.42857142857142855,1520.0972313515904,0.0,1483.1690337033892,0.0,1500.0,0.0,1500.0,0.0,1500.0
111187,Kaichi Uchida,155.0,348.0,28.1,180.0,1511.017325629195,R,5,0.4,0.4,0.25,1491.037737578966,0.0,1500.0,1.0,1520.2845158518624,0.0,1500.0,0.0,1500.0
209868,Kaipo Marshall,9999.0,0.0,22.4,0.0,1447.250700430513,R,8,0.25,0.25,0.16666666666666666,1442.586918522571,0.0,1500.0,0.0,1500.0,0.0,1500.0,0.5,1500.0
102808,Kalle Flygt,333.0,87.0,25.0,0.0,1502.9934266249147,R,4,0.5,0.5,0.6666666666666666,1518.2732528404472,0.0,1486.4202420017718,0.0,1500.0,0.0,1500.0,0.0,1500.0
104743,Kamil Capkovic,370.0,83.0,18.7,198.0,1488.5033734881156,R,1,0.0,0.0,0.0,1484.6036880622098,0.0,1500.0,0.0,1500.0,0.0,1500.0,0.0,1500.0
111794,Kamil Majchrzak,163.0,364.0,28.6,180.0,1611.9984480077067,R,67,0.4626865671641791,0.6,0.5227272727272727,1586.7578426627492,0.375,1485.6535745411088,0.2857142857142857,1476.5676735711584,0.0,1500.0,0.0,1500.0
212038,Karam Hatamleh,9999.0,0.0,21.9,0.0,1490.830707362298,U,1,0.0,0.0,0.0,1500.0,0.0,1500.0,0.0,1500.0,0.0,1500.0,0.0,1484.0
104816,Karan Rastogi,1511.0,2.0,30.3,178.0,1447.4222105420345,R,10,0.2,0.2,0.25,1471.1668328248572,0.0,1470.866254736599,0.0,1500.0,0.0,1500.0,0.0,1500.0
111575,Karen Khachanov,21.0,2225.0,28.4,198.0,1837.2293201780801,R,473,0.5750528541226215,0.8,0.5705329153605015,1808.1082046617348,0.5811965811965812,1764.7464699909006,0.5945945945945946,1585.7662859584925,0.0,1500.0,0.0,1500.0
102223,Karim Alami,479.0,42.0,29.6,185.0,1374.997410834099,R,80,0.375,0.1,0.3611111111111111,1402.9867489162116,0.40540540540540543,1438.4077374019541,0.4,1485.3109309575502,0.0,1468.736306793522,0.0,1500.0
108618,Karim Alayli,9999.0,0.0,31.9,0.0,1328.192348904829,R,22,0.13636363636363635,0.2,0.07692307692307693,1362.3723181336193,0.2222222222222222,1430.5182077445133,0.0,1500.0,0.0,1500.0,0.0,1500.0
111444,Karim Hossam,338.0,127.0,19.7,0.0,1497.3795895643407,R,1,0.0,0.0,0.0,1497.1424212059026,0.0,1500.0,0.0,1500.0,0.0,1500.0,0.0,1500.0
103472,Karim Maamoun,403.0,85.0,30.6,0.0,1443.804354747941,R,24,0.375,0.4,0.2,1463.4887327812678,0.5,1492.8404947684796,0.0,1500.0,0.2857142857142857,1456.00806291549,0.0,1500.0
105747,Karim Mohamed Maamoun,721.0,37.0,32.4,175.0,1473.279455348266,R,12,0.4166666666666667,0.4,0.5,1502.556426784453,0.375,1467.7626220045768,0.0,1500.0,0.0,1500.0,0.0,1500.0
200418,Karl Friberg,364.0,134.0,24.8,191.0,1477.1723918943085,R,2,0.0,0.0,0.0,1474.8031406952362,0.0,1500.0,0.0,1500.0,0.0,1500.0,0.0,1500.0
105122,Karlis Lejnieks,519.0,51.0,22.4,0.0,1456.5431883382898,R,10,0.3,0.3,0.3333333333333333,1492.5876858519423,0.0,1451.4356813383126,0.0,1500.0,0.5,1499.3025801673073,0.0,1500.0
209866,Karlis Ozolins,1215.0,5.0,20.6,196.0,1477.442090692685,R,5,0.4,0.4,0.3333333333333333,1479.3893940806404,0.0,1500.0,0.0,1500.0,0.0,1500.0,0.5,1498.5304984710244
103971,Karol Beck,143.0,370.0,30.4,180.0,1452.6401324138062,R,174,0.3563218390804598,0.2,0.3584905660377358,1453.1914689331427,0.047619047619047616,1340.443537661692,0.4375,1470.4198309675405,0.6,1558.4898847028467,0.0,1500.0
102344,Karol Kucera,297.0,114.0,31.7,188.0,1589.9136358685628,R,186,0.5053763440860215,0.4,0.5533980582524272,1623.3547806483014,0.38095238095238093,1407.8334850595047,0.5769230769230769,1546.2667567673675,0.4,1478.6039731904973,0.0,1500.0
101373,Karsten Braasch,426.0,57.0,32.9,180.0,1523.4605229417175,L,3,0.6666666666666666,0.6666666666666666,0.0,1500.0,0.0,1500.0,0.6666666666666666,1518.5804634932251,0.0,1500.0,0.0,1500.0
208937,Kasidit Samrej,605.0,48.0,22.0,191.0,1494.0723600525798,R,6,0.5,0.5,0.75,1531.5138045186973,0.0,1500.0,0.0,1500.0,0.0,1500.0,0.0,1468.0
125782,Kasparas Zemaitelis,9999.0,0.0,17.4,0.0,1488.0563363601257,R,1,0.0,0.0,0.0,1500.0,0.0,1487.8978952932737,0.0,1500.0,0.0,1500.0,0.0,1500.0
102725,Kasper Warming,9999.0,0.0,26.2,0.0,1516.6030440474817,R,1,1.0,1.0,0.0,1500.0,1.0,1516.7040225341211,0.0,1500.0,0.0,1500.0,0.0,1500.0
105453,Kei Nishikori,141.0,418.0,34.8,178.0,1777.7709094582542,R,629,0.6788553259141494,0.5,0.6754176610978521,1768.0798775250194,0.6917808219178082,1809.8897888654444,0.6666666666666666,1696.6230253137146,1.0,1516.0,0.0,1500.0
102202,Kenneth Carlsen,304.0,117.0,34.4,190.0,1532.4464593819666,L,194,0.4690721649484536,0.4,0.49624060150375937,1547.471434226884,0.13333333333333333,1374.9128000968092,0.46875,1474.2416485845208,0.5714285714285714,1539.4854324396954,0.0,1500.0
144807,Kenneth Raisma,1640.0,1.0,24.8,193.0,1473.0828711521094,L,2,0.0,0.0,0.0,1489.5950287065743,0.0,1500.0,0.0,1500.0,0.0,1500.0,0.0,1484.0
108683,Kenneth Tuilier Curco,1351.0,1.0,20.0,0.0,1467.2894735965529,U,2,0.0,0.0,0.0,1500.0,0.0,1500.0,0.0,1500.0,0.0,1467.3312356809845,0.0,1500.0
104932,Kenny De Schepper,186.0,298.0,31.3,203.0,1485.253483162906,L,86,0.29069767441860467,0.4,0.2926829268292683,1482.6417124488542,0.2,1401.2734707430068,0.4,1483.249392529831,0.0,1500.0,0.0,1500.0
105059,Kento Takeuchi,441.0,92.0,26.7,0.0,1485.2826873865656,L,1,0.0,0.0,0.0,1484.5273287889936,0.0,1500.0,0.0,1500.0,0.0,1500.0,0.0,1500.0
103065,Kepler Orellana,344.0,91.0,26.7,0.0,1514.9715002948092,R,4,0.5,0.5,0.5,1508.5493785207202,0.0,1500.0,0.0,1500.0,0.0,1500.0,0.0,1500.0
108587,Kerlin Leon Zamora,1312.0,1.0,19.4,0.0,1465.264910312357,U,2,0.0,0.0,0.0,1466.9287704887088,0.0,1500.0,0.0,1500.0,0.0,1500.0,0.0,1500.0
104731,Kevin Anderson,652.0,45.0,37.2,203.0,1646.252419827027,R,590,0.5830508474576271,0.3,0.5888077858880778,1604.5850974480413,0.5333333333333333,1707.67773872517,0.6216216216216216,1739.464159606566,0.0,1500.0,0.0,1500.0
206199,Kevin Cheruiyot,1752.0,1.0,22.0,0.0,1484.0,R,1,0.0,0.0,0.0,1484.0,0.0,1500.0,0.0,1500.0,0.0,1500.0,0.0,1500.0
108627,Kevin Jonckheer,9999.0,0.0,31.2,0.0,1467.978158481696,U,2,0.0,0.0,0.0,1500.0,0.0,1484.5970156104252,0.0,1500.0,0.0,1483.3326549361948,0.0,1500.0
103240,Kevin Kim,151.0,334.0,32.0,180.0,1408.9179825820675,R,134,0.30597014925373134,0.3,0.35,1426.9413234317674,0.14285714285714285,1414.8572288847743,0.17647058823529413,1380.285290102488,0.3333333333333333,1487.6865852672518,0.0,1500.0
110536,Kevin King,304.0,154.0,29.8,191.0,1473.9787568180218,L,7,0.14285714285714285,0.14285714285714285,0.16666666666666666,1471.2109323820328,0.0,1500.0,0.0,1489.961053861586,0.0,1500.0,0.0,1500.0
105906,Kevin Krawietz,9999.0,0.0,32.0,188.0,1464.5526297297959,R,6,0.16666666666666666,0.16666666666666666,0.0,1486.3445380416829,0.0,1460.2458412361077,0.5,1495.135510695826,0.0,1500.0,0.0,1500.0
108784,Kevin Kung,9999.0,0.0,22.5,0.0,1514.652267235474,L,1,1.0,1.0,1.0,1515.3293908149565,0.0,1500.0,0.0,1500.0,0.0,1500.0,0.0,1500.0
103770,Kevin Sorensen,858.0,14.0,25.1,183.0,1481.7996134624962,R,6,0.3333333333333333,0.3333333333333333,0.5,1508.0528664510477,0.0,1500.0,0.0,1484.0,0.0,1484.0,0.0,1500.0
102061,Kevin Ullyett,9999.0,0.0,31.6,178.0,1462.506383158113,R,15,0.3333333333333333,0.3,0.38461538461538464,1461.3111366845078,0.0,1500.0,0.0,1500.0,0.0,1469.9425398787403,0.0,1500.0
108691,Khalid Al Nabhani,9999.0,0.0,26.8,0.0,1439.8822863935216,R,6,0.16666666666666666,0.16666666666666666,0.16666666666666666,1436.1199689000412,0.0,1500.0,0.0,1500.0,0.0,1500.0,0.0,1500.0
126939,Khumoun Sultanov,236.0,243.0,25.8,180.0,1512.2344854655155,R,7,0.42857142857142855,0.42857142857142855,0.4,1506.3936835576421,0.0,1484.0,1.0,1516.0,0.0,1500.0,0.0,1500.0
207132,Ki Lung Ng,2102.0,1.0,23.1,0.0,1483.7870006088306,R,3,0.3333333333333333,0.3333333333333333,0.3333333333333333,1485.3993841075858,0.0,1500.0,0.0,1500.0,0.0,1500.0,0.0,1500.0
102617,Kim Tiilikainen,558.0,32.0,27.9,180.0,1525.1309453444408,R,5,0.6,0.6,0.0,1500.0,0.6,1511.039316601958,0.0,1500.0,0.0,1500.0,0.0,1500.0
106293,Kimmer Coppejans,186.0,326.0,29.6,178.0,1449.3636947079287,R,21,0.19047619047619047,0.1,0.125,1467.4693906013188,0.2727272727272727,1462.2264935910252,0.0,1481.353109618765,0.0,1500.0,0.0,1500.0
208485,Kiranpal Pannu,454.0,94.0,27.6,185.0,1447.250678715956,R,7,0.14285714285714285,0.14285714285714285,0.14285714285714285,1442.4858676820577,0.0,1500.0,0.0,1500.0,0.0,1500.0,0.0,1500.0
104921,Kirati Siributwong,978.0,9.0,20.8,0.0,1494.9958662035272,R,1,0.0,0.0,0.0,1493.3935869833126,0.0,1500.0,0.0,1500.0,0.0,1500.0,0.0,1500.0
103715,Kirill Ivanov Smolensky,544.0,35.0,21.5,0.0,1466.4499723810154,R,2,0.0,0.0,0.0,1484.5137715985318,0.0,1500.0,0.0,1483.4176452725594,0.0,1500.0,0.0,1500.0
105579,Kittipong Wachiramanowong,1109.0,8.0,27.2,183.0,1448.467757058154,R,31,0.3548387096774194,0.3,0.38461538461538464,1462.1029539040028,1.0,1516.0,0.0,1472.604579749545,0.0,1470.078099842334,0.0,1500.0
103560,Kj Hippensteel,207.0,189.0,24.3,190.0,1483.6584293631033,L,4,0.25,0.25,0.25,1469.4150904937928,0.0,1500.0,0.0,1500.0,0.0,1500.0,0.0,1500.0
104470,Komlavi Loglo,9999.0,0.0,39.0,183.0,1486.037095383625,R,3,0.3333333333333333,0.3333333333333333,0.3333333333333333,1488.2521811088395,0.0,1500.0,0.0,1500.0,0.0,1500.0,0.0,1500.0
103460,Konstantin Don Gruber,633.0,25.0,24.9,183.0,1506.9727385930064,R,2,0.5,0.5,0.5,1505.7101287407258,0.0,1500.0,0.0,1500.0,0.0,1500.0,0.0,1500.0
104505,Konstantin Kravchuk,260.0,195.0,32.6,190.0,1408.0240268783275,R,37,0.24324324324324326,0.2,0.19230769230769232,1360.326960785077,0.5,1520.8816609227056,0.2,1457.6821293073485,0.5,1500.8599444935471,0.0,1500.0
103077,Konstantinos Economidis,9999.0,0.0,33.6,188.0,1503.7376057829117,R,38,0.5,0.3,0.18181818181818182,1417.0032400245784,0.7619047619047619,1616.5948154831467,0.0,1462.1078079005692,0.3333333333333333,1482.0523251290651,0.0,1500.0
108704,Konstantinos Mikos,1293.0,3.0,16.4,0.0,1467.9176485769879,R,2,0.0,0.0,0.0,1500.0,0.0,1465.3440811032121,0.0,1500.0,0.0,1500.0,0.0,1500.0
103229,Kornel Bardoczky,538.0,50.0,31.6,0.0,1497.207600065264,R,21,0.47619047619047616,0.5,0.4444444444444444,1495.5422281134652,0.45454545454545453,1487.400761701521,0.0,1500.0,1.0,1516.0,0.0,1500.0
144748,Kris Van Wyk,416.0,109.0,27.3,185.0,1472.6851343302803,R,4,0.25,0.25,0.5,1502.6792151410245,0.0,1500.0,0.0,1500.0,0.0,1500.0,0.0,1469.4695015289756
103270,Kristian Capalik,298.0,105.0,23.5,188.0,1465.3995868299514,R,8,0.375,0.375,0.3333333333333333,1481.1657360630975,0.0,1484.44971094726,0.5,1501.7814089823246,0.0,1500.0,0.0,1500.0
103709,Kristian Pless,9999.0,0.0,30.9,188.0,1393.029306908966,R,130,0.3769230769230769,0.1,0.4050632911392405,1416.240789218874,0.36,1439.3768444405457,0.14285714285714285,1382.8923375909094,0.5,1512.219771488817,0.0,1500.0
105175,Kristijan Mesaros,295.0,153.0,23.5,0.0,1490.905434716072,R,1,0.0,0.0,0.0,1487.2718619197005,0.0,1500.0,0.0,1500.0,0.0,1500.0,0.0,1500.0
144932,Kristjan Tamm,978.0,15.0,26.2,185.0,1466.9989712522092,R,6,0.3333333333333333,0.3333333333333333,0.6666666666666666,1512.3188618656125,0.0,1473.0282250049697,0.0,1500.0,0.0,1500.0,0.0,1484.0
104019,Kristof Vliegen,307.0,139.0,28.2,193.0,1465.9892871137906,R,203,0.4236453201970443,0.1,0.4090909090909091,1453.9787249308918,0.45569620253164556,1520.006051838649,0.36,1450.1670640288316,0.45454545454545453,1484.5379575426089,0.0,1500.0
103287,Krystian Pfeiffer,629.0,23.0,22.6,0.0,1500.6725373705324,U,6,0.5,0.5,0.0,1500.0,0.5,1501.9688345496493,0.0,1500.0,0.0,1500.0,0.0,1500.0
134120,Kuan Yi Lee,598.0,48.0,21.3,178.0,1482.7340496125262,R,3,0.3333333333333333,0.3333333333333333,0.3333333333333333,1481.8316739233317,0.0,1500.0,0.0,1500.0,0.0,1500.0,0.0,1500.0
108667,Kwasi Ahenkora,9999.0,0.0,21.2,0.0,1498.0661414342742,U,2,0.5,0.5,1.0,1515.263693206478,0.0,1484.736306793522,0.0,1500.0,0.0,1500.0,0.0,1500.0
212722,Kwok Shun Dasson Chan,9999.0,0.0,18.5,0.0,1484.0,U,1,0.0,0.0,0.0,1484.0,0.0,1500.0,0.0,1500.0,0.0,1500.0,0.0,1500.0
106378,Kyle Edmund,473.0,85.0,28.3,188.0,1595.352513104261,R,237,0.48945147679324896,0.1,0.5161290322580645,1634.4928039716078,0.4807692307692308,1567.8203686653599,0.36666666666666664,1491.088780210587,0.0,1500.0,0.0,1500.0
208476,Kyle Johnson,9999.0,0.0,25.5,0.0,1486.6923188894739,R,1,0.0,0.0,0.0,1484.2513902475152,0.0,1500.0,0.0,1500.0,0.0,1500.0,0.0,1500.0
208021,Kyrian Jacquet,209.0,285.0,23.2,178.0,1497.434931299971,R,1,0.0,0.0,0.0,1497.2666136638775,0.0,1500.0,0.0,1500.0,0.0,1500.0,0.0,1500.0
103682,Kyu Tae Im,477.0,66.0,30.4,185.0,1479.1500970902334,R,12,0.4166666666666667,0.5,0.7142857142857143,1537.920327065622,0.0,1457.8558226528837,0.0,1469.252234073982,0.0,1500.0,0.0,1500.0
103281,Ladislav Svarc,344.0,80.0,24.6,188.0,1446.7321130771145,R,4,0.0,0.0,0.0,1456.3897133450005,0.0,1486.7190687806467,0.0,1500.0,0.0,1500.0,0.0,1500.0
104569,Lado Chikhladze,1012.0,17.0,23.7,0.0,1453.307170648529,R,17,0.35294117647058826,0.4,0.25,1471.2039885339282,0.25,1447.4425938540298,0.0,1500.0,0.6,1517.6199988261271,0.0,1500.0
104467,Lamine Ouahab,664.0,29.0,35.1,185.0,1553.1321601799516,R,39,0.5128205128205128,0.5,0.375,1475.6076812565339,0.5483870967741935,1557.6935719740638,0.0,1500.0,0.0,1500.0,0.0,1500.0
102694,Lars Burgsmuller,263.0,150.0,31.3,183.0,1409.111378409468,R,179,0.3575418994413408,0.3,0.37755102040816324,1424.5037472845456,0.3333333333333333,1423.0061794842009,0.36363636363636365,1457.6342781070132,0.25,1441.7498264432995,0.0,1500.0
104385,Lars Poerschke,332.0,123.0,25.6,0.0,1482.9636658518393,R,2,0.0,0.0,0.0,1481.1081107651278,0.0,1500.0,0.0,1500.0,0.0,1500.0,0.0,1500.0
103646,Lars Uebel,288.0,123.0,24.6,180.0,1497.1347455721243,R,1,0.0,0.0,0.0,1500.0,0.0,1500.0,0.0,1484.6560834396046,0.0,1500.0,0.0,1500.0
111513,Laslo Djere,141.0,419.0,29.4,188.0,1628.382182583605,R,276,0.4855072463768116,0.6,0.3925233644859813,1615.9015851957122,0.5771812080536913,1609.6298827205435,0.3,1445.4127934070423,0.0,1500.0,0.0,1500.0
102133,Laurence Tieleman,138.0,279.0,27.9,180.0,1446.963067903489,R,28,0.35714285714285715,0.5,0.47058823529411764,1494.1073753852984,0.16666666666666666,1445.1804082983388,0.2,1456.2101067201888,0.0,1500.0,0.0,1500.0
107552,Laurent Bram,9999.0,0.0,28.8,0.0,1402.7918941741266,R,14,0.14285714285714285,0.2,0.0,1379.996777355643,0.4,1502.6465859813375,0.0,1500.0,0.0,1500.0,0.0,1500.0
108903,Laurent Hild,9999.0,0.0,21.1,0.0,1516.0,U,1,1.0,1.0,0.0,1500.0,1.0,1516.0,0.0,1500.0,0.0,1500.0,0.0,1500.0
106362,Laurent Lokoli,199.0,290.0,28.7,188.0,1420.397924252482,R,8,0.0,0.0,0.0,1435.6732207042703,0.0,1475.1476666466026,0.0,1483.4272166850699,0.0,1500.0,0.0,1500.0
104397,Laurent Recouderc,207.0,239.0,26.2,178.0,1440.363519148727,R,15,0.2,0.1,0.125,1426.6784441399402,0.2857142857142857,1488.096834885257,0.0,1500.0,0.0,1500.0,0.0,1500.0
103643,Lauri Kiiski,825.0,16.0,25.7,0.0,1483.0656694599018,R,1,0.0,0.0,0.0,1500.0,0.0,1482.9879212456522,0.0,1500.0,0.0,1500.0,0.0,1500.0
105827,Laurynas Grigelis,1016.0,11.0,30.5,183.0,1458.5548997552482,R,30,0.43333333333333335,0.3,0.391304347826087,1452.165231921284,0.6,1513.975499918199,0.0,1485.4273732392837,1.0,1516.059992734028,0.0,1500.0
108662,Lavaughn Munroe,9999.0,0.0,20.6,0.0,1483.7515212667179,U,1,0.0,0.0,0.0,1500.0,0.0,1485.4559919975175,0.0,1500.0,0.0,1500.0,0.0,1500.0
104484,Lawal Shehu,1210.0,4.0,22.4,0.0,1485.880213210455,R,1,0.0,0.0,0.0,1485.3691411015252,0.0,1500.0,0.0,1500.0,0.0,1500.0,0.0,1500.0
103668,Lazar Magdincev,9999.0,0.0,29.2,0.0,1474.7482028275508,R,15,0.4666666666666667,0.3,0.4,1478.7145641453474,0.5,1501.478804932809,0.0,1500.0,0.0,1500.0,0.0,1500.0
102320,Lazaro Navarro Batles,9999.0,0.0,29.1,0.0,1481.9057986236894,R,7,0.42857142857142855,0.42857142857142855,0.6,1515.1323349901506,0.0,1466.7893736269032,0.0,1500.0,0.0,1500.0,0.0,1500.0
102233,Leander Paes,9999.0,0.0,34.8,178.0,1598.048963715438,R,40,0.65,0.7,0.5416666666666666,1521.0880464366735,0.0,1483.263693206478,0.8461538461538461,1607.6412138244887,1.0,1530.7744369271643,0.0,1500.0
209857,Leandro Riedi,134.0,473.0,22.4,191.0,1511.3488389890292,R,11,0.2727272727272727,0.3,0.2857142857142857,1509.3533867552633,0.25,1487.9959822542903,0.0,1500.0,0.0,1500.0,0.0,1500.0
210530,Learner Tien,122.0,493.0,19.0,180.0,1575.7066452182094,L,12,0.5,0.6,0.5,1564.1264046781175,0.0,1500.0,0.0,1500.0,0.0,1500.0,0.0,1500.0
104014,Lee Childs,408.0,74.0,25.0,0.0,1450.3719269699645,R,11,0.2727272727272727,0.2,0.5,1498.8687762862526,0.0,1500.0,0.125,1425.392790294965,1.0,1515.2946242954583,0.0,1500.0
104011,Lefteris Alexiou,1332.0,2.0,25.1,0.0,1467.4009544435532,R,4,0.25,0.25,0.3333333333333333,1481.6291214669166,0.0,1483.5146968489937,0.0,1500.0,0.0,1500.0,0.0,1500.0
209863,Leo Borg,590.0,57.0,21.4,183.0,1463.1613657224127,R,11,0.18181818181818182,0.2,0.125,1440.005182548766,0.3333333333333333,1500.88773748774,0.0,1500.0,0.0,1500.0,0.0,1500.0
103209,Leonardo Azzaro,295.0,123.0,28.1,188.0,1464.9264920484054,L,3,0.0,0.0,0.0,1500.0,0.0,1460.5970497723574,0.0,1500.0,0.0,1500.0,0.0,1500.0
104474,Leonardo Kirche,682.0,21.0,19.7,188.0,1516.0,R,1,1.0,1.0,0.0,1500.0,1.0,1516.0,0.0,1500.0,0.0,1500.0,0.0,1500.0
104919,Leonardo Mayer,146.0,504.0,33.8,188.0,1499.0162483676806,R,366,0.48360655737704916,0.0,0.43312101910828027,1565.6970368622456,0.5344827586206896,1543.3937674367917,0.45714285714285713,1506.658589187407,0.0,1500.0,0.0,1500.0
102693,Leonardo Olguin,235.0,150.0,26.2,0.0,1491.9610420503243,R,1,0.0,0.0,0.0,1500.0,0.0,1491.8807839457893,0.0,1500.0,0.0,1500.0,0.0,1500.0
108951,Leonardo Ramirez,9999.0,0.0,22.7,0.0,1484.0,U,1,0.0,0.0,0.0,1500.0,0.0,1484.0,0.0,1500.0,0.0,1500.0,0.0,1500.0
104311,Leonardo Tavares,311.0,141.0,27.3,185.0,1475.5239928229207,R,17,0.35294117647058826,0.5,0.2,1468.6088948726797,0.4444444444444444,1500.833067128712,0.0,1500.0,0.3333333333333333,1488.54180493295,0.0,1500.0
102904,Leos Friedl,9999.0,0.0,29.0,183.0,1483.9057642716616,R,8,0.375,0.375,0.25,1465.426250452672,0.6666666666666666,1519.5658574684446,0.0,1500.0,0.0,1485.1421324732753,0.0,1500.0
108673,Leroy Tujeehut,9999.0,0.0,22.2,0.0,1484.6065538904775,U,1,0.0,0.0,0.0,1500.0,0.0,1500.0,0.0,1500.0,0.0,1484.736306793522,0.0,1500.0
104355,Lester Cook,1445.0,1.0,20.2,180.0,1484.1628061787628,R,1,0.0,0.0,0.0,1483.080040419739,0.0,1500.0,0.0,1500.0,0.0,1500.0,0.0,1500.0
103834,Levar Harper Griffith,297.0,107.0,19.9,0.0,1472.3267449881107,R,2,0.0,0.0,0.0,1484.352313206504,0.0,1484.0,0.0,1500.0,0.0,1500.0,0.0,1500.0
111454,Li Tu,191.0,304.0,28.3,183.0,1427.310643948455,R,10,0.1,0.1,0.0,1432.1956981411847,0.0,1500.0,0.25,1469.8401951653768,0.0,1500.0,0.0,1500.0
106281,Liam Broady,156.0,384.0,30.4,183.0,1565.1273191517382,L,55,0.38181818181818183,0.3,0.4782608695652174,1573.1020136748607,0.2,1478.143707972835,0.3333333333333333,1444.7054408965773,0.0,1500.0,0.0,1500.0
132482,Liam Caruana,622.0,45.0,20.7,178.0,1467.5126074217508,R,4,0.0,0.0,0.0,1462.5965279167203,0.0,1500.0,0.0,1500.0,0.0,1500.0,0.0,1500.0
210740,Liam Krall,9999.0,0.0,20.7,191.0,1486.2522580298973,R,1,0.0,0.0,0.0,1487.4395436690957,0.0,1500.0,0.0,1500.0,0.0,1500.0,0.0,1500.0
105946,Liang Chi Huang,353.0,130.0,23.9,0.0,1558.7141412428496,R,6,0.8333333333333334,0.8333333333333334,0.8333333333333334,1557.5665478416377,0.0,1500.0,0.0,1500.0,0.0,1500.0,0.0,1500.0
144775,Linh Giang Trinh,9999.0,0.0,26.4,183.0,1463.3617907818323,R,4,0.25,0.25,0.3333333333333333,1481.6808816698301,0.0,1484.0,0.0,1500.0,0.0,1500.0,0.0,1500.0
102201,Lionel Roux,331.0,88.0,29.3,185.0,1471.9572147815575,R,12,0.3333333333333333,0.3,0.3333333333333333,1464.2275793152567,0.0,1500.0,0.0,1500.0,0.0,1500.0,0.0,1500.0
102734,Lior Mor,176.0,207.0,24.4,175.0,1485.3222425761378,R,3,0.3333333333333333,0.3333333333333333,0.0,1484.334181022954,0.5,1501.4387739660467,0.0,1500.0,0.0,1500.0,0.0,1500.0
209964,Liova Ayite Ajavon,9999.0,0.0,25.2,0.0,1514.4322781552107,U,1,1.0,1.0,1.0,1514.4310276348745,0.0,1500.0,0.0,1500.0,0.0,1500.0,0.0,1500.0
207395,Lleyton Cronje,9999.0,0.0,21.9,0.0,1484.558915725947,R,1,0.0,0.0,0.0,1500.0,0.0,1485.3189380783829,0.0,1500.0,0.0,1500.0,0.0,1500.0
103720,Lleyton Hewitt,308.0,160.0,34.8,180.0,1620.7298860152937,R,770,0.7064935064935065,0.3,0.709051724137931,1634.733536561074,0.6312056737588653,1574.428388335788,0.7682119205298014,1704.2453793854988,0.7142857142857143,1597.29174206024,0.0,1500.0
144750,Lloyd Harris,118.0,541.0,27.3,193.0,1575.0978887407773,R,152,0.4934210526315789,0.3,0.5446428571428571,1589.146464228861,0.2727272727272727,1469.4434274286314,0.4444444444444444,1499.482103235983,0.0,1500.0,0.0,1500.0
207976,Lluis Miralles,9999.0,0.0,20.3,0.0,1483.7639061968282,U,1,0.0,0.0,0.0,1482.7971777040095,0.0,1500.0,0.0,1500.0,0.0,1500.0,0.0,1500.0
108780,Lofo Ramiaramanana,1602.0,2.0,25.7,175.0,1476.2131026821291,L,3,0.3333333333333333,0.3333333333333333,1.0,1513.7508604278294,0.0,1482.5559966428705,0.0,1500.0,0.0,1484.9372424141725,0.0,1500.0
119511,Loic Didavi,9999.0,0.0,25.7,0.0,1484.287513644036,U,1,0.0,0.0,0.0,1500.0,0.0,1483.8591177634405,0.0,1500.0,0.0,1500.0,0.0,1500.0
105841,Lorenzo Giustino,223.0,259.0,31.6,180.0,1459.5966513839776,R,8,0.125,0.125,0.0,1484.239720022874,0.16666666666666666,1464.8079884655094,0.0,1500.0,0.0,1500.0,0.0,1500.0
102455,Lorenzo Manta,233.0,152.0,26.8,190.0,1424.04038239557,R,17,0.29411764705882354,0.3,0.4,1478.4369823147813,0.0,1456.9695105717556,0.0,1451.3298231018227,1.0,1516.0,0.0,1500.0
207518,Lorenzo Musetti,17.0,2600.0,22.7,185.0,1783.8594349507339,R,235,0.5531914893617021,0.4,0.4666666666666667,1621.7470260926707,0.6404494382022472,1792.3637555089326,0.6538461538461539,1652.9834531389663,0.0,1500.0,0.0,1500.0
132283,Lorenzo Sonego,51.0,1046.0,29.4,191.0,1620.766334635216,R,296,0.4797297297297297,0.2,0.4473684210526316,1586.0429053560376,0.5,1586.4980012252245,0.5526315789473685,1564.9717401193611,0.0,1500.0,0.0,1500.0
103130,Louis Vosloo,211.0,170.0,24.2,178.0,1467.6063178232844,R,2,0.0,0.0,0.0,1500.0,0.0,1468.7294273961609,0.0,1500.0,0.0,1500.0,0.0,1500.0
144923,Louis Wessels,347.0,139.0,24.8,198.0,1500.6078727249094,R,3,0.3333333333333333,0.3333333333333333,0.0,1500.0,0.5,1505.5351671595527,0.0,1482.8920274007828,0.0,1500.0,0.0,1500.0
104476,Louk Sorensen,236.0,206.0,29.4,175.0,1538.8237699739116,R,10,0.5,0.5,0.3333333333333333,1494.8416313103678,0.5,1504.9809637701912,0.0,1500.0,1.0,1531.1206487456357,0.0,1500.0
103735,Lovro Zovko,9999.0,0.0,31.1,190.0,1498.3060649465672,R,14,0.35714285714285715,0.3,0.3333333333333333,1486.5206680345943,0.16666666666666666,1461.0093871272422,0.0,1500.0,1.0,1530.5641271217237,0.0,1500.0
208134,Luca Nardi,89.0,649.0,21.1,185.0,1459.2118455032517,R,30,0.23333333333333334,0.2,0.26666666666666666,1479.963900332178,0.18181818181818182,1458.3281579923241,0.25,1475.851697227049,0.0,1500.0,0.0,1500.0
212203,Luca Preda,1099.0,8.0,17.8,0.0,1484.0,U,1,0.0,0.0,0.0,1484.0,0.0,1500.0,0.0,1500.0,0.0,1500.0,0.0,1500.0
209414,Luca Van Assche,128.0,471.0,20.5,178.0,1528.5457852214186,R,59,0.3559322033898305,0.3,0.34285714285714286,1521.0296280216703,0.4,1520.4464866366145,0.25,1470.0258288922794,0.0,1500.0,0.0,1500.0
104563,Luca Vanni,163.0,325.0,33.6,198.0,1441.928687302264,R,22,0.22727272727272727,0.1,0.1111111111111111,1438.7850498756402,0.3333333333333333,1484.568065122092,0.0,1480.0156607682225,0.0,1500.0,0.0,1500.0
145003,Lucas Andriamasilalao,9999.0,0.0,19.6,0.0,1483.4681976268034,R,1,0.0,0.0,0.0,1481.2176444600555,0.0,1500.0,0.0,1500.0,0.0,1500.0,0.0,1500.0
102463,Lucas Arnold Ker,9999.0,0.0,29.4,180.0,1474.6127441633776,R,2,0.0,0.0,0.0,1500.0,0.0,1482.7769251287634,0.0,1500.0,0.0,1486.2719699017043,0.0,1500.0
200031,Lucas Catarina,452.0,97.0,27.0,185.0,1456.6826223074374,R,8,0.125,0.125,0.0,1459.0754560617315,0.2,1478.8898717224677,0.0,1500.0,0.0,1500.0,0.0,1500.0
106412,Lucas Gomez,735.0,23.0,24.0,178.0,1419.4170660348527,L,16,0.1875,0.2,0.1,1417.0076907821312,0.3333333333333333,1472.9796394762504,0.0,1500.0,0.0,1500.0,0.0,1500.0
111192,Lucas Miedler,1071.0,9.0,27.6,183.0,1484.5425231363238,R,4,0.25,0.25,0.3333333333333333,1497.6759547675279,0.0,1485.1419289058708,0.0,1500.0,0.0,1500.0,0.0,1500.0
106298,Lucas Pouille,212.0,284.0,30.3,185.0,1573.6205442709422,R,269,0.5130111524163569,0.3,0.5189873417721519,1626.2031918008793,0.4805194805194805,1505.252938098042,0.5588235294117647,1594.8711350516946,0.0,1500.0,0.0,1500.0
209260,Luciano Darderi,43.0,1248.0,22.7,183.0,1553.980022590326,R,52,0.4807692307692308,0.1,0.14285714285714285,1429.6874526133042,0.6363636363636364,1615.7196440110927,0.4,1489.1457672072497,0.0,1500.0,0.0,1500.0
122047,Luciano Ramazzini,9999.0,0.0,23.2,0.0,1474.629229122291,R,4,0.25,0.25,0.25,1476.479390369954,0.0,1500.0,0.0,1500.0,0.0,1500.0,0.0,1500.0
211573,Lucky Candra Kurniawan,9999.0,0.0,18.7,0.0,1484.7024671725246,U,1,0.0,0.0,0.0,1484.7024671725246,0.0,1500.0,0.0,1500.0,0.0,1500.0,0.0,1500.0
104106,Ludovic Walter,287.0,165.0,28.4,0.0,1482.1726765869544,U,1,0.0,0.0,0.0,1500.0,0.0,1500.0,0.0,1480.7325318318522,0.0,1500.0,0.0,1500.0
102192,Luis Adrian Morejon,342.0,85.0,29.2,178.0,1510.8523977625102,R,10,0.5,0.5,0.0,1471.0339340010198,0.7142857142857143,1546.24817972632,0.0,1484.227043217784,0.0,1500.0,0.0,1500.0
211468,Luis Carlos Alvarez Valdes,9999.0,0.0,0.0,0.0,1516.0,U,1,1.0,1.0,0.0,1500.0,1.0,1516.0,0.0,1500.0,0.0,1500.0,0.0,1500.0
105334,Luis David Martinez,9999.0,0.0,30.8,178.0,1486.8921083754296,R,16,0.4375,0.6,0.5,1500.1878694925315,0.25,1473.4319484866387,0.0,1500.0,0.0,1500.0,0.0,1500.0
108980,Luis Delgado,9999.0,0.0,20.0,0.0,1479.491886128482,R,4,0.25,0.25,0.0,1486.5677610707994,0.3333333333333333,1488.1641607442803,0.0,1500.0,0.0,1500.0,0.0,1500.0
104718,Luis Diaz Barriga,489.0,68.0,25.5,0.0,1482.0118163163347,R,1,0.0,0.0,0.0,1500.0,0.0,1483.669494379865,0.0,1500.0,0.0,1500.0,0.0,1500.0
126502,Luis Diego Chavez Villalpando,1581.0,2.0,22.2,0.0,1517.5589751518205,U,1,1.0,1.0,0.0,1500.0,1.0,1517.7357024061232,0.0,1500.0,0.0,1500.0,0.0,1500.0
108797,Luis Diego Nunez,9999.0,0.0,26.1,0.0,1468.0,U,2,0.0,0.0,0.0,1468.0,0.0,1500.0,0.0,1500.0,0.0,1500.0,0.0,1500.0
198661,Luis Felipe Noriega,9999.0,0.0,19.0,0.0,1517.4358728782763,U,1,1.0,1.0,0.0,1500.0,1.0,1516.736306793522,0.0,1500.0,0.0,1500.0,0.0,1500.0
108915,Luis Haddock,9999.0,0.0,22.1,0.0,1499.0938916887696,U,2,0.5,0.5,0.5,1500.2904042305036,0.0,1500.0,0.0,1500.0,0.0,1500.0,0.0,1500.0
103632,Luis Horna,319.0,149.0,28.9,180.0,1558.574756690037,R,261,0.5019157088122606,0.3,0.39759036144578314,1458.229822240249,0.5773809523809523,1628.8371368179085,0.0,1417.423748162398,0.25,1469.1912784158521,0.0,1500.0
108981,Luis Javier Cuellar Contreras,1507.0,1.0,19.1,0.0,1484.802278224848,U,1,0.0,0.0,0.0,1500.0,0.0,1484.0,0.0,1500.0,0.0,1500.0,0.0,1500.0
104496,Luis Manuel Flores,478.0,98.0,24.4,0.0,1528.678150263063,L,4,0.75,0.75,0.5,1502.7197767883724,0.0,1500.0,0.0,1500.0,1.0,1531.263693206478,0.0,1500.0
106250,Luis Patino,983.0,12.0,27.4,183.0,1462.3743974475028,R,10,0.3,0.3,0.42857142857142855,1487.624932538055,0.0,1463.007221895629,0.0,1500.0,0.0,1500.0,0.0,1500.0
108582,Luis Perez Chete,9999.0,0.0,31.4,0.0,1496.5224084386061,U,6,0.5,0.5,0.5,1497.337219021344,0.0,1500.0,0.0,1500.0,0.0,1500.0,0.0,1500.0
105231,Luka Belic,766.0,20.0,19.7,0.0,1465.5570322437532,R,3,0.0,0.0,0.0,1500.0,0.0,1457.6254847850744,0.0,1500.0,0.0,1500.0,0.0,1500.0
104305,Luka Gregorc,325.0,126.0,26.0,0.0,1544.5900250334425,R,20,0.45,0.5,0.5,1545.266075444763,0.0,1484.0339081301693,0.0,1485.5575252034284,0.5,1500.4024531514146,0.0,1500.0
210053,Luka Mikrut,350.0,143.0,20.2,188.0,1483.6784657085032,R,1,0.0,0.0,0.0,1500.0,0.0,1483.3480257406393,0.0,1500.0,0.0,1500.0,0.0,1500.0
104160,Lukas Dlouhy,607.0,35.0,27.2,185.0,1453.2774252749682,R,76,0.2894736842105263,0.3,0.15,1395.7057880065095,0.35,1477.2908017669654,0.2857142857142857,1460.8217791907864,0.3333333333333333,1465.013837839213,0.0,1500.0
206716,Lukas Hellum Lilleengen,1211.0,5.0,21.8,180.0,1496.9856111878153,R,2,0.5,0.5,0.5,1496.8585922193176,0.0,1500.0,0.0,1500.0,0.0,1500.0,0.0,1500.0
127760,Lukas Klein,153.0,380.0,26.6,193.0,1536.0410976743099,R,29,0.3793103448275862,0.4,0.35294117647058826,1495.1280696718204,0.4444444444444444,1509.1300736527987,0.3333333333333333,1479.4852164784313,0.0,1500.0,0.0,1500.0
105041,Lukas Lacko,214.0,319.0,33.6,185.0,1558.57365683757,R,240,0.3958333333333333,0.4,0.42105263157894735,1483.1374261725798,0.16666666666666666,1397.9449069499335,0.4222222222222222,1505.7943113700394,0.0,1500.0,0.0,1500.0
108748,Lukas Mugevicius,405.0,109.0,22.3,188.0,1438.2980693142893,R,11,0.2727272727272727,0.3,0.3333333333333333,1469.4487681760907,0.25,1469.9920689048706,0.0,1500.0,0.0,1483.320811412353,0.0,1500.0
209903,Lukas Neumayer,262.0,210.0,22.0,183.0,1515.315354603494,R,5,0.6,0.6,0.0,1500.0,0.6,1509.880632144733,0.0,1500.0,0.0,1500.0,0.0,1500.0
104586,Lukas Rosol,226.0,235.0,37.2,193.0,1569.403430943591,R,280,0.43214285714285716,0.2,0.3836477987421384,1526.1442822345512,0.52,1607.71845076408,0.38095238095238093,1467.6573657187805,0.0,1500.0,0.0,1500.0
103997,Lukasz Kubot,614.0,48.0,33.4,191.0,1539.1204164871967,R,226,0.4247787610619469,0.3,0.3592233009708738,1455.2443304142314,0.46875,1517.9708603010686,0.5,1526.3201159494479,0.6666666666666666,1512.9051135723103,0.0,1500.0
102945,Luke Bourgeois,369.0,92.0,29.8,188.0,1483.4660974327837,R,2,0.0,0.0,0.0,1480.334190835605,0.0,1500.0,0.0,1500.0,0.0,1500.0,0.0,1500.0
101263,Luke Jensen,9999.0,0.0,33.6,190.0,1483.5208954467555,A,1,0.0,0.0,0.0,1483.5208954467555,0.0,1500.0,0.0,1500.0,0.0,1500.0,0.0,1500.0
102835,Luke Milligan,522.0,36.0,24.8,180.0,1483.4442094407898,R,2,0.0,0.0,0.0,1483.2573180379625,0.0,1500.0,0.0,1483.263693206478,0.0,1500.0,0.0,1500.0
106291,Luke Saville,313.0,176.0,29.7,188.0,1465.3181894598292,R,10,0.2,0.2,0.0,1452.59170618079,0.0,1500.0,0.3333333333333333,1483.6022669058516,0.0,1500.0,0.0,1500.0
102875,Luke Smith,485.0,44.0,24.1,188.0,1490.3105358545529,R,1,0.0,0.0,0.0,1490.258216435228,0.0,1500.0,0.0,1500.0,0.0,1500.0,0.0,1500.0
120792,M Abid Ali Khan Akbar,1753.0,1.0,27.5,0.0,1502.541992954023,U,4,0.5,0.5,0.5,1495.2628689614194,0.0,1486.870897133581,1.0,1516.0,0.0,1500.0,0.0,1500.0
111456,Mackenzie Mcdonald,149.0,387.0,29.4,178.0,1595.7794979807086,R,226,0.45132743362831856,0.4,0.4695121951219512,1616.9023539669067,0.27586206896551724,1415.274514348255,0.5151515151515151,1533.9143325584166,0.0,1500.0,0.0,1500.0
103491,Mads Gottlieb,1225.0,2.0,21.2,0.0,1483.3076978095387,U,1,0.0,0.0,0.0,1500.0,0.0,1500.0,0.0,1500.0,0.0,1483.230995661947,0.0,1500.0
125783,Magloire Yakpa,9999.0,0.0,21.2,0.0,1482.8185841835113,U,1,0.0,0.0,0.0,1482.8514759547102,0.0,1500.0,0.0,1500.0,0.0,1500.0,0.0,1500.0
101320,Magnus Gustafsson,71.0,555.0,34.8,185.0,1574.8269486870238,R,66,0.5303030303030303,0.6,0.47058823529411764,1509.9346456880062,0.5806451612903226,1568.3124274043691,0.5,1508.7434478099583,0.5,1506.9200772882455,0.0,1500.0
101723,Magnus Larsson,184.0,194.0,32.9,193.0,1549.5380195183905,R,57,0.543859649122807,0.4,0.6,1570.1951647173732,0.4,1487.3909321988003,0.5,1499.1472721460636,0.0,1500.0,0.0,1500.0
102796,Magnus Norman,75.0,483.0,27.3,188.0,1499.8278455395944,R,192,0.5729166666666666,0.4,0.6106194690265486,1541.1231963062892,0.5333333333333333,1466.2796522472572,0.0,1484.7715575438258,0.3333333333333333,1484.8844297569626,0.0,1500.0
108782,Mahammad Abid,9999.0,0.0,28.6,0.0,1415.2630573451027,U,6,0.0,0.0,0.0,1452.491316843132,0.0,1468.70102901236,0.0,1500.0,0.0,1500.0,0.0,1484.0
102405,Mahesh Bhupathi,9999.0,0.0,33.8,185.0,1421.8635080672022,R,5,0.0,0.0,0.0,1451.055993037616,0.0,1500.0,0.0,1467.253174443948,0.0,1500.0,0.0,1500.0
108697,Mahmoud Ezz,1384.0,5.0,21.6,0.0,1470.2883870827193,R,2,0.0,0.0,0.0,1484.0,0.0,1500.0,0.0,1500.0,0.0,1484.6743521582882,0.0,1500.0
108996,Mahmoud Nader Al Baloushi,9999.0,0.0,27.7,0.0,1482.8484599420105,U,1,0.0,0.0,0.0,1483.532350232056,0.0,1500.0,0.0,1500.0,0.0,1500.0,0.0,1500.0
104063,Mait Kunnap,1015.0,7.0,24.8,0.0,1439.9002260883976,R,11,0.2727272727272727,0.3,0.3333333333333333,1490.1920298976706,0.0,1452.822780910033,0.0,1500.0,0.4,1484.1559494949463,0.0,1500.0
209874,Maks Kasnikowski,173.0,345.0,21.1,180.0,1497.463568112249,R,4,0.5,0.5,0.5,1493.6131072904648,0.0,1500.0,0.0,1500.0,0.0,1500.0,0.0,1500.0
104291,Malek Jaziri,444.0,95.0,39.1,185.0,1495.1747359827853,R,234,0.41452991452991456,0.3,0.423841059602649,1521.1862235479578,0.43636363636363634,1530.86763595216,0.3076923076923077,1408.0981920723898,0.5,1500.668683358569,0.0,1500.0
211768,Manas Dhamne,9999.0,0.0,15.0,188.0,1483.0483403763055,R,1,0.0,0.0,0.0,1483.2120702660977,0.0,1500.0,0.0,1500.0,0.0,1500.0,0.0,1500.0
108905,Mansur Yakhyaev,9999.0,0.0,26.5,0.0,1483.7711225037306,U,1,0.0,0.0,0.0,1500.0,0.0,1485.402373648406,0.0,1500.0,0.0,1500.0,0.0,1500.0
134302,Mantas Bugailiskis,9999.0,0.0,17.7,0.0,1515.4142811229813,R,1,1.0,1.0,1.0,1515.4286967657563,0.0,1500.0,0.0,1500.0,0.0,1500.0,0.0,1500.0
136704,Manuel Castellanos,9999.0,0.0,19.5,0.0,1485.1570610490762,R,1,0.0,0.0,0.0,1500.0,0.0,1486.163229554966,0.0,1500.0,0.0,1500.0,0.0,1500.0
131905,Manuel Guinard,264.0,204.0,28.9,198.0,1498.2580071612945,R,9,0.3333333333333333,0.3333333333333333,0.25,1482.7713722827368,0.4,1500.4377731911711,0.0,1500.0,0.0,1500.0,0.0,1500.0
105688,Manuel Sanchez,821.0,17.0,29.1,183.0,1506.5118241263506,R,12,0.5,0.6,0.75,1532.6259146277769,0.375,1468.7138248136491,0.0,1500.0,0.0,1500.0,0.0,1500.0
101825,Manuel Tejada,9999.0,0.0,29.3,0.0,1440.238094965917,R,4,0.0,0.0,0.0,1500.0,0.0,1441.6253457923149,0.0,1500.0,0.0,1500.0,0.0,1500.0
105001,Mao Xin Gong,718.0,27.0,26.1,178.0,1473.2896845119394,R,8,0.25,0.25,0.25,1467.8788561073384,0.0,1500.0,0.0,1500.0,0.0,1500.0,0.0,1500.0
122321,Marat Deviatiarov,649.0,41.0,21.4,0.0,1512.9353550213345,R,1,1.0,1.0,1.0,1515.8477650510551,0.0,1500.0,0.0,1500.0,0.0,1500.0,0.0,1500.0
103498,Marat Safin,65.0,695.0,29.7,193.0,1694.400747401428,R,565,0.6283185840707964,0.5,0.6146179401993356,1651.6425968733288,0.6172839506172839,1600.0313453496165,0.6,1647.3886539092068,0.7419354838709677,1684.296993677932,0.0,1500.0
105201,Marc Abdulnour,983.0,9.0,24.6,0.0,1490.1150854697971,R,7,0.42857142857142855,0.42857142857142855,0.4,1488.2414241076556,0.5,1501.973671610133,0.0,1500.0,0.0,1500.0,0.0,1500.0
144817,Marc Andrea Huesler,152.0,383.0,28.3,196.0,1477.4695231640048,L,81,0.38271604938271603,0.3,0.4375,1516.7422496059626,0.32,1450.2624553234266,0.25,1458.7198475600126,0.0,1500.0,0.0,1500.0
103924,Marc Fornell Mestres,284.0,132.0,25.1,0.0,1481.6847887179363,R,1,0.0,0.0,0.0,1500.0,0.0,1481.5678619493126,0.0,1500.0,0.0,1500.0,0.0,1500.0
102967,Marc Gicquel,127.0,440.0,36.8,188.0,1503.080461055155,R,197,0.4517766497461929,0.2,0.422680412371134,1564.608115098546,0.4482758620689655,1495.6711283898298,0.4166666666666667,1456.051031998301,0.6666666666666666,1579.8218380411224,0.0,1500.0
101806,Marc Kevin Goellner,453.0,53.0,32.8,196.0,1449.1212676685286,R,25,0.36,0.3,0.5,1505.5468721161212,0.35294117647058826,1444.4954903051296,0.0,1468.0,0.0,1500.0,0.0,1500.0
104115,Marc Kimmich,313.0,103.0,22.9,183.0,1478.8652142098022,R,3,0.0,0.0,0.0,1471.7792216069843,0.0,1500.0,0.0,1500.0,0.0,1500.0,0.0,1500.0
104043,Marc Lopez,9999.0,0.0,34.1,175.0,1510.791330596572,R,52,0.4230769230769231,0.2,0.5,1516.7694359800557,0.4222222222222222,1498.1489128860562,0.3333333333333333,1492.2242921455477,0.0,1500.0,0.0,1500.0
117360,Marc Polmans,217.0,278.0,27.2,188.0,1456.7273905598568,R,23,0.2608695652173913,0.3,0.2,1425.5479480582137,0.4,1504.7383455449092,0.3333333333333333,1484.7513504644762,0.0,1500.0,0.0,1500.0
101820,Marc Rosset,140.0,308.0,33.9,201.0,1504.9497873130933,R,133,0.45112781954887216,0.2,0.48148148148148145,1491.4818141725243,0.3611111111111111,1462.040151874323,0.47058823529411764,1490.7027267619628,0.5,1481.8411033613897,0.0,1500.0
104395,Marcel Felder,522.0,56.0,28.7,174.0,1577.3987489875924,R,35,0.6,0.6,0.6666666666666666,1534.6595555985464,0.5555555555555556,1559.2979425678948,0.0,1500.0,1.0,1532.7023986633528,0.0,1500.0
104719,Marcel Granollers,100.0,551.0,33.4,191.0,1568.4874062315387,R,429,0.4405594405594406,0.5,0.42105263157894735,1474.2737630215536,0.4630541871921182,1535.4920109500215,0.4166666666666667,1540.6691121243664,0.0,1500.0,0.0,1500.0
102472,Marcello Craca,325.0,89.0,27.9,180.0,1486.0930504920307,R,1,0.0,0.0,0.0,1500.0,0.0,1485.2024729510952,0.0,1500.0,0.0,1500.0,0.0,1500.0
103637,Marcelo Amador,516.0,41.0,21.7,0.0,1472.5432675351822,U,3,0.0,0.0,0.0,1500.0,0.0,1492.2264187688577,0.0,1500.0,0.0,1468.197669732639,0.0,1500.0
105656,Marcelo Arevalo,9999.0,0.0,33.8,193.0,1677.1134803632538,R,48,0.6666666666666666,0.8,0.8,1684.9875505714851,0.375,1473.8786176062592,0.0,1500.0,0.0,1500.0,1.0,1532.0
103593,Marcelo Barboza,582.0,27.0,21.0,0.0,1531.1704370990028,R,2,1.0,1.0,0.0,1500.0,1.0,1531.263693206478,0.0,1500.0,0.0,1500.0,0.0,1500.0
102243,Marcelo Charpentier,194.0,182.0,29.6,180.0,1430.0909794071295,L,8,0.125,0.125,0.0,1500.0,0.14285714285714285,1435.5882020139072,0.0,1500.0,0.0,1491.1491855936922,0.0,1500.0
105269,Marcelo Demoliner,9999.0,0.0,34.6,191.0,1485.8948255484045,R,3,0.3333333333333333,0.3333333333333333,0.3333333333333333,1484.8416335906545,0.0,1500.0,0.0,1500.0,0.0,1500.0,0.0,1500.0
101382,Marcelo Filippini,420.0,56.0,32.9,178.0,1471.2828012149837,R,2,0.0,0.0,0.0,1500.0,0.0,1471.8489039556916,0.0,1500.0,0.0,1500.0,0.0,1500.0
104249,Marcelo Melo,9999.0,0.0,26.6,203.0,1515.1107198995437,R,1,1.0,1.0,0.0,1500.0,1.0,1515.6784317874105,0.0,1500.0,0.0,1500.0,0.0,1500.0
102701,Marcelo Rios,44.0,860.0,27.5,175.0,1695.8994937993316,L,166,0.6265060240963856,0.5,0.69,1741.8888845536394,0.559322033898305,1612.9100600782397,0.0,1500.0,0.2857142857142857,1458.8623485226021,0.0,1500.0
105152,Marcin Gawron,362.0,119.0,22.7,0.0,1487.472992750335,U,1,0.0,0.0,0.0,1485.983826029699,0.0,1500.0,0.0,1500.0,0.0,1500.0,0.0,1500.0
103690,Marcin Matkowski,9999.0,0.0,31.6,188.0,1501.2543015082624,R,8,0.5,0.5,0.0,1484.736306793522,0.5,1505.9438456289695,0.0,1500.0,1.0,1516.0,0.0,1500.0
108737,Marco Antonio Rojas,1739.0,1.0,19.7,0.0,1485.1380754137283,U,1,0.0,0.0,0.0,1500.0,0.0,1484.0,0.0,1500.0,0.0,1500.0,0.0,1500.0
108774,Marco Aurelio Nunez,9999.0,0.0,18.4,0.0,1485.4061787690368,L,1,0.0,0.0,0.0,1500.0,0.0,1485.4921205831872,0.0,1500.0,0.0,1500.0,0.0,1500.0
106065,Marco Cecchinato,109.0,549.0,30.9,185.0,1533.6692067575352,R,201,0.373134328358209,0.1,0.17307692307692307,1356.1721999403894,0.463768115942029,1564.412801346963,0.18181818181818182,1418.4202434451363,0.0,1500.0,0.0,1500.0
103843,Marco Chiudinelli,366.0,117.0,36.1,185.0,1478.0808466264514,R,147,0.3469387755102041,0.3,0.35,1476.7135280708171,0.25925925925925924,1433.6398054531749,0.4,1473.2533017915925,0.6,1518.8035356796663,0.0,1500.0
104192,Marco Crugnola,237.0,200.0,27.6,188.0,1484.0355544398665,R,3,0.0,0.0,0.0,1484.4547039768838,0.0,1494.0887091956658,0.0,1500.0,0.0,1500.0,0.0,1500.0
104021,Marco Mirnegg,306.0,114.0,22.8,180.0,1472.775477390738,R,2,0.0,0.0,0.0,1500.0,0.0,1485.7404639846452,0.0,1485.4217081988243,0.0,1500.0,0.0,1500.0
102036,Marco Osorio,538.0,36.0,28.0,0.0,1531.9661669788793,R,4,0.75,0.75,0.75,1531.9661669788793,0.0,1500.0,0.0,1500.0,0.0,1500.0,0.0,1500.0
105477,Marco Trungelliti,138.0,423.0,34.6,178.0,1512.1001438651297,R,38,0.39473684210526316,0.3,0.2222222222222222,1460.0608083424438,0.4642857142857143,1537.2631192544723,0.0,1483.2412104912212,0.0,1500.0,0.0,1500.0
104571,Marcos Baghdatis,135.0,420.0,34.0,183.0,1636.2621677698628,R,587,0.5741056218057922,0.4,0.5880893300248139,1650.2702324932093,0.44047619047619047,1464.440893600659,0.5882352941176471,1583.0165630548997,0.8666666666666667,1660.3013422630042,0.0,1500.0
103228,Marcos Daniel,147.0,407.0,32.8,180.0,1417.0419288917774,R,82,0.25609756097560976,0.2,0.047619047619047616,1337.624452376197,0.35185185185185186,1487.8123174705918,0.14285714285714285,1443.456179190844,0.0,1500.0,0.0,1500.0
106218,Marcos Giron,49.0,1105.0,31.2,180.0,1705.1886507517636,R,221,0.46153846153846156,0.6,0.47333333333333333,1658.5972611980728,0.375,1491.1716571330162,0.5161290322580645,1591.0395579160415,0.0,1500.0,0.0,1500.0
212866,Marcos Lee Chan Baratau,1320.0,5.0,18.8,0.0,1483.7898904840467,U,1,0.0,0.0,0.0,1484.0880227437215,0.0,1500.0,0.0,1500.0,0.0,1500.0,0.0,1500.0
102154,Marcos Ondruska,182.0,207.0,28.5,183.0,1412.7251390449,R,10,0.1,0.1,0.0,1405.4809891386285,0.5,1511.6470368622854,0.0,1484.0,0.0,1500.0,0.0,1500.0
105428,Marcus Daniell,643.0,41.0,25.6,188.0,1499.7023760322174,R,2,0.5,0.5,0.5,1501.659827269271,0.0,1500.0,0.0,1500.0,0.0,1500.0,0.0,1500.0
103239,Marcus Sarstrand,397.0,66.0,24.9,183.0,1480.0763721122307,R,2,0.0,0.0,0.0,1485.1361480072258,0.0,1494.075217112755,0.0,1500.0,0.0,1500.0,0.0,1500.0
105650,Marcus Willis,772.0,26.0,25.7,191.0,1517.9218069887022,L,2,0.5,0.5,0.0,1500.0,0.0,1500.0,0.5,1509.1636573363864,0.0,1500.0,0.0,1500.0
103888,Mardy Fish,581.0,55.0,33.7,188.0,1800.8674487011592,R,502,0.5796812749003984,0.4,0.5972222222222222,1752.8133502547726,0.4444444444444444,1590.5229659558129,0.6470588235294118,1720.5263505884245,0.36363636363636365,1477.4827099148424,0.0,1500.0
122261,Marek Marksoo,9999.0,0.0,19.7,0.0,1483.270732569878,U,1,0.0,0.0,0.0,1483.3557481676182,0.0,1500.0,0.0,1500.0,0.0,1500.0,0.0,1500.0
103988,Mariano Albert Ferrando,340.0,90.0,20.0,0.0,1485.374605424668,R,1,0.0,0.0,0.0,1500.0,0.0,1485.7595101171419,0.0,1500.0,0.0,1500.0,0.0,1500.0
103052,Mariano Delfino,185.0,188.0,25.6,183.0,1484.0188170528033,R,1,0.0,0.0,0.0,1500.0,0.0,1483.422067876449,0.0,1500.0,0.0,1500.0,0.0,1500.0
102251,Mariano Hood,485.0,43.0,27.9,178.0,1483.694309664714,L,5,0.4,0.4,0.0,1500.0,0.4,1486.722432520768,0.0,1500.0,0.0,1500.0,0.0,1500.0
208363,Mariano Navone,45.0,1198.0,23.6,178.0,1553.658424336181,R,42,0.42857142857142855,0.3,0.23076923076923078,1463.1021029973815,0.5769230769230769,1628.4662752257375,0.0,1462.1907459169636,0.0,1500.0,0.0,1500.0
103264,Mariano Puerta,10.0,1799.0,27.1,180.0,1618.8955743001259,L,158,0.5569620253164557,0.2,0.3181818181818182,1475.0413147510014,0.6209677419354839,1698.9933355815106,0.0,1466.6866938800697,0.4,1469.8094643162613,0.0,1500.0
103227,Mariano Sanchez,978.0,5.0,22.0,0.0,1532.8030684120715,R,2,1.0,1.0,1.0,1532.7819120786082,0.0,1500.0,0.0,1500.0,0.0,1500.0,0.0,1500.0
103151,Mariano Zabaleta,118.0,366.0,29.9,183.0,1544.5447663766915,R,299,0.4916387959866221,0.3,0.4,1469.9896700362995,0.5621621621621622,1598.3661576181169,0.0,1445.1298661358192,0.2,1461.3705226736472,0.0,1500.0
105227,Marin Cilic,196.0,298.0,36.1,198.0,1694.7714687387556,R,908,0.6299559471365639,0.5,0.6298245614035087,1652.1602775960255,0.6018099547511312,1712.362712663151,0.7037037037037037,1796.0745938265566,0.4444444444444444,1510.64032054026,0.0,1500.0
105775,Marin Draganja,9999.0,0.0,25.3,185.0,1495.4476268307199,R,1,0.0,0.0,0.0,1490.584769384164,0.0,1500.0,0.0,1500.0,0.0,1500.0,0.0,1500.0
104594,Marinko Matosevic,169.0,297.0,29.9,194.0,1539.9441539565842,R,151,0.3973509933774834,0.0,0.42592592592592593,1565.9702044710216,0.28,1470.9482950842123,0.3888888888888889,1493.0933029093892,0.0,1500.0,0.0,1500.0
108908,Mario Alberto Cayo,9999.0,0.0,19.1,0.0,1482.1933850203181,U,1,0.0,0.0,0.0,1483.7869862222897,0.0,1500.0,0.0,1500.0,0.0,1500.0,0.0,1500.0
104339,Mario Ancic,422.0,79.0,26.0,196.0,1801.6525115818254,R,334,0.6137724550898204,0.5,0.5904255319148937,1785.574714623399,0.5666666666666667,1686.3850270578932,0.7254901960784313,1740.4051425984103,0.6571428571428571,1617.2676766967945,0.0,1500.0
103998,Mario Monroy,1121.0,4.0,20.7,0.0,1500.3048527405197,U,4,0.5,0.5,0.5,1498.5378879917948,0.5,1502.4001603862735,0.0,1500.0,0.0,1500.0,0.0,1500.0
103912,Mario Radic,315.0,95.0,21.5,188.0,1483.0121502185607,R,6,0.3333333333333333,0.3333333333333333,0.0,1500.0,0.3333333333333333,1474.6588451897244,0.0,1500.0,0.0,1500.0,0.0,1500.0
106408,Mario Vilella Martinez,167.0,446.0,26.0,178.0,1542.6131756575705,R,9,0.4444444444444444,0.4444444444444444,0.5,1519.5417077436332,0.4,1511.9747519945988,0.0,1500.0,0.0,1500.0,0.0,1500.0
105657,Marius Copil,283.0,198.0,33.2,191.0,1565.189356041618,R,156,0.41025641025641024,0.3,0.4752475247524752,1610.2528597630228,0.25,1398.6693860901948,0.4,1459.8477852323472,0.0,1500.0,0.0,1500.0
108935,Marius Tangen,9999.0,0.0,18.7,0.0,1483.3194526859181,U,1,0.0,0.0,0.0,1500.0,0.0,1500.0,0.0,1500.0,0.0,1483.264966429169,0.0,1500.0
103586,Mariusz Fyrstenberg,9999.0,0.0,32.5,193.0,1456.3316752660332,L,14,0.35714285714285715,0.3,0.3333333333333333,1483.970725205551,0.3333333333333333,1467.011491226806,0.0,1500.0,0.5,1497.2818008178874,0.0,1500.0
207400,Mark Chigaazira,1322.0,3.0,19.9,0.0,1484.0,R,1,0.0,0.0,0.0,1484.0,0.0,1500.0,0.0,1500.0,0.0,1500.0,0.0,1500.0
103754,Mark Hilton,212.0,197.0,24.1,170.0,1474.0968514535177,L,5,0.2,0.2,0.0,1500.0,0.0,1500.0,0.2,1455.6649117574768,0.0,1500.0,0.0,1500.0
101956,Mark Knowles,9999.0,0.0,31.0,190.0,1476.3773538470818,R,9,0.3333333333333333,0.3333333333333333,0.3333333333333333,1475.931209267582,0.0,1500.0,0.0,1500.0,0.0,1500.0,0.0,1500.0
210136,Mark Lajal,224.0,260.0,21.3,191.0,1493.045369610571,R,6,0.3333333333333333,0.3333333333333333,0.5,1497.9801901653702,0.0,1484.1942985206545,0.0,1492.9943769214,0.0,1500.0,0.0,1500.0
102076,Mark Merklein,9999.0,0.0,31.5,188.0,1498.1355313764761,R,13,0.46153846153846156,0.4,0.5454545454545454,1522.0947546691812,0.0,1470.9658058359196,0.0,1500.0,0.0,1500.0,0.0,1500.0
103066,Mark Nielsen,9999.0,0.0,30.4,185.0,1521.95292966936,R,32,0.46875,0.6,0.47619047619047616,1503.511628612323,1.0,1529.9362081916015,0.0,1487.7982100621173,0.375,1475.28239319051,0.0,1500.0
102882,Mark Philippoussis,117.0,381.0,29.8,196.0,1661.4335860252845,R,236,0.576271186440678,0.6,0.5694444444444444,1501.064767491408,0.4375,1554.1949781401024,0.7021276595744681,1688.2830551166492,0.5384615384615384,1525.1784890509225,0.0,1500.0
101185,Mark Woodforde,126.0,314.0,34.4,188.0,1460.7739503603261,L,9,0.3333333333333333,0.3333333333333333,0.3333333333333333,1460.886687203763,0.0,1500.0,0.0,1500.0,0.0,1500.0,0.0,1500.0
105831,Marko Djokovic,878.0,12.0,20.6,0.0,1445.6868356082825,R,4,0.0,0.0,0.0,1477.8661410645432,0.0,1468.7079729253699,0.0,1500.0,0.0,1500.0,0.0,1500.0
106311,Marko Tepavac,201.0,270.0,22.8,0.0,1491.5179366633306,R,1,0.0,0.0,0.0,1490.7454460018887,0.0,1500.0,0.0,1500.0,0.0,1500.0,0.0,1500.0
102959,Marko Tkalec,330.0,108.0,31.3,178.0,1592.8931129752802,R,29,0.6551724137931034,0.7,0.5,1517.3867673130817,0.8125,1620.4738475923891,1.0,1516.0,0.0,1469.2466585709942,0.0,1500.0
209916,Marko Topo,320.0,165.0,20.5,185.0,1443.4236211448294,R,5,0.0,0.0,0.0,1500.0,0.0,1435.7999288128785,0.0,1500.0,0.0,1500.0,0.0,1500.0
109737,Markos Kalovelonis,690.0,34.0,19.8,191.0,1513.8506603990813,R,2,0.5,0.5,0.0,1500.0,0.0,1492.3168395462724,0.0,1500.0,1.0,1516.0,0.0,1500.0
105436,Markus Eriksson,280.0,155.0,29.7,188.0,1495.92930248043,R,13,0.38461538461538464,0.4,0.5,1515.8841827584336,0.2,1467.1803931161728,0.0,1500.0,0.0,1500.0,0.0,1500.0
103082,Markus Hantschk,177.0,201.0,26.1,188.0,1397.4493803058467,R,60,0.4,0.2,0.34615384615384615,1421.3999927548311,0.4666666666666667,1466.6334135078478,0.25,1468.0662547399324,0.0,1500.0,0.0,1500.0
103182,Markus Hipfl,9999.0,0.0,27.2,178.0,1455.1719108678922,R,89,0.43820224719101125,0.3,0.35,1459.7426181134726,0.47692307692307695,1468.8920934225928,0.25,1471.2028576063126,0.0,1500.0,0.0,1500.0
123814,Markus Kerner,1343.0,3.0,18.3,0.0,1483.9296850224548,R,1,0.0,0.0,0.0,1500.0,0.0,1484.0,0.0,1500.0,0.0,1500.0,0.0,1500.0
104947,Marsel Ilhan,571.0,51.0,33.5,191.0,1488.1702524942841,R,89,0.33707865168539325,0.3,0.38461538461538464,1535.3040191296768,0.25,1426.765540191591,0.2727272727272727,1445.2205484273288,0.5,1500.7928504291242,0.0,1500.0
103630,Martijn Van Haasteren,9999.0,0.0,30.8,0.0,1482.8420827275547,R,7,0.42857142857142855,0.42857142857142855,0.75,1533.2172656767655,0.0,1456.3807399123743,0.0,1500.0,0.0,1500.0,0.0,1500.0
104651,Martin Alund,131.0,430.0,28.1,183.0,1557.1953742523935,R,17,0.4117647058823529,0.3,0.0,1500.0,0.4375,1549.8803104363756,0.0,1492.225306428484,0.0,1500.0,0.0,1500.0
209225,Martin Antonio Vergara Del Puerto,9999.0,0.0,19.7,0.0,1480.1059273473945,U,3,0.3333333333333333,0.3333333333333333,0.0,1500.0,0.3333333333333333,1479.7852264978726,0.0,1500.0,0.0,1500.0,0.0,1500.0
105899,Martin Cuevas,404.0,105.0,30.6,191.0,1396.5240459972506,R,24,0.20833333333333334,0.3,0.16666666666666666,1450.1815424713598,0.2222222222222222,1413.6985861170303,0.0,1500.0,0.0,1500.0,0.0,1500.0
102093,Martin Damm,204.0,296.0,20.4,203.0,1513.0294543369841,L,2,0.5,0.5,0.5,1508.8418921941498,0.0,1500.0,0.0,1500.0,0.0,1500.0,0.0,1500.0
210013,Martin Damm Sr,9999.0,0.0,29.5,188.0,1422.4132948456559,R,41,0.3902439024390244,0.2,0.3333333333333333,1431.6520658007412,0.375,1477.1644614678676,0.5,1495.8469033256147,0.0,1500.0,0.0,1500.0
104465,Martin Emmrich,994.0,7.0,25.4,183.0,1492.7202672075052,L,1,0.0,0.0,0.0,1500.0,0.0,1500.0,0.0,1489.6210179284012,0.0,1500.0,0.0,1500.0
104770,Martin Fischer,335.0,133.0,28.7,180.0,1416.3579301493776,R,25,0.2,0.3,0.3333333333333333,1481.7459244394354,0.08333333333333333,1401.957729811029,0.25,1475.8860221537493,0.0,1500.0,0.0,1500.0
102984,Martin Garcia,9999.0,0.0,25.1,190.0,1458.2606747770387,R,3,0.0,0.0,0.0,1500.0,0.0,1468.736306793522,0.0,1486.5713784119291,0.0,1500.0,0.0,1500.0
105373,Martin Klizan,150.0,419.0,31.3,191.0,1559.6839550444631,L,282,0.5,0.1,0.4647887323943662,1575.43988453881,0.568,1617.1011556448786,0.26666666666666666,1442.0850045476989,0.0,1500.0,0.0,1500.0
211776,Martin Landaluce,9999.0,0.0,16.7,191.0,1494.915358316268,R,1,0.0,0.0,0.0,1494.296660864462,0.0,1500.0,0.0,1500.0,0.0,1500.0,0.0,1500.0
212021,Martin Landaluce,322.0,160.0,18.2,191.0,1465.0059064196803,R,6,0.16666666666666666,0.16666666666666666,0.5,1505.5488428663225,0.0,1446.051322185855,0.0,1500.0,0.0,1500.0,0.0,1500.0
103114,Martin Lee,252.0,149.0,28.4,180.0,1410.7459108225953,L,51,0.3333333333333333,0.3,0.1875,1412.2573196681642,0.25,1454.2568957487852,0.44,1479.688751617371,0.5,1499.263693206478,0.0,1500.0
104952,Martin Pedersen,749.0,27.0,27.7,0.0,1486.128596879599,R,25,0.48,0.4,0.4166666666666667,1477.6285628475898,0.6,1526.199222176088,0.0,1500.0,0.3333333333333333,1484.0843578867411,0.0,1500.0
104888,Martin Rmus,9999.0,0.0,19.3,0.0,1483.3296897362338,R,1,0.0,0.0,0.0,1500.0,0.0,1500.0,0.0,1484.0,0.0,1500.0,0.0,1500.0
101675,Martin Rodriguez,149.0,264.0,31.3,178.0,1432.70676023433,R,15,0.3333333333333333,0.4,0.25,1468.463308994049,0.36363636363636365,1456.2186856003614,0.0,1500.0,0.0,1500.0,0.0,1500.0
108688,Martin Sayer,9999.0,0.0,23.6,0.0,1515.7052786940358,R,8,0.625,0.625,0.5,1488.0460152406363,1.0,1531.300703384349,0.0,1500.0,0.0,1500.0,0.0,1500.0
103763,Martin Slanar,232.0,171.0,27.4,0.0,1493.8385063997318,R,3,0.3333333333333333,0.3333333333333333,0.3333333333333333,1491.598990267307,0.0,1500.0,0.0,1500.0,0.0,1500.0,0.0,1500.0
102689,Martin Spottl,193.0,184.0,24.2,180.0,1470.1963165863601,R,2,0.0,0.0,0.0,1484.0,0.0,1484.7670957122705,0.0,1500.0,0.0,1500.0,0.0,1500.0
108664,Martin Stiegwardt,9999.0,0.0,18.3,0.0,1516.0,U,1,1.0,1.0,0.0,1500.0,1.0,1516.0,0.0,1500.0,0.0,1500.0,0.0,1500.0
104993,Martin Vaisse,309.0,146.0,26.7,0.0,1490.777572190053,U,1,0.0,0.0,0.0,1500.0,0.0,1481.246675094097,0.0,1500.0,0.0,1500.0,0.0,1500.0
103506,Martin Vassallo Arguello,102.0,515.0,29.9,183.0,1441.9328422696194,R,121,0.36363636363636365,0.1,0.14814814814814814,1366.929483264863,0.4367816091954023,1518.8132698900083,0.2857142857142857,1462.5075771783177,0.0,1500.0,0.0,1500.0
103280,Martin Verkerk,316.0,112.0,29.6,196.0,1504.2032437725086,R,121,0.45454545454545453,0.0,0.375,1472.604132157331,0.5084745762711864,1557.872987936063,0.25,1447.314176371704,0.5714285714285714,1557.7842854337205,0.0,1500.0
104421,Martin Vilarrubi,533.0,49.0,22.4,0.0,1529.4625481166074,R,10,0.6,0.6,1.0,1531.263693206478,0.5,1507.529619290812,0.0,1500.0,0.0,1500.0,0.0,1500.0
106342,Martins Podzus,860.0,18.0,22.5,188.0,1459.530087649563,R,12,0.3333333333333333,0.4,0.2857142857142857,1460.486807025297,0.4,1489.2144812936026,0.0,1500.0,0.0,1500.0,0.0,1500.0
207587,Martins Rocens,1763.0,1.0,23.8,185.0,1479.612438967062,R,2,0.0,0.0,0.0,1477.5473935441794,0.0,1500.0,0.0,1500.0,0.0,1500.0,0.0,1500.0
105916,Marton Fucsovics,91.0,629.0,32.7,188.0,1658.5943158435407,R,313,0.5015974440894568,0.2,0.48936170212765956,1586.6251755581961,0.5274725274725275,1634.0229852017635,0.5,1587.161248566892,0.5,1504.590972888783,0.0,1500.0
210105,Martyn Pawelski,661.0,46.0,19.8,196.0,1516.0,R,1,1.0,1.0,1.0,1516.0,0.0,1500.0,0.0,1500.0,0.0,1500.0,0.0,1500.0
202359,Marvin Moeller,9999.0,0.0,17.4,178.0,1487.1885596517566,R,1,0.0,0.0,0.0,1500.0,0.0,1485.2829108574904,0.0,1500.0,0.0,1500.0,0.0,1500.0
104270,Marvin Rolle,1638.0,2.0,25.6,0.0,1409.9348472346978,R,6,0.0,0.0,0.0,1442.26920571935,0.0,1464.7750052428567,0.0,1500.0,0.0,1500.0,0.0,1500.0
108608,Marwan Zewar,9999.0,0.0,20.4,0.0,1483.263693206478,U,1,0.0,0.0,0.0,1500.0,0.0,1500.0,0.0,1500.0,0.0,1484.0,0.0,1500.0
101997,Marzio Martelli,345.0,83.0,29.5,180.0,1489.878106455423,R,5,0.4,0.4,0.5,1503.8258437847267,0.3333333333333333,1486.376669262214,0.0,1500.0,0.0,1500.0,0.0,1500.0
102497,Mashiska Washington,864.0,11.0,30.5,180.0,1460.1710762962027,R,5,0.2,0.2,0.2,1460.1049305990782,0.0,1500.0,0.0,1500.0,0.0,1500.0,0.0,1500.0
103435,Massimo Dellacqua,472.0,57.0,28.7,193.0,1477.2850354604088,R,6,0.16666666666666666,0.16666666666666666,0.0,1474.2174230795144,0.0,1482.31635846222,0.5,1500.4760458270084,0.0,1500.0,0.0,1500.0
212719,Matavao Fanguna,9999.0,0.0,27.2,0.0,1484.0,U,1,0.0,0.0,0.0,1484.0,0.0,1500.0,0.0,1500.0,0.0,1500.0,0.0,1500.0
106243,Mate Delic,499.0,72.0,21.9,196.0,1461.2263946598773,R,15,0.2,0.1,0.0,1479.245573650888,0.2727272727272727,1462.1801541666994,0.0,1500.0,0.0,1500.0,0.0,1500.0
106207,Mate Pavic,404.0,106.0,21.9,191.0,1461.3287694117819,L,12,0.25,0.2,0.0,1486.7519350333353,0.16666666666666666,1465.7612495812177,0.4,1484.9231531012017,0.0,1500.0,0.0,1500.0
200218,Mate Valkusz,402.0,117.0,26.0,183.0,1459.722884015631,R,9,0.2222222222222222,0.2222222222222222,0.25,1471.4306281449847,0.2,1468.1077133512697,0.0,1500.0,0.0,1500.0,0.0,1500.0
212063,Matej Dodig,291.0,182.0,19.1,188.0,1521.4635629491113,R,3,0.6666666666666666,0.6666666666666666,1.0,1514.8608448959226,0.5,1507.3494178154292,0.0,1500.0,0.0,1500.0,0.0,1500.0
127123,Mateus Alves,556.0,60.0,22.0,193.0,1498.6244326614383,R,1,0.0,0.0,0.0,1500.0,0.0,1497.1670702608458,0.0,1500.0,0.0,1500.0,0.0,1500.0
207799,Matheus Pucinelli De Almeida,212.0,263.0,21.8,183.0,1534.9595984702892,R,4,0.75,0.75,0.0,1500.0,0.6666666666666666,1516.697923527538,0.0,1500.0,0.0,1500.0,1.0,1516.0
106288,Mathias Bourgue,271.0,212.0,29.7,188.0,1482.2358817471343,R,6,0.16666666666666666,0.16666666666666666,0.0,1480.6463003745207,0.25,1492.2863181733896,0.0,1500.0,0.0,1500.0,0.0,1500.0
103149,Mathias Hellstrom,534.0,37.0,26.3,0.0,1487.3633740121466,R,1,0.0,0.0,0.0,1500.0,0.0,1484.4558146323154,0.0,1500.0,0.0,1500.0,0.0,1500.0
104515,Mathieu Montcourt,123.0,636.0,24.2,183.0,1498.3199129742734,R,14,0.2857142857142857,0.2,0.0,1468.1822536305963,0.4,1505.8533185297147,0.0,1500.0,0.0,1500.0,0.0,1500.0
104633,Mathieu Rodrigues,275.0,173.0,25.8,180.0,1518.422832761089,R,2,0.5,0.5,0.5,1517.3012874932745,0.0,1500.0,0.0,1500.0,0.0,1500.0,0.0,1500.0
103663,Matias Boeker,246.0,163.0,24.3,0.0,1483.9879195247593,R,5,0.2,0.2,0.25,1486.3185896054165,0.0,1489.7077680441043,0.0,1500.0,0.0,1500.0,0.0,1500.0
104342,Matias Silva,653.0,28.0,23.8,0.0,1503.1708285345562,R,8,0.5,0.5,0.5,1500.736306793522,0.5,1506.0108851689326,0.0,1500.0,0.0,1500.0,0.0,1500.0
210753,Matic Kriznik,1274.0,5.0,18.4,0.0,1460.7620312343984,L,3,0.0,0.0,0.0,1473.1822551963285,0.0,1500.0,0.0,1500.0,0.0,1500.0,0.0,1484.0
123896,Matija Pecotic,784.0,24.0,33.6,185.0,1513.9805365276088,L,2,0.5,0.5,0.5,1510.9408388351746,0.0,1500.0,0.0,1500.0,0.0,1500.0,0.0,1500.0
104175,Matija Zgaga,922.0,7.0,18.9,0.0,1516.0,L,1,1.0,1.0,0.0,1500.0,1.0,1516.0,0.0,1500.0,0.0,1500.0,0.0,1500.0
121531,Mats Moraing,253.0,241.0,28.9,198.0,1513.6520247940377,L,3,0.3333333333333333,0.3333333333333333,0.0,1500.0,0.5,1517.2382897536272,0.0,1488.9339519525297,0.0,1500.0,0.0,1500.0
103407,Matt Klinger,683.0,19.0,23.7,0.0,1516.7024671725246,U,1,1.0,1.0,0.0,1500.0,0.0,1500.0,0.0,1500.0,1.0,1516.0,0.0,1500.0
105591,Matt Reid,216.0,220.0,22.9,183.0,1493.8705133687408,R,1,0.0,0.0,0.0,1500.0,0.0,1500.0,0.0,1489.6352743178325,0.0,1500.0,0.0,1500.0
104412,Matt Simpson,1342.0,2.0,22.6,0.0,1486.4884444786098,U,1,0.0,0.0,0.0,1500.0,0.0,1500.0,0.0,1500.0,0.0,1484.0,0.0,1500.0
208286,Matteo Arnaldi,38.0,1335.0,23.6,185.0,1682.9057927107488,R,89,0.5056179775280899,0.4,0.5094339622641509,1651.2414682379488,0.53125,1600.225130858358,0.25,1474.6552410457575,0.0,1500.0,0.0,1500.0
126610,Matteo Berrettini,35.0,1380.0,28.6,196.0,1864.7177715138023,R,280,0.6678571428571428,0.6,0.5763888888888888,1751.1893122139447,0.7469879518072289,1900.825837479462,0.7924528301886793,1771.8766076475038,0.0,1500.0,0.0,1500.0
106390,Matteo Donati,282.0,172.0,20.1,185.0,1521.0197040361732,R,2,0.5,0.5,0.0,1500.0,0.5,1519.925704624277,0.0,1500.0,0.0,1500.0,0.0,1500.0
209263,Matteo Gigante,139.0,456.0,22.3,180.0,1507.700771705746,L,2,0.5,0.5,0.0,1500.0,0.5,1507.3783682195078,0.0,1500.0,0.0,1500.0,0.0,1500.0
104830,Matteo Marrai,414.0,74.0,21.4,0.0,1484.0373628465888,U,1,0.0,0.0,0.0,1500.0,0.0,1488.514607996663,0.0,1500.0,0.0,1500.0,0.0,1500.0
200188,Matteo Martineau,179.0,344.0,25.3,183.0,1482.8069976685815,R,2,0.0,0.0,0.0,1492.66931946759,0.0,1500.0,0.0,1486.3485694813344,0.0,1500.0,0.0,1500.0
105401,Matteo Trevisan,451.0,84.0,25.9,0.0,1483.3103962749917,R,1,0.0,0.0,0.0,1500.0,0.0,1484.3738786146682,0.0,1500.0,0.0,1500.0,0.0,1500.0
104970,Matteo Viola,218.0,228.0,32.1,188.0,1476.8656108612627,R,17,0.23529411764705882,0.3,0.3333333333333333,1495.0668103524686,0.0,1457.7197310688714,0.0,1475.7170920421643,0.0,1500.0,0.0,1500.0
105881,Matthew Barton,198.0,282.0,25.0,191.0,1561.4829747829012,R,8,0.5,0.5,0.5,1537.5687364225118,0.5,1505.5085317147539,0.5,1506.6664453934125,0.0,1500.0,0.0,1500.0
103609,Matthew Behrmann,1358.0,1.0,22.9,0.0,1482.882313828008,R,1,0.0,0.0,0.0,1479.3871053979808,0.0,1500.0,0.0,1500.0,0.0,1500.0,0.0,1500.0
102805,Matthew Breen,260.0,131.0,24.5,0.0,1481.8744489464414,R,1,0.0,0.0,0.0,1481.9198073304713,0.0,1500.0,0.0,1500.0,0.0,1500.0,0.0,1500.0
105051,Matthew Ebden,9999.0,0.0,36.6,188.0,1578.7776175328543,R,199,0.38190954773869346,0.5,0.39855072463768115,1576.2347522683133,0.06666666666666667,1386.3872452521252,0.43478260869565216,1499.9251741133107,0.0,1500.0,0.0,1500.0
212733,Matthew Forbes,1848.0,1.0,18.3,0.0,1489.8862994239983,U,1,0.0,0.0,0.0,1488.2986107333675,0.0,1500.0,0.0,1500.0,0.0,1500.0,0.0,1500.0
207759,Matthew Foster Estwick,9999.0,0.0,25.0,0.0,1471.3581510523134,R,2,0.0,0.0,0.0,1471.930574335432,0.0,1500.0,0.0,1500.0,0.0,1500.0,0.0,1500.0
108910,Matthew Prentice,9999.0,0.0,23.5,0.0,1469.8309864998198,R,2,0.0,0.0,0.0,1469.624330212646,0.0,1500.0,0.0,1500.0,0.0,1500.0,0.0,1500.0
104897,Matthias Bachinger,125.0,451.0,32.3,188.0,1621.7579603314273,R,85,0.36470588235294116,0.5,0.391304347826087,1586.2133366173275,0.36666666666666664,1483.7632224725767,0.2222222222222222,1457.8090484030708,0.0,1500.0,0.0,1500.0
208233,Mattia Bellucci,101.0,574.0,23.3,175.0,1528.7717016423503,L,14,0.35714285714285715,0.4,0.4166666666666667,1529.6415598376138,0.0,1488.18291107839,0.0,1481.8292788327758,0.0,1500.0,0.0,1500.0
144940,Mattias Siimar,1041.0,10.0,23.6,0.0,1473.6551294533851,L,2,0.0,0.0,0.0,1472.2926658040165,0.0,1500.0,0.0,1500.0,0.0,1500.0,0.0,1500.0
104235,Matwe Middelkoop,9999.0,0.0,39.4,191.0,1506.4063646728562,R,4,0.5,0.5,1.0,1528.2943799636548,0.0,1487.267928729216,0.0,1483.5231594528996,0.0,1500.0,0.0,1500.0
101862,Maurice Ruah,387.0,70.0,28.9,178.0,1516.0,R,1,1.0,1.0,1.0,1516.0,0.0,1500.0,0.0,1500.0,0.0,1500.0,0.0,1500.0
105221,Mauricio Doria Medina,1312.0,3.0,23.5,0.0,1470.389000946773,L,6,0.3333333333333333,0.3333333333333333,0.3333333333333333,1484.739492976881,0.3333333333333333,1484.2099289631183,0.0,1500.0,0.0,1500.0,0.0,1500.0
105273,Mauricio Echazu,716.0,28.0,29.0,174.0,1516.4014844436451,R,30,0.5,0.6,0.3333333333333333,1489.4689804784894,0.5185185185185185,1520.1034984334533,0.0,1500.0,0.0,1500.0,0.0,1500.0
104800,Mauricio Estivariz,739.0,19.0,23.8,0.0,1432.8084902056728,U,7,0.14285714285714285,0.14285714285714285,1.0,1515.865610995696,0.0,1415.667618644717,0.0,1500.0,0.0,1500.0,0.0,1500.0
101991,Mauricio Hadad,255.0,138.0,29.3,170.0,1513.925342362398,R,5,0.6,0.6,0.0,1500.0,0.6,1515.5362440105164,0.0,1500.0,0.0,1500.0,0.0,1500.0
208819,Max Hans Rehberg,473.0,87.0,20.5,183.0,1458.8031872674417,R,4,0.0,0.0,0.0,1500.0,0.0,1447.9359193191306,0.0,1500.0,0.0,1500.0,0.0,1500.0
103018,Max Mirnyi,373.0,84.0,31.0,196.0,1480.238544428869,R,428,0.49065420560747663,0.2,0.5021645021645021,1469.159634977199,0.39325842696629215,1459.010913048052,0.5306122448979592,1591.4204617442704,0.559322033898305,1537.3696207307344,0.0,1500.0
126845,Max Purcell,97.0,585.0,26.3,185.0,1593.8575000875462,R,84,0.38095238095238093,0.5,0.37037037037037035,1533.945969789976,0.36363636363636365,1467.7311994334914,0.42105263157894735,1506.6815544401118,0.0,1500.0,0.0,1500.0
145023,Maxim Bulat,9999.0,0.0,18.3,0.0,1466.7155622576565,nan,2,0.0,0.0,0.0,1466.6223502954508,0.0,1500.0,0.0,1500.0,0.0,1500.0,0.0,1500.0
106201,Maxim Dubarenco,387.0,111.0,21.2,0.0,1467.1646520496515,R,14,0.42857142857142855,0.4,0.5,1488.6131014055075,0.6666666666666666,1516.1865138328008,0.0,1500.0,0.0,1453.435776528027,0.0,1500.0
210535,Maxim Shin,1469.0,3.0,20.6,191.0,1489.3034616137415,R,1,0.0,0.0,0.0,1488.1863503845213,0.0,1500.0,0.0,1500.0,0.0,1500.0,0.0,1500.0
104893,Maxime Authom,156.0,351.0,25.7,0.0,1473.1043631262494,R,2,0.0,0.0,0.0,1465.4483300392628,0.0,1500.0,0.0,1500.0,0.0,1500.0,0.0,1500.0
202195,Maxime Cressy,173.0,345.0,27.2,201.0,1491.8837986204885,R,100,0.43,0.2,0.4461538461538462,1533.2747447432637,0.09090909090909091,1417.4405693108574,0.5416666666666666,1523.4345310895085,0.0,1500.0,0.0,1500.0
111506,Maxime Hamou,287.0,181.0,21.9,185.0,1475.3753363046521,R,3,0.0,0.0,0.0,1500.0,0.0,1467.8078452438547,0.0,1500.0,0.0,1500.0,0.0,1500.0
126125,Maxime Janvier,225.0,269.0,27.7,196.0,1451.8042342923743,R,6,0.0,0.0,0.0,1486.419048372797,0.0,1469.4550426224525,0.0,1483.9577599477038,0.0,1500.0,0.0,1500.0
108639,Maxime Koffi,9999.0,0.0,15.6,0.0,1483.8599314975681,U,1,0.0,0.0,0.0,1484.0,0.0,1500.0,0.0,1500.0,0.0,1500.0,0.0,1500.0
105270,Maxime Teixeira,340.0,133.0,26.5,188.0,1475.0200710715553,R,6,0.16666666666666666,0.16666666666666666,0.0,1480.7573930095014,0.25,1488.03913212399,0.0,1500.0,0.0,1500.0,0.0,1500.0
103948,Maximilian Abel,411.0,66.0,22.1,0.0,1446.3472884896703,R,8,0.125,0.125,0.0,1454.5798723749754,0.3333333333333333,1488.06513552092,0.0,1489.4277953585004,0.0,1500.0,0.0,1500.0
109739,Maximilian Marterer,114.0,507.0,29.3,188.0,1523.581811273945,L,118,0.3389830508474576,0.4,0.32727272727272727,1474.3934698087435,0.3673469387755102,1497.03372927777,0.2857142857142857,1454.0481914228253,0.0,1500.0,0.0,1500.0
104216,Maximo Gonzalez,163.0,361.0,33.7,173.0,1455.4169529099654,R,89,0.33707865168539325,0.3,0.1875,1432.6569158331877,0.391304347826087,1464.7284264038833,0.0,1449.339841012188,0.0,1500.0,0.0,1500.0
210382,Maximus Jones,581.0,61.0,19.3,185.0,1482.5330691949127,R,1,0.0,0.0,0.0,1500.0,0.0,1484.0,0.0,1500.0,0.0,1500.0,0.0,1500.0
106387,Mazen Osama,480.0,76.0,19.1,0.0,1515.1850991443557,A,1,1.0,1.0,1.0,1515.227867707651,0.0,1500.0,0.0,1500.0,0.0,1500.0,0.0,1500.0
108684,Mehdi Bouabbane,9999.0,0.0,18.6,0.0,1480.7454448496753,R,1,0.0,0.0,0.0,1500.0,0.0,1480.1125056905669,0.0,1500.0,0.0,1500.0,0.0,1500.0
105250,Mehdi Jdi,1252.0,5.0,28.1,0.0,1468.0433442478918,R,2,0.0,0.0,0.0,1484.0,0.0,1500.0,0.0,1500.0,0.0,1483.2298601853572,0.0,1500.0
103029,Mehdi Tahiri,549.0,44.0,29.1,183.0,1480.333559888756,R,18,0.3333333333333333,0.6,0.6666666666666666,1525.0036296678097,0.2857142857142857,1445.305789322538,0.0,1495.0262259556237,0.0,1500.0,0.0,1500.0
104807,Mehdi Ziadi,757.0,21.0,26.5,0.0,1386.796256656855,R,9,0.0,0.0,0.0,1500.0,0.0,1400.5701713200187,0.0,1484.7213715120138,0.0,1500.0,0.0,1500.0
200250,Mehluli Don Ayanda Sibanda,1061.0,10.0,22.0,173.0,1441.3095105895306,R,4,0.0,0.0,0.0,1454.1721796717984,0.0,1485.215073299024,0.0,1500.0,0.0,1500.0,0.0,1500.0
103369,Melle Van Gemerden,106.0,404.0,27.1,183.0,1465.8518684319142,R,12,0.25,0.2,0.25,1477.7915724699133,0.25,1487.9919175143846,0.5,1502.7023828670972,0.0,1474.5248672373782,0.0,1500.0
102537,Melvin Tong,928.0,6.0,26.1,0.0,1451.2024467013375,R,7,0.2857142857142857,0.2857142857142857,0.4,1481.9862026063965,0.0,1468.0,0.0,1500.0,0.0,1500.0,0.0,1500.0
144949,Menelaos Efstathiou,1222.0,6.0,24.9,183.0,1453.439037502504,R,5,0.2,0.2,0.0,1468.7395885320548,0.0,1482.9248064635508,0.0,1500.0,0.0,1500.0,0.5,1500.736306793522
210686,Michael Agwi,487.0,83.0,21.0,193.0,1491.9426529475445,R,5,0.4,0.4,0.0,1475.3060685809396,1.0,1532.118960766022,0.0,1500.0,0.0,1500.0,0.0,1484.0
209971,Michael Bassem Sobhy,1090.0,9.0,19.7,0.0,1467.9660376293566,R,2,0.0,0.0,0.0,1483.2778986950957,0.0,1484.0,0.0,1500.0,0.0,1500.0,0.0,1500.0
103582,Michael Berrer,154.0,384.0,36.2,193.0,1504.578582625475,L,222,0.36936936936936937,0.2,0.40131578947368424,1536.659253475261,0.28888888888888886,1426.4188167337911,0.30434782608695654,1439.2771058353057,0.5,1498.7076963584923,0.0,1500.0
101895,Michael Brown B395,9999.0,0.0,32.9,175.0,1523.090038022643,R,8,0.625,0.625,0.6,1515.9522278687082,0.6666666666666666,1514.5275917891804,0.0,1500.0,0.0,1500.0,0.0,1500.0
102021,Michael Chang,222.0,158.0,31.5,175.0,1472.1479413306442,R,139,0.4676258992805755,0.2,0.46236559139784944,1464.5220574229984,0.44,1472.950194925191,0.5294117647058824,1515.641610310584,0.5,1503.230085797872,0.0,1500.0
126107,Michael Geerts,268.0,189.0,27.7,178.0,1503.3901791985973,R,3,0.3333333333333333,0.3333333333333333,0.0,1487.7469246963385,1.0,1516.8934256145283,0.0,1500.0,0.0,1500.0,0.0,1500.0
102422,Michael Hill,226.0,149.0,25.9,188.0,1484.6991796148918,R,3,0.3333333333333333,0.3333333333333333,0.5,1500.1280305896887,0.0,1500.0,0.0,1484.736306793522,0.0,1500.0,0.0,1500.0
102169,Michael Joyce,302.0,104.0,30.4,180.0,1503.300365930784,R,6,0.3333333333333333,0.3333333333333333,0.3333333333333333,1506.732709307622,0.0,1500.0,0.0,1500.0,0.0,1500.0,0.0,1500.0
102306,Michael Kohlmann,1494.0,1.0,33.4,188.0,1476.5617962645354,R,45,0.35555555555555557,0.4,0.1875,1421.48813037112,0.5,1513.5723949689038,0.36363636363636365,1465.6171294877508,0.5,1499.171835473895,0.0,1500.0
108960,Michael Lai,9999.0,0.0,22.1,0.0,1517.5724269015088,R,8,0.625,0.625,0.5714285714285714,1505.8589518489916,1.0,1517.23090512366,0.0,1500.0,0.0,1500.0,0.0,1500.0
103967,Michael Lammer,576.0,53.0,32.9,185.0,1431.9416096572654,R,29,0.20689655172413793,0.2,0.29411764705882354,1466.2234882639966,0.09090909090909091,1404.7395179154678,0.0,1500.0,0.0,1489.134265400867,0.0,1500.0
104702,Michael Leong,1782.0,1.0,25.8,0.0,1466.0613570049582,R,21,0.47619047619047616,0.4,0.5,1477.8104683268687,0.0,1500.0,0.0,1500.0,0.0,1483.997275416521,0.0,1500.0
105426,Michael Linzer,354.0,130.0,26.7,0.0,1474.9968125646185,R,2,0.0,0.0,0.0,1500.0,0.0,1473.9977006261688,0.0,1500.0,0.0,1500.0,0.0,1500.0
103566,Michael Llodra,192.0,256.0,34.2,190.0,1677.1649473159587,L,383,0.4725848563968668,0.4,0.4721030042918455,1659.9660513123638,0.3333333333333333,1518.4497543676005,0.6507936507936508,1655.9252897975784,0.37037037037037035,1454.306160979253,0.0,1500.0
125573,Michael Massih,9999.0,0.0,25.7,0.0,1469.6259082363397,R,2,0.0,0.0,0.0,1468.4998589001468,0.0,1500.0,0.0,1500.0,0.0,1500.0,0.0,1500.0
105404,Michael Mcclune,303.0,146.0,22.9,188.0,1502.6636900530755,R,3,0.3333333333333333,0.3333333333333333,0.3333333333333333,1499.3974537208194,0.0,1500.0,0.0,1500.0,0.0,1500.0,0.0,1500.0
111581,Michael Mmoh,123.0,507.0,26.2,188.0,1670.2272837990677,R,67,0.43283582089552236,0.6,0.44642857142857145,1634.1829389215488,0.42857142857142855,1504.9656621517859,0.25,1482.1241764157814,0.0,1500.0,0.0,1500.0
108648,Michael Mora,9999.0,0.0,24.3,0.0,1516.0,U,1,1.0,1.0,1.0,1516.0,0.0,1500.0,0.0,1500.0,0.0,1500.0,0.0,1500.0
103590,Michael Quintero,247.0,153.0,27.1,0.0,1552.3226915240393,R,12,0.6666666666666666,0.7,0.5,1496.957108141608,0.7,1553.7887666780662,0.0,1500.0,0.0,1500.0,0.0,1500.0
108919,Michael Ray Pallares Gonzalez,9999.0,0.0,23.3,0.0,1515.964715567045,R,1,1.0,1.0,1.0,1516.0,0.0,1500.0,0.0,1500.0,0.0,1500.0,0.0,1500.0
103188,Michael Russell,156.0,325.0,36.7,173.0,1541.1680877453855,R,217,0.3456221198156682,0.2,0.38571428571428573,1560.8622627082068,0.24444444444444444,1385.785287614512,0.3125,1435.1419096415402,0.0,1500.0,0.0,1500.0
104453,Michael Ryderstedt,457.0,76.0,27.8,188.0,1464.2882147919995,L,24,0.2916666666666667,0.2,0.26666666666666666,1472.933574058057,0.3333333333333333,1475.7167741244946,0.0,1500.0,0.0,1500.0,0.0,1500.0
102103,Michael Sell,167.0,219.0,27.3,180.0,1501.3679216665578,R,2,0.5,0.5,0.5,1501.3679216665578,0.0,1500.0,0.0,1500.0,0.0,1500.0,0.0,1500.0
101833,Michael Tebbutt,506.0,41.0,30.7,190.0,1483.3589025415451,L,3,0.3333333333333333,0.3333333333333333,0.3333333333333333,1485.076982786499,0.0,1500.0,0.0,1500.0,0.0,1500.0,0.0,1500.0
105030,Michael Venus,9999.0,0.0,32.2,191.0,1453.7856640540726,R,26,0.34615384615384615,0.2,0.2727272727272727,1422.0154430797716,0.75,1527.5217718187744,0.0,1500.0,0.0,1500.0,0.0,1500.0
202398,Michael Vrbensky,311.0,148.0,21.0,180.0,1491.4027393589192,R,1,0.0,0.0,0.0,1491.1772388645122,0.0,1500.0,0.0,1500.0,0.0,1500.0,0.0,1500.0
103676,Michael Yani,238.0,198.0,31.7,185.0,1432.7424625957474,R,16,0.1875,0.3,0.1111111111111111,1427.5015225780164,0.0,1454.6316492954825,0.5,1505.839766452115,0.0,1500.0,0.0,1500.0
133018,Michail Pervolarakis,506.0,70.0,26.5,193.0,1433.8079741202837,R,13,0.15384615384615385,0.2,0.16666666666666666,1429.480129790747,0.0,1484.0,0.0,1500.0,0.0,1500.0,0.0,1500.0
103455,Michal Mertinak,555.0,42.0,28.6,180.0,1496.9507713692374,R,26,0.38461538461538464,0.3,0.5,1520.5072188261584,0.4166666666666667,1503.981592546576,0.2857142857142857,1465.589101137741,0.0,1481.5629024724044,0.0,1500.0
104308,Michal Przysiezny,1139.0,6.0,34.1,185.0,1429.3893556488679,R,101,0.2871287128712871,0.2,0.2631578947368421,1412.5708815739888,0.19230769230769232,1391.6414623981625,0.3333333333333333,1458.0983971327414,0.8333333333333334,1559.8674034142132,0.0,1500.0
103420,Michal Tabara,596.0,36.0,28.7,175.0,1456.5801522106465,R,80,0.4,0.1,0.4358974358974359,1513.1268918428948,0.4117647058823529,1465.1175415233358,0.0,1468.8006421042787,0.2,1456.2811742958047,0.0,1500.0
104361,Michel Koning,793.0,16.0,23.1,0.0,1495.498737683018,R,1,0.0,0.0,0.0,1500.0,0.0,1500.0,0.0,1485.8339674365168,0.0,1500.0,0.0,1500.0
103356,Michel Kratochvil,1511.0,1.0,28.2,185.0,1470.8876217536213,R,167,0.4251497005988024,0.3,0.4367816091954023,1504.9498507796798,0.391304347826087,1441.4079515214949,0.5,1506.499109997594,0.35714285714285715,1446.768404207479,0.0,1500.0
206000,Michel Saade,9999.0,0.0,19.3,0.0,1484.0,U,1,0.0,0.0,0.0,1484.0,0.0,1500.0,0.0,1500.0,0.0,1500.0,0.0,1500.0
103131,Michihisa Onoda,452.0,50.0,24.6,0.0,1435.9503092240393,R,4,0.0,0.0,0.0,1438.3922362631445,0.0,1500.0,0.0,1500.0,0.0,1500.0,0.0,1500.0
106100,Micke Kontinen,379.0,112.0,22.5,0.0,1441.3580172147315,R,9,0.2222222222222222,0.2222222222222222,0.3333333333333333,1477.937954736255,0.0,1457.6436033596954,0.0,1500.0,0.0,1500.0,0.0,1500.0
144799,Miguel Angel Este,1336.0,4.0,17.3,0.0,1501.9440453994885,U,2,0.5,0.5,1.0,1516.0,0.0,1485.4040616094612,0.0,1500.0,0.0,1500.0,0.0,1500.0
104091,Miguel Angel Lopez Jaen,264.0,140.0,25.4,188.0,1514.185160335381,R,3,0.3333333333333333,0.3333333333333333,0.0,1500.0,0.3333333333333333,1504.6334040473143,0.0,1500.0,0.0,1500.0,0.0,1500.0
104960,Miguel Angel Reyes Varela,648.0,41.0,27.2,175.0,1513.602718168411,R,8,0.5,0.5,0.5714285714285714,1523.4753305106954,0.0,1490.342944625843,0.0,1500.0,0.0,1500.0,0.0,1500.0
103746,Miguel Gallardo Valles,544.0,59.0,32.9,0.0,1541.6290537524728,R,32,0.53125,0.5,0.6666666666666666,1547.556226085038,0.4666666666666667,1522.423156109548,0.0,1500.0,0.4,1485.3318264961717,0.0,1500.0
101495,Miguel Tobon,655.0,19.0,32.7,185.0,1509.4493397115616,R,3,0.6666666666666666,0.6666666666666666,0.0,1500.0,0.6666666666666666,1514.1462676755975,0.0,1500.0,0.0,1500.0,0.0,1500.0
103342,Miha Gregorc,579.0,28.0,21.1,0.0,1484.736306793522,R,1,0.0,0.0,0.0,1500.0,0.0,1484.736306793522,0.0,1500.0,0.0,1500.0,0.0,1500.0
108640,Mik Ledvonova,9999.0,0.0,22.0,0.0,1518.1353365885436,R,3,0.6666666666666666,0.6666666666666666,0.5,1500.277503480105,1.0,1515.9337423890202,0.0,1500.0,0.0,1500.0,0.0,1500.0
102025,Mikael Tillstrom,76.0,557.0,28.6,185.0,1534.755258776583,R,40,0.525,0.6,0.52,1517.480970059316,0.6153846153846154,1545.565522262604,0.0,1467.263693206478,0.0,1500.0,0.0,1500.0
111453,Mikael Torpegaard,305.0,157.0,27.8,193.0,1507.1316651083996,R,12,0.4166666666666667,0.3,0.375,1510.5373813124415,1.0,1514.7760623768859,0.0,1482.7381797540793,0.5,1501.670589916047,0.0,1500.0
144707,Mikael Ymer,59.0,831.0,24.8,183.0,1674.2053356982108,R,149,0.48322147651006714,0.5,0.5,1641.5525611578912,0.4375,1538.0377790685716,0.46153846153846156,1510.724506428884,0.0,1500.0,0.0,1500.0
104908,Mikal Oliver Statham,756.0,26.0,22.3,0.0,1494.758855571029,R,2,0.5,0.5,1.0,1513.6868319646508,0.0,1483.0016459556623,0.0,1500.0,0.0,1500.0,0.0,1500.0
103185,Mike Bryan,9999.0,0.0,29.0,190.0,1479.0470907236902,R,14,0.35714285714285715,0.4,0.4444444444444444,1506.387854414461,0.0,1484.6856857207888,0.25,1474.750765019758,0.0,1500.0,0.0,1500.0
103877,Mike Scheidweiler,9999.0,0.0,32.3,188.0,1431.1905239172045,R,19,0.3684210526315789,0.3,0.2727272727272727,1418.0847232185931,0.5,1506.8560700336045,0.0,1500.0,0.5,1497.4574456551638,0.0,1500.0
105450,Mike Urbanija,857.0,18.0,27.2,183.0,1472.7303184401424,R,2,0.0,0.0,0.0,1473.4668418856713,0.0,1500.0,0.0,1500.0,0.0,1500.0,0.0,1500.0
106077,Mike Vermeer,1019.0,7.0,19.2,0.0,1441.6343740698092,U,4,0.0,0.0,0.0,1440.4935080367334,0.0,1500.0,0.0,1500.0,0.0,1500.0,0.0,1500.0
108761,Mikelis Libietis,380.0,115.0,24.5,193.0,1431.26137665875,R,7,0.14285714285714285,0.14285714285714285,0.2,1455.0416282737588,0.0,1473.1980032940066,0.0,1500.0,0.0,1500.0,0.0,1500.0
105987,Mikhail Biryukov,310.0,136.0,21.3,0.0,1478.2271282000559,R,2,0.0,0.0,0.0,1471.496663752446,0.0,1500.0,0.0,1500.0,0.0,1500.0,0.0,1500.0
103863,Mikhail Elgin,949.0,12.0,31.9,183.0,1456.0348589048733,R,11,0.18181818181818182,0.2,0.2222222222222222,1451.3176180330365,0.0,1500.0,0.0,1500.0,0.0,1464.6721842624827,0.0,1500.0
104086,Mikhail Filima,645.0,28.0,22.8,0.0,1529.643676695309,U,4,0.75,0.75,0.6666666666666666,1513.5466286972646,0.0,1500.0,0.0,1500.0,1.0,1516.7626791523915,0.0,1500.0
105062,Mikhail Kukushkin,111.0,524.0,36.8,183.0,1500.7212938316397,R,393,0.4300254452926209,0.3,0.466403162055336,1495.6775419021556,0.36082474226804123,1434.065401260737,0.375,1498.5250654864465,0.3333333333333333,1487.3697228458786,0.0,1500.0
104783,Mikhail Ledovskikh,417.0,100.0,28.7,188.0,1453.0292827401074,R,16,0.25,0.3,0.2857142857142857,1491.6167578706377,0.0,1482.8097093479898,0.2,1448.9204299975638,0.3333333333333333,1483.6342483327558,0.0,1500.0
104022,Mikhail Youzhny,110.0,486.0,36.2,183.0,1504.9223115396758,R,881,0.547105561861521,0.2,0.5574468085106383,1558.58999353941,0.5059288537549407,1434.12014088025,0.5631067961165048,1543.3320547799592,0.6181818181818182,1644.4741837374581,0.0,1500.0
108937,Mikk Irdoja,9999.0,0.0,17.9,0.0,1484.629303285283,U,1,0.0,0.0,0.0,1500.0,0.0,1484.7024671725246,0.0,1500.0,0.0,1500.0,0.0,1500.0
101957,Milen Velev,414.0,66.0,30.6,0.0,1467.5660189840964,R,4,0.25,0.25,0.0,1500.0,0.25,1468.74471285354,0.0,1500.0,0.0,1500.0,0.0,1500.0
102457,Miles Maclagan,561.0,32.0,28.8,180.0,1454.396502482544,R,3,0.0,0.0,0.0,1480.5879536110815,0.0,1483.6070700967118,0.0,1483.9352321190852,0.0,1500.0,0.0,1500.0
209890,Mili Poljicak,481.0,87.0,20.0,185.0,1476.3984773297973,R,2,0.0,0.0,0.0,1500.0,0.0,1474.9290929979052,0.0,1500.0,0.0,1500.0,0.0,1500.0
105181,Miljan Zekic,316.0,152.0,29.0,185.0,1505.3839297886936,R,3,0.3333333333333333,0.3333333333333333,0.0,1500.0,0.3333333333333333,1500.2216356792974,0.0,1500.0,0.0,1500.0,0.0,1500.0
105683,Milos Raonic,177.0,340.0,33.5,196.0,1805.6443807962971,R,555,0.6828828828828829,0.7,0.6931216931216931,1828.9419185183256,0.64,1779.1532500852989,0.6883116883116883,1736.1737680849285,0.0,1500.0,0.0,1500.0
105427,Milos Sekulic,891.0,16.0,23.9,178.0,1483.279300793597,R,1,0.0,0.0,0.0,1482.853885454966,0.0,1500.0,0.0,1500.0,0.0,1500.0,0.0,1500.0
105080,Miloslav Mecir Jr,187.0,276.0,26.7,190.0,1490.4482967099925,R,4,0.25,0.25,0.3333333333333333,1493.4012537795006,0.0,1483.4118955427298,0.0,1500.0,0.0,1500.0,0.0,1500.0
104856,Min Hyoek Cho,742.0,23.0,26.2,0.0,1480.6055710456553,R,6,0.3333333333333333,0.3333333333333333,0.3333333333333333,1473.958855618487,0.0,1500.0,0.0,1500.0,0.0,1500.0,0.0,1500.0
105621,Min Kyu Song,9999.0,0.0,34.0,183.0,1484.0,R,1,0.0,0.0,0.0,1484.0,0.0,1500.0,0.0,1500.0,0.0,1500.0,0.0,1500.0
104283,Minh Quan Do,9999.0,0.0,30.2,0.0,1481.60076193765,R,3,0.3333333333333333,0.3333333333333333,0.5,1499.2985627225326,0.0,1500.0,0.0,1500.0,0.0,1483.263693206478,0.0,1500.0
123969,Minhtuan Pham,1578.0,2.0,29.2,0.0,1458.0969505742232,R,3,0.0,0.0,0.0,1473.4243958967454,0.0,1500.0,0.0,1500.0,0.0,1500.0,0.0,1484.0
207972,Minjong Park,9999.0,0.0,16.2,0.0,1483.3506908801423,R,1,0.0,0.0,0.0,1500.0,0.0,1500.0,0.0,1484.0,0.0,1500.0,0.0,1500.0
200175,Miomir Kecmanovic,53.0,1021.0,25.1,183.0,1648.6979312815613,R,283,0.4911660777385159,0.5,0.480225988700565,1588.796058324423,0.52,1636.1807445662528,0.4838709677419355,1531.2383210607306,0.0,1500.0,0.0,1500.0
105806,Mirza Basic,579.0,59.0,33.1,188.0,1491.6938218969985,R,71,0.4225352112676056,0.3,0.4418604651162791,1504.8776307738501,0.3157894736842105,1457.0219309960712,0.3333333333333333,1466.42703125951,1.0,1545.8600540023183,0.0,1500.0
104999,Mischa Zverev,280.0,209.0,33.5,190.0,1516.0627030864762,L,317,0.41009463722397477,0.3,0.4207650273224044,1497.8671067003554,0.3246753246753247,1480.9698345086222,0.5,1573.2309064367198,0.0,1483.8532900026175,0.0,1500.0
106283,Mitchell Krueger,140.0,409.0,30.6,188.0,1475.3109508280354,R,30,0.26666666666666666,0.3,0.2916666666666667,1462.242791856617,0.0,1486.3250795218864,0.2,1464.290059936977,0.0,1500.0,0.0,1500.0
121411,Moez Echargui,382.0,127.0,31.5,178.0,1509.5227101509936,R,5,0.6,0.6,0.5,1498.4518844163053,0.0,1481.8507606598318,0.0,1500.0,0.0,1500.0,1.0,1532.0
103864,Mohamed Mamoun,911.0,19.0,27.7,0.0,1475.182015423197,R,12,0.4166666666666667,0.3,0.3333333333333333,1483.0314443205623,0.5714285714285714,1510.9946689037392,0.0,1500.0,0.0,1467.2733579352464,0.0,1500.0
108988,Mohamed Redha Ouahab,9999.0,0.0,25.5,0.0,1485.4218428561187,U,1,0.0,0.0,0.0,1500.0,0.0,1485.484980483547,0.0,1500.0,0.0,1500.0,0.0,1500.0
105633,Mohamed Safwat,415.0,110.0,33.9,180.0,1517.0894281439312,R,42,0.38095238095238093,0.7,0.2857142857142857,1444.3226122726337,0.5,1533.7686864286452,0.5,1503.2501763663038,0.0,1482.6230370208627,0.5,1500.736306793522
103142,Mohamed Wafa,1138.0,4.0,24.4,0.0,1515.0708805170418,R,1,1.0,1.0,0.0,1500.0,1.0,1514.4928240139498,0.0,1500.0,0.0,1500.0,0.0,1500.0
103600,Mohammad Ghareeb,9999.0,0.0,36.5,0.0,1656.2289283424602,R,40,0.7,0.8,0.65625,1610.264528807805,0.875,1588.0367807895063,0.0,1500.0,0.0,1500.0,0.0,1500.0
104558,Mohammed Abdulla,1349.0,2.0,19.6,0.0,1489.7893098127233,U,1,0.0,0.0,0.0,1484.968873988627,0.0,1500.0,0.0,1500.0,0.0,1500.0,0.0,1500.0
108692,Mohammed Al Nabhani,9999.0,0.0,23.8,0.0,1436.8313142437864,R,8,0.25,0.25,0.25,1438.2904960452952,0.0,1500.0,0.0,1500.0,0.0,1500.0,0.0,1500.0
108963,Mohammed Faizal Bin Othman,9999.0,0.0,22.9,0.0,1484.0,U,1,0.0,0.0,0.0,1484.0,0.0,1500.0,0.0,1500.0,0.0,1500.0,0.0,1500.0
108895,Mohammed Fawzy,9999.0,0.0,19.4,0.0,1484.0,R,1,0.0,0.0,0.0,1500.0,0.0,1500.0,0.0,1500.0,0.0,1484.0,0.0,1500.0
108590,Mohammed Nazreen Fuzi Nasruddin,9999.0,0.0,18.6,0.0,1484.739389176783,U,1,0.0,0.0,0.0,1484.739389176783,0.0,1500.0,0.0,1500.0,0.0,1500.0,0.0,1500.0
108921,Mohammed Noor Noordin,9999.0,0.0,20.6,0.0,1468.736306793522,U,2,0.0,0.0,0.0,1484.0,0.0,1484.0,0.0,1500.0,0.0,1500.0,0.0,1500.0
108625,Mohammed Rajan Sundera Karuppiah,9999.0,0.0,20.7,0.0,1468.0630208673458,U,2,0.0,0.0,0.0,1468.0630208673458,0.0,1500.0,0.0,1500.0,0.0,1500.0,0.0,1500.0
108595,Mohammed Reza Tavakoli,9999.0,0.0,28.2,0.0,1484.0676726427585,U,1,0.0,0.0,0.0,1500.0,0.0,1484.0,0.0,1500.0,0.0,1500.0,0.0,1500.0
108741,Mohd Assri Merzuki,9999.0,0.0,21.1,0.0,1486.4492579785801,R,3,0.3333333333333333,0.3333333333333333,0.3333333333333333,1486.353533562356,0.0,1500.0,0.0,1500.0,0.0,1500.0,0.0,1500.0
105606,Mohsen Hossein Zade,9999.0,0.0,27.4,0.0,1441.524819347241,U,4,0.0,0.0,0.0,1464.494390406664,0.0,1472.851627365361,0.0,1500.0,0.0,1500.0,0.0,1500.0
102433,Mose Navarra,428.0,61.0,27.7,180.0,1521.305628214438,L,3,0.6666666666666666,0.6666666666666666,0.0,1500.0,0.5,1505.6645748650435,0.0,1500.0,1.0,1518.6052279575963,0.0,1500.0
103007,Mounir El Aarej,386.0,79.0,30.8,0.0,1407.4190936737423,R,23,0.2608695652173913,0.3,0.0,1449.3692864533195,0.35714285714285715,1472.9056978576195,0.5,1500.0412916444336,0.0,1454.0053673294465,0.0,1500.0
207461,Mousa Alkotop,1594.0,2.0,24.5,0.0,1506.5713307822984,U,2,0.5,0.5,0.0,1500.0,0.0,1500.0,0.0,1500.0,0.0,1500.0,0.5,1500.0
110476,Mousa Shanan Zayed,2129.0,1.0,19.8,0.0,1495.478891712626,U,2,0.0,0.0,0.0,1494.7835454471106,0.0,1500.0,0.0,1500.0,0.0,1500.0,0.0,1500.0
122570,Mubarak Shannan Zayid,9999.0,0.0,25.9,0.0,1463.420043448246,R,4,0.0,0.0,0.0,1454.7971948830195,0.0,1500.0,0.0,1500.0,0.0,1500.0,0.0,1500.0
207176,Muhammad Althaf Dhaifullah,9999.0,0.0,17.1,0.0,1483.289883222017,R,1,0.0,0.0,0.0,1482.6321061265114,0.0,1500.0,0.0,1500.0,0.0,1500.0,0.0,1500.0
102826,Muhammad Khaliq Siddiq,9999.0,0.0,32.6,0.0,1470.7469785450874,U,2,0.0,0.0,0.0,1469.5554520082046,0.0,1500.0,0.0,1500.0,0.0,1500.0,0.0,1500.0
207841,Muhammad Shoaib,9999.0,0.0,22.5,0.0,1457.9770900161477,U,6,0.16666666666666666,0.16666666666666666,0.0,1487.7715418609037,0.0,1482.4507942600203,0.3333333333333333,1479.1567547733878,0.0,1500.0,0.0,1484.0
108965,Muhd Ashaari Bin Zinal Abidin,9999.0,0.0,17.3,0.0,1484.0,R,1,0.0,0.0,0.0,1484.0,0.0,1500.0,0.0,1500.0,0.0,1500.0,0.0,1500.0
104454,Murad Inoyatov,524.0,57.0,27.2,0.0,1420.2456223527395,R,12,0.25,0.2,0.14285714285714285,1434.1032726217616,0.5,1495.1596643914706,0.0,1485.4358728782763,0.0,1500.0,0.0,1500.0
123961,Murkel Alejandro Dellien Velasco,183.0,324.0,26.9,193.0,1473.0404668185045,R,6,0.3333333333333333,0.3333333333333333,0.0,1469.5165373294872,0.5,1498.4748117888275,0.0,1500.0,0.0,1500.0,0.0,1500.0
108645,Musaad Al Jazzaf,1206.0,3.0,19.7,0.0,1454.0382920406073,U,5,0.2,0.2,0.3333333333333333,1483.338245162094,0.0,1467.2975328274754,0.0,1500.0,0.0,1500.0,0.0,1500.0
101831,Mustafa Azkara,834.0,9.0,30.5,0.0,1499.6900612788493,R,4,0.5,0.5,0.5,1499.263693206478,0.5,1500.0,0.0,1500.0,0.0,1500.0,0.0,1500.0
149285,Mustapha El Natour,9999.0,0.0,18.8,0.0,1516.0,U,1,1.0,1.0,0.0,1500.0,1.0,1516.0,0.0,1500.0,0.0,1500.0,0.0,1500.0
207836,Muzammil Murtaza,9999.0,0.0,22.8,0.0,1444.7261589336686,R,4,0.0,0.0,0.0,1500.0,0.0,1470.6342552439694,0.0,1468.736306793522,0.0,1500.0,0.0,1500.0
200125,Mykyta Mashtakov,1558.0,2.0,18.0,175.0,1491.6616570424085,R,1,0.0,0.0,0.0,1500.0,0.0,1491.507286105159,0.0,1500.0,0.0,1500.0,0.0,1500.0
105502,N Sriram Balaji,9999.0,0.0,34.4,180.0,1485.9602737442615,R,3,0.3333333333333333,0.3333333333333333,0.0,1485.7694906749139,0.0,1484.9717459472997,1.0,1517.7538060768356,0.0,1500.0,0.0,1500.0
104822,N Vijay Sundar Prashanth,557.0,56.0,28.1,178.0,1487.337363642438,R,1,0.0,0.0,0.0,1482.5354144692105,0.0,1500.0,0.0,1500.0,0.0,1500.0,0.0,1500.0
122533,Nam Hoang Ly,554.0,67.0,26.9,175.0,1582.3600105719618,R,8,0.875,0.875,1.0,1575.8374197118073,0.0,1486.0016991792063,0.0,1500.0,0.0,1500.0,1.0,1532.0
102097,Naratorn Srichaphan,9999.0,0.0,29.5,0.0,1482.3505617585365,R,1,0.0,0.0,0.0,1483.2083187740898,0.0,1500.0,0.0,1500.0,0.0,1500.0,0.0,1500.0
121908,Naser Al Obaidly,9999.0,0.0,19.9,0.0,1438.8938567545865,U,4,0.0,0.0,0.0,1450.93281446422,0.0,1484.3409801216249,0.0,1500.0,0.0,1500.0,0.0,1500.0
102285,Nasser Ghanim Al Khulaifi,9999.0,0.0,28.1,0.0,1485.12556369296,R,1,0.0,0.0,0.0,1485.2535413192127,0.0,1500.0,0.0,1500.0,0.0,1500.0,0.0,1500.0
211458,Nathan Anthony Barki,9999.0,0.0,17.8,178.0,1487.1481063923675,R,1,0.0,0.0,0.0,1486.038209217296,0.0,1500.0,0.0,1500.0,0.0,1500.0,0.0,1500.0
103516,Nathan Healey,173.0,245.0,27.4,180.0,1447.695949052058,R,17,0.23529411764705882,0.2,0.21428571428571427,1434.9452158571296,0.0,1492.670001359121,0.5,1502.6107875954633,0.0,1500.0,0.0,1500.0
111156,Nathan Pasha,1187.0,6.0,22.0,191.0,1488.1457248188053,R,1,0.0,0.0,0.0,1487.9260658049993,0.0,1500.0,0.0,1500.0,0.0,1500.0,0.0,1500.0
104684,Navdeep Singh,817.0,15.0,21.5,0.0,1485.785674694359,R,1,0.0,0.0,0.0,1485.18453877226,0.0,1500.0,0.0,1500.0,0.0,1500.0,0.0,1500.0
108892,Nejc Podkrajsek,9999.0,0.0,17.4,0.0,1484.1030815379606,U,1,0.0,0.0,0.0,1483.241595204886,0.0,1500.0,0.0,1500.0,0.0,1500.0,0.0,1500.0
108719,Nemanja Kontic,9999.0,0.0,27.9,0.0,1481.0007393666249,U,1,0.0,0.0,0.0,1500.0,0.0,1480.9854803627022,0.0,1500.0,0.0,1500.0,0.0,1500.0
102800,Nenad Zimonjic,9999.0,0.0,40.8,190.0,1441.8907648629915,R,23,0.21739130434782608,0.2,0.0,1392.3982311991024,0.2,1477.8052734991222,0.5,1510.9116860562533,0.4,1490.7349613969848,0.0,1500.0
123983,Nerman Fatic,204.0,301.0,29.2,191.0,1502.893440459029,R,8,0.5,0.5,0.6,1514.2961604105442,0.3333333333333333,1489.2403050392445,0.0,1500.0,0.0,1500.0,0.0,1500.0
102524,Neville Godwin,209.0,167.0,27.5,173.0,1438.805620491488,R,31,0.3870967741935484,0.2,0.26666666666666666,1399.951478626284,0.0,1500.0,0.5714285714285714,1524.7964816373033,0.0,1469.4695015289756,0.0,1500.0
123315,Nicholas Campbell,9999.0,0.0,17.5,0.0,1483.2315940820688,R,1,0.0,0.0,0.0,1483.229523055543,0.0,1500.0,0.0,1500.0,0.0,1500.0,0.0,1500.0
207660,Nicholas David Ionel,265.0,219.0,21.2,0.0,1494.1965906448588,R,5,0.4,0.4,0.0,1483.7968203061876,0.5,1509.78645624691,0.0,1500.0,0.0,1500.0,0.5,1500.0
108770,Nicholas Sayer,9999.0,0.0,19.7,0.0,1499.0117678319048,U,4,0.5,0.5,0.5,1498.613634031202,0.0,1500.0,0.0,1500.0,0.0,1500.0,0.0,1500.0
111436,Nick Chappell,432.0,101.0,30.4,178.0,1468.7339672337187,L,2,0.0,0.0,0.0,1469.8483547750016,0.0,1500.0,0.0,1500.0,0.0,1500.0,0.0,1500.0
200572,Nick Hardt,191.0,313.0,23.8,185.0,1468.5588839613797,R,7,0.2857142857142857,0.2857142857142857,0.25,1468.3282862027945,0.3333333333333333,1493.6728378495613,0.0,1500.0,0.0,1500.0,0.0,1500.0
106401,Nick Kyrgios,25.0,1375.0,28.1,193.0,1952.6961629428956,R,303,0.6600660066006601,0.7,0.6747572815533981,1913.761760850768,0.5652173913043478,1678.4513393550333,0.6862745098039216,1722.5593539558163,0.0,1500.0,0.0,1500.0
105194,Nick Lindahl,244.0,188.0,21.9,183.0,1450.7492981664818,R,9,0.1111111111111111,0.1111111111111111,0.125,1451.278109737051,0.0,1486.5071613189282,0.0,1500.0,0.0,1500.0,0.0,1500.0
104485,Nick Van Der Meer,620.0,27.0,19.4,0.0,1488.6296394157534,U,1,0.0,0.0,0.0,1500.0,0.0,1489.5337129635163,0.0,1500.0,0.0,1500.0,0.0,1500.0
108978,Nick Van Rosberg,9999.0,0.0,23.3,0.0,1436.718965345404,R,6,0.16666666666666666,0.16666666666666666,0.25,1467.441887458562,0.0,1468.736306793522,0.0,1500.0,0.0,1500.0,0.0,1500.0
101900,Nicklas Kulti,430.0,55.0,29.2,190.0,1431.949111795691,R,5,0.0,0.0,0.0,1471.6574945041086,0.0,1471.226977220524,0.0,1484.0,0.0,1500.0,0.0,1500.0
102961,Nicklas Timfjord,421.0,57.0,23.3,180.0,1480.0522913871964,R,1,0.0,0.0,0.0,1500.0,0.0,1481.4804132678023,0.0,1500.0,0.0,1500.0,0.0,1500.0
104093,Nickolai Dyachok,1055.0,4.0,20.5,0.0,1485.2365993702547,U,1,0.0,0.0,0.0,1500.0,0.0,1485.8030029681095,0.0,1500.0,0.0,1500.0,0.0,1500.0
200095,Nicola Kuhn,259.0,190.0,22.3,185.0,1473.275034460989,R,10,0.2,0.2,0.25,1500.6097866167197,0.25,1488.34134209362,0.0,1477.437243861476,0.0,1500.0,0.0,1500.0
105707,Nicolaas Scholtz,325.0,144.0,26.9,0.0,1467.9241991655022,R,10,0.3,0.3,0.3,1457.606069840624,0.0,1500.0,0.0,1500.0,0.0,1500.0,0.0,1500.0
126102,Nicolae Frunza,596.0,48.0,20.2,185.0,1479.866563489271,R,1,0.0,0.0,0.0,1481.1305185223293,0.0,1500.0,0.0,1500.0,0.0,1500.0,0.0,1500.0
149282,Nicolai Budkov Kjaer,737.0,34.0,18.0,188.0,1505.4187073889348,R,4,0.5,0.5,1.0,1531.263693206478,0.0,1474.2602824791454,0.0,1500.0,0.0,1500.0,0.0,1500.0
104597,Nicolas Almagro,661.0,38.0,32.9,183.0,1698.2290117086081,R,651,0.5929339477726574,0.5,0.4688995215311005,1625.5675046508284,0.6642156862745098,1714.2134637306135,0.4827586206896552,1539.4671178272015,0.6,1516.918341021416,0.0,1500.0
126190,Nicolas Alvarez,298.0,165.0,26.2,185.0,1522.4625865760183,R,12,0.5833333333333334,0.5,0.6666666666666666,1521.2079288826187,0.5555555555555556,1512.175816670685,0.0,1500.0,0.0,1500.0,0.0,1500.0
200374,Nicolas Alvarez Varona,231.0,230.0,21.3,188.0,1503.0616029387243,R,3,0.3333333333333333,0.3333333333333333,0.5,1509.356629951993,0.0,1484.0,0.0,1500.0,0.0,1500.0,0.0,1500.0
104905,Nicolas Barrientos,510.0,68.0,35.7,175.0,1451.3457181704366,R,6,0.16666666666666666,0.16666666666666666,0.0,1433.7224207898987,0.5,1508.5758980751223,0.0,1500.0,0.0,1500.0,0.0,1500.0
102934,Nicolas Coutelot,208.0,165.0,26.2,185.0,1499.2842214328666,R,31,0.3870967741935484,0.3,0.0,1479.211067786204,0.4444444444444444,1514.2075216624062,0.0,1468.6212386340555,0.0,1500.0,0.0,1500.0
103534,Nicolas Devilder,286.0,159.0,32.1,173.0,1460.7126148909904,L,70,0.32857142857142857,0.3,0.23809523809523808,1415.9960161045171,0.37209302325581395,1469.8561695511196,0.3333333333333333,1478.6755704034256,0.0,1500.0,0.0,1500.0
102765,Nicolas Escude,67.0,611.0,28.3,185.0,1753.220734819985,R,194,0.6185567010309279,0.5,0.6666666666666666,1730.7199867146726,0.40625,1503.0344516744312,0.7692307692307693,1670.85250225529,0.5483870967741935,1574.8648483576362,0.0,1500.0
111797,Nicolas Jarry,37.0,1365.0,29.0,201.0,1627.8152048466854,R,224,0.5044642857142857,0.3,0.4111111111111111,1578.5292190677476,0.5862068965517241,1681.650930247362,0.4444444444444444,1510.7793649605946,0.0,1500.0,0.0,1500.0
106044,Nicolas Kicker,203.0,297.0,29.5,178.0,1503.6520677496271,R,47,0.3829787234042553,0.2,0.3333333333333333,1498.090302401054,0.4117647058823529,1491.431118754322,0.0,1488.373776416716,0.0,1500.0,0.0,1500.0
103017,Nicolas Kiefer,178.0,262.0,32.9,183.0,1727.4115601442813,R,415,0.5759036144578313,0.3,0.6055776892430279,1751.5953806870637,0.4827586206896552,1632.2096007414548,0.5918367346938775,1589.5799497885055,0.5714285714285714,1575.639643762276,0.0,1500.0
102839,Nicolas Lapentti,129.0,395.0,33.7,188.0,1591.3946712651687,R,389,0.5012853470437018,0.3,0.4935064935064935,1547.3564270980175,0.5287958115183246,1589.489122552485,0.42857142857142855,1482.7520458645529,0.391304347826087,1456.9503877347747,0.0,1500.0
103917,Nicolas Mahut,239.0,239.0,39.0,191.0,1647.1057739659464,R,395,0.44556962025316454,0.5,0.41363636363636364,1577.3682595237142,0.3090909090909091,1517.6845266951887,0.616822429906542,1640.5900143962429,0.15384615384615385,1413.6864756481953,0.0,1500.0
103454,Nicolas Massu,578.0,44.0,33.3,183.0,1489.4577922366386,R,459,0.5250544662309368,0.1,0.4591194968553459,1523.059741956875,0.5801526717557252,1487.1923786270677,0.3333333333333333,1438.6082120963304,0.5,1499.931278421273,0.0,1500.0
105336,Nicolas Meister,625.0,37.0,23.1,180.0,1492.7997605381483,R,1,0.0,0.0,0.0,1486.91025745434,0.0,1500.0,0.0,1500.0,0.0,1500.0,0.0,1500.0
200711,Nicolas Mejia,237.0,242.0,24.5,183.0,1450.7049599338427,R,16,0.1875,0.3,0.0,1407.7491085979784,0.5,1513.6741682268532,0.0,1500.0,0.0,1500.0,0.0,1500.0
134457,Nicolas Moreno De Alboran,143.0,430.0,27.0,185.0,1506.8457391207023,R,17,0.35294117647058826,0.4,0.16666666666666666,1460.3800671615866,0.45454545454545453,1520.3486017683374,0.0,1500.0,0.0,1500.0,0.0,1500.0
104023,Nicolas Renavand,364.0,116.0,29.2,0.0,1514.350446226817,R,2,0.5,0.5,0.5,1508.6349374981637,0.0,1500.0,0.0,1500.0,0.0,1500.0,0.0,1500.0
108715,Nicolas Salama,9999.0,0.0,19.1,0.0,1516.0,U,1,1.0,1.0,0.0,1500.0,1.0,1516.0,0.0,1500.0,0.0,1500.0,0.0,1500.0
102143,Nicolas Thomann,266.0,146.0,33.8,183.0,1496.7395547272147,R,36,0.3888888888888889,0.2,0.47058823529411764,1534.227270948742,0.14285714285714285,1430.0974437845966,0.3333333333333333,1486.6557999292186,0.4444444444444444,1480.7681685124141,0.0,1500.0
103358,Nicolas Todero,332.0,89.0,23.2,183.0,1486.4413693319839,R,1,0.0,0.0,0.0,1500.0,0.0,1486.202556377993,0.0,1500.0,0.0,1500.0,0.0,1500.0
200537,Nicolas Xiviller,9999.0,0.0,16.9,0.0,1515.232951658716,R,1,1.0,1.0,1.0,1515.263693206478,0.0,1500.0,0.0,1500.0,0.0,1500.0,0.0,1500.0
104944,Niels Desein,170.0,296.0,28.0,190.0,1466.9865184622083,R,3,0.0,0.0,0.0,1487.560772035689,0.0,1486.6665063592345,0.0,1481.837480659903,0.0,1500.0,0.0,1500.0
108904,Nigel Badza,9999.0,0.0,19.5,0.0,1483.846918753371,U,1,0.0,0.0,0.0,1486.1105135059172,0.0,1500.0,0.0,1500.0,0.0,1500.0,0.0,1500.0
106247,Nik Razborsek,700.0,26.0,26.4,173.0,1461.2867187007416,L,3,0.0,0.0,0.0,1471.5259790846092,0.0,1500.0,0.0,1487.7563404565872,0.0,1500.0,0.0,1500.0
144681,Niki Kaliyanda Poonacha,795.0,27.0,28.7,191.0,1515.2351706069514,R,1,1.0,1.0,0.0,1500.0,0.0,1500.0,1.0,1515.7662105535076,0.0,1500.0,0.0,1500.0
102425,Niko Karagiannis,9999.0,0.0,28.1,0.0,1484.307007346553,R,1,0.0,0.0,0.0,1481.6548613447403,0.0,1500.0,0.0,1500.0,0.0,1500.0,0.0,1500.0
105677,Nikola Cacic,761.0,27.0,25.6,183.0,1512.3531136265588,R,2,0.5,0.5,0.0,1500.0,0.5,1507.6572494269767,0.0,1500.0,0.0,1500.0,0.0,1500.0
105254,Nikola Mektic,9999.0,0.0,30.8,183.0,1470.2443783954636,R,12,0.25,0.3,0.14285714285714285,1454.0086321419267,0.4,1504.09648351093,0.0,1500.0,0.0,1500.0,0.0,1500.0
110748,Nikola Milojevic,136.0,525.0,26.6,188.0,1526.3479215610828,R,14,0.42857142857142855,0.4,0.4,1506.3280381490006,0.4444444444444444,1505.0556576173094,0.0,1500.0,0.0,1500.0,0.0,1500.0
104953,Nikolai Fidirko,934.0,11.0,25.2,0.0,1484.0396255735209,R,1,0.0,0.0,0.0,1481.3865968391717,0.0,1500.0,0.0,1500.0,0.0,1500.0,0.0,1500.0
207663,Nikolas Sanchez Izquierdo,260.0,221.0,25.1,185.0,1491.4941258097515,R,1,0.0,0.0,0.0,1500.0,0.0,1490.521551436875,0.0,1500.0,0.0,1500.0,0.0,1500.0
103786,Nikolay Davydenko,92.0,610.0,32.9,178.0,1630.371483701901,R,782,0.6074168797953964,0.3,0.6073170731707317,1696.7182691244664,0.621160409556314,1544.4171323649095,0.3448275862068966,1467.0839451825902,0.68,1702.6484309524278,0.0,1500.0
105932,Nikoloz Basilashvili,118.0,481.0,31.0,185.0,1509.4344696923572,R,302,0.4602649006622517,0.2,0.449438202247191,1480.9003272883901,0.4772727272727273,1569.9957449078422,0.45454545454545453,1539.0775718058471,0.6666666666666666,1516.7023986633528,0.0,1500.0
202246,Nikoloz Davlianidze,9999.0,0.0,20.1,0.0,1484.0,R,1,0.0,0.0,0.0,1484.0,0.0,1500.0,0.0,1500.0,0.0,1500.0,0.0,1500.0
103053,Nikos Rovas,9999.0,0.0,28.5,0.0,1493.067407802998,R,7,0.42857142857142855,0.42857142857142855,0.0,1500.0,0.5,1501.9766315257498,0.0,1500.0,0.3333333333333333,1486.720590851367,0.0,1500.0
105472,Nils Langer,340.0,122.0,23.7,193.0,1501.7113595883943,R,3,0.3333333333333333,0.3333333333333333,0.0,1487.1606484946333,0.5,1508.3319031704614,0.0,1500.0,0.0,1500.0,0.0,1500.0
126120,Nino Serdarusic,307.0,165.0,26.4,191.0,1455.0304938693719,R,10,0.2,0.2,0.25,1491.4890569523513,0.16666666666666666,1447.4880695459037,0.0,1500.0,0.0,1500.0,0.0,1500.0
210460,Nishesh Basavareddy,138.0,440.0,19.6,180.0,1501.312714524669,R,3,0.3333333333333333,0.3333333333333333,0.3333333333333333,1498.5517896406407,0.0,1500.0,0.0,1500.0,0.0,1500.0,0.0,1500.0
111511,Noah Rubin,306.0,176.0,25.5,175.0,1473.988622114923,R,27,0.25925925925925924,0.2,0.2857142857142857,1479.9351070878065,0.25,1489.2327277369484,0.0,1465.228787551318,0.0,1500.0,0.0,1500.0
102669,Noam Behr,130.0,301.0,25.9,188.0,1480.3771776934857,L,10,0.4,0.4,0.4444444444444444,1495.4751399080087,0.0,1481.980073112454,0.0,1500.0,0.0,1500.0,0.0,1500.0
103174,Noam Okun,1087.0,6.0,34.7,185.0,1488.1615969824672,R,90,0.3888888888888889,0.3,0.4057971014492754,1466.8830290967196,0.375,1477.919730384455,0.3333333333333333,1455.361805326863,0.25,1471.9022488475362,0.0,1500.0
108699,Nodar Itonishvili,1356.0,4.0,24.6,0.0,1422.2914004579172,R,5,0.0,0.0,0.0,1484.1790030189088,0.0,1441.0931413740116,0.0,1500.0,0.0,1500.0,0.0,1500.0
108637,Nomi Qamar,9999.0,0.0,21.4,0.0,1490.4623520308733,U,5,0.4,0.4,0.4,1489.9142029381596,0.0,1500.0,0.0,1500.0,0.0,1500.0,0.0,1500.0
105613,Norbert Gombos,408.0,114.0,34.0,193.0,1498.2733935645115,R,85,0.3058823529411765,0.1,0.27450980392156865,1437.7799123505283,0.41379310344827586,1526.8433148916015,0.0,1443.7713081380937,0.0,1500.0,0.0,1500.0
145022,Nour Nehme,9999.0,0.0,17.6,0.0,1483.2162980902583,nan,1,0.0,0.0,0.0,1483.1981689116951,0.0,1500.0,0.0,1500.0,0.0,1500.0,0.0,1500.0
104925,Novak Djokovic,4.0,5560.0,37.3,188.0,2129.794157114523,R,1303,0.8403683806600154,0.8,0.8497536945812808,2121.397235646361,0.8128654970760234,2046.0923056408951,0.8686131386861314,2039.2120833082113,0.6666666666666666,1566.1806987480086,0.0,1500.0
132686,Nuno Borges,33.0,1446.0,27.7,185.0,1652.1076090474567,R,88,0.4318181818181818,0.4,0.4423076923076923,1580.365605022914,0.5,1620.7160413564259,0.0,1423.2408922688307,0.0,1500.0,0.0,1500.0
101731,Nuno Marques,432.0,57.0,30.0,190.0,1486.8040312130793,L,1,0.0,0.0,0.0,1500.0,0.0,1484.7701398146428,0.0,1500.0,0.0,1500.0,0.0,1500.0
103092,Nuno Matias,9999.0,0.0,24.3,0.0,1487.2086242380537,R,1,0.0,0.0,0.0,1500.0,0.0,1488.5014725285685,0.0,1500.0,0.0,1500.0,0.0,1500.0
106194,Nutthanon Kadchapanan,1581.0,2.0,20.6,0.0,1515.2098630014377,R,1,1.0,1.0,1.0,1515.2419745889827,0.0,1500.0,0.0,1500.0,0.0,1500.0,0.0,1500.0
118053,Ognian Kolev,9999.0,0.0,34.8,0.0,1467.559116501567,L,4,0.25,0.25,0.25,1467.054718575393,0.0,1500.0,0.0,1500.0,0.0,1500.0,0.0,1500.0
103220,Oh Hee Kwon,700.0,18.0,24.2,0.0,1515.5728171961339,R,1,1.0,1.0,0.0,1500.0,1.0,1516.0,0.0,1500.0,0.0,1500.0,0.0,1500.0
210142,Olaf Pieczkowski,910.0,13.0,18.4,183.0,1530.5612260339533,R,2,1.0,1.0,1.0,1530.5612260339533,0.0,1500.0,0.0,1500.0,0.0,1500.0,0.0,1500.0
102087,Oleg Ogorodov,195.0,177.0,30.7,193.0,1539.2314198798133,R,29,0.4827586206896552,0.5,0.5238095238095238,1536.4441598613575,0.3333333333333333,1501.5827940529027,0.0,1500.0,0.5,1500.1555422186434,0.0,1500.0
209191,Oleksandr Ovcharenko,416.0,107.0,22.8,185.0,1469.0396268805812,R,2,0.0,0.0,0.0,1481.5462713664938,0.0,1500.0,0.0,1500.0,0.0,1500.0,0.0,1483.263693206478
208071,Oleksii Krutykh,493.0,82.0,24.5,185.0,1480.3940795129852,R,7,0.2857142857142857,0.2857142857142857,0.3333333333333333,1486.9353744968482,0.0,1485.3564062670876,0.0,1500.0,0.0,1500.0,0.0,1500.0
117352,Oliver Anderson,813.0,25.0,17.6,175.0,1489.5957881723616,R,1,0.0,0.0,0.0,1488.2937457956168,0.0,1500.0,0.0,1500.0,0.0,1500.0,0.0,1500.0
102948,Oliver Freelove,620.0,23.0,23.7,0.0,1486.9717446360544,R,1,0.0,0.0,0.0,1484.0,0.0,1500.0,0.0,1500.0,0.0,1500.0,0.0,1500.0
106244,Oliver Golding,491.0,68.0,18.7,188.0,1461.082421475815,R,3,0.0,0.0,0.0,1500.0,0.0,1500.0,0.0,1453.5495245183179,0.0,1500.0,0.0,1500.0
102234,Oliver Gross,357.0,77.0,30.0,185.0,1450.3366633936441,R,11,0.2727272727272727,0.3,0.0,1485.4870772790653,0.3333333333333333,1463.7741117331004,0.0,1483.9219986023438,0.0,1500.0,0.0,1500.0
103594,Oliver Marach,9999.0,0.0,34.9,185.0,1477.9684246930433,R,50,0.38,0.2,0.25,1448.237945940167,0.4411764705882353,1503.3960690242425,0.0,1482.7713989597,0.3333333333333333,1481.8858448397236,0.0,1500.0
210312,Oliver Ojakaar,939.0,16.0,19.0,191.0,1532.7045635372742,R,2,1.0,1.0,0.0,1500.0,1.0,1531.9756175783727,0.0,1500.0,0.0,1500.0,0.0,1500.0
102520,Olivier Malcor,442.0,52.0,26.1,180.0,1463.3015356957546,R,2,0.0,0.0,0.0,1500.0,0.0,1464.2731743501938,0.0,1500.0,0.0,1500.0,0.0,1500.0
103133,Olivier Mutis,125.0,345.0,27.1,175.0,1470.6311006404187,R,59,0.4067796610169492,0.3,0.2,1414.3317426994172,0.48717948717948717,1530.5222264006209,0.4,1484.0257404620438,0.0,1500.0,0.0,1500.0
103535,Olivier Patience,199.0,239.0,30.3,180.0,1424.1227795434625,R,79,0.3291139240506329,0.1,0.21052631578947367,1391.3940562294285,0.3584905660377358,1443.1175928449686,0.5,1497.4324470056124,0.0,1483.187520294072,0.0,1500.0
103694,Olivier Rochus,143.0,380.0,32.4,168.0,1525.7398642724743,R,500,0.452,0.1,0.4672131147540984,1567.2599013155645,0.3881578947368421,1429.8088537954436,0.5128205128205128,1512.425854455165,0.5,1533.4109743349572,0.0,1500.0
104863,Olivier Sajous,736.0,24.0,26.1,0.0,1482.1279758661258,R,9,0.4444444444444444,0.4444444444444444,0.5714285714285714,1514.4345123140927,0.0,1469.9626598873317,0.0,1500.0,0.0,1500.0,0.0,1500.0
103914,Omar Awadhy,9999.0,0.0,35.1,0.0,1419.8533402312164,R,10,0.0,0.0,0.0,1412.0760279238102,0.0,1500.0,0.0,1500.0,0.0,1500.0,0.0,1500.0
104609,Omar Hedayet,1284.0,6.0,23.7,0.0,1530.460457397752,R,2,1.0,1.0,0.0,1500.0,1.0,1530.4731632134467,0.0,1500.0,0.0,1500.0,0.0,1500.0
117357,Omar Jasika,343.0,148.0,26.6,183.0,1494.8375480068273,L,5,0.2,0.2,0.2,1489.4274269379969,0.0,1500.0,0.0,1500.0,0.0,1500.0,0.0,1500.0
208300,Omni Kumar,433.0,101.0,22.8,173.0,1504.7957076213515,L,5,0.4,0.4,0.4,1507.2540972666325,0.0,1500.0,0.0,1500.0,0.0,1500.0,0.0,1500.0
210039,Orel Kimhi,456.0,93.0,20.4,173.0,1484.929147860228,R,1,0.0,0.0,0.0,1483.9458529588808,0.0,1500.0,0.0,1500.0,0.0,1500.0,0.0,1500.0
103824,Orest Tereshchuk,427.0,67.0,24.6,0.0,1588.4208988221749,R,17,0.7058823529411765,0.7,0.6666666666666666,1530.1816257595679,0.6666666666666666,1527.5342537505564,0.0,1500.0,0.8,1541.0814473936816,0.0,1500.0
106177,Oriol Roca Batalla,310.0,163.0,30.0,175.0,1501.1977360663077,R,3,0.3333333333333333,0.3333333333333333,0.0,1500.0,0.3333333333333333,1496.8071109756047,0.0,1500.0,0.0,1500.0,0.0,1500.0
126197,Orlando Luz,278.0,213.0,23.5,180.0,1507.1920837339655,R,2,0.5,0.5,0.0,1500.0,0.5,1506.7417826305104,0.0,1500.0,0.0,1500.0,0.0,1500.0
101969,Orlin Stanoytchev,161.0,238.0,29.3,185.0,1345.488661407219,R,30,0.26666666666666666,0.0,0.2222222222222222,1435.941914759301,0.3,1398.9587649988077,0.0,1484.0,0.0,1500.0,0.0,1500.0
102629,Oscar Burrieza,365.0,75.0,25.9,170.0,1463.0678815393417,R,5,0.2,0.2,0.0,1500.0,0.0,1471.4488475743497,0.3333333333333333,1483.263693206478,0.0,1500.0,0.0,1500.0
103169,Oscar Hernandez,125.0,419.0,32.1,180.0,1447.1938737562102,R,182,0.3516483516483517,0.2,0.14285714285714285,1347.8648211369014,0.4172661870503597,1512.119028130794,0.125,1428.8680162337557,0.0,1500.0,0.0,1500.0
102214,Oscar Ortiz,626.0,23.0,27.7,183.0,1470.9115213895861,L,2,0.0,0.0,0.0,1500.0,0.0,1480.945512051131,0.0,1500.0,0.0,1500.0,0.0,1500.0
106214,Oscar Otte,474.0,92.0,30.9,193.0,1512.3765988786058,R,83,0.3855421686746988,0.3,0.32608695652173914,1479.1434999121523,0.42857142857142855,1513.3327297151511,0.5,1518.8321906237413,0.0,1500.0,0.0,1500.0
104243,Oscar Posada,9999.0,0.0,17.8,0.0,1499.2598324848755,R,2,0.5,0.5,1.0,1515.2661676081207,0.0,1484.736306793522,0.0,1500.0,0.0,1500.0,0.0,1500.0
104438,Oscar Rodriguez Sanchez,857.0,11.0,20.3,0.0,1479.9516937882825,U,1,0.0,0.0,0.0,1500.0,0.0,1480.0360514018687,0.0,1500.0,0.0,1500.0,0.0,1500.0
103202,Oscar Serrano,244.0,124.0,24.7,173.0,1483.74059080526,R,8,0.375,0.375,0.0,1500.0,0.375,1486.460312024296,0.0,1500.0,0.0,1500.0,0.0,1500.0
200279,Osgar Ohoisin,1015.0,12.0,27.4,193.0,1485.9274949682388,R,6,0.3333333333333333,0.3333333333333333,0.3333333333333333,1490.6254461820952,0.5,1498.7294841910698,0.0,1500.0,0.0,1500.0,0.0,1484.0
108936,Oskar Saarne,9999.0,0.0,19.9,0.0,1484.2775896118592,R,1,0.0,0.0,0.0,1500.0,0.0,1500.0,0.0,1500.0,0.0,1484.0,0.0,1500.0
102921,Ota Fukarek,136.0,296.0,25.6,190.0,1378.4626207015056,R,14,0.14285714285714285,0.1,0.1111111111111111,1397.8642773354156,0.0,1469.0481799200543,0.3333333333333333,1484.5281353079206,0.0,1500.0,0.0,1500.0
202261,Otto Virtanen,116.0,499.0,23.3,193.0,1544.260701206568,R,26,0.4230769230769231,0.3,0.45,1520.2456817924603,0.25,1476.9909763315395,0.5,1507.2850561326877,0.0,1500.0,0.0,1500.0
102254,Ouassel Hared,9999.0,0.0,35.5,0.0,1468.2584612134247,R,2,0.0,0.0,0.0,1500.0,0.0,1469.341067642083,0.0,1500.0,0.0,1500.0,0.0,1500.0
101651,Owen Casey,650.0,19.0,30.7,0.0,1468.1025099752858,R,2,0.0,0.0,0.0,1500.0,0.0,1500.0,0.0,1500.0,0.0,1470.1721796717984,0.0,1500.0
104665,Pablo Andujar,323.0,155.0,37.2,180.0,1532.1450992576006,R,387,0.3979328165374677,0.2,0.2777777777777778,1480.902173349856,0.4955357142857143,1557.1736176649397,0.15789473684210525,1387.6030563255576,0.0,1500.0,0.0,1500.0
102544,Pablo Bianchi,662.0,22.0,27.3,0.0,1479.8070434275953,R,9,0.4444444444444444,0.4444444444444444,0.0,1500.0,0.4444444444444444,1477.797449537405,0.0,1500.0,0.0,1500.0,0.0,1500.0
105807,Pablo Carreno Busta,203.0,287.0,33.2,188.0,1728.0884042551252,R,474,0.5569620253164557,0.6,0.5648854961832062,1726.150955157912,0.5699481865284974,1728.4948273208965,0.3157894736842105,1472.691897321762,0.0,1500.0,0.0,1500.0
104655,Pablo Cuevas,149.0,418.0,36.3,180.0,1554.8381113367323,R,451,0.5188470066518847,0.3,0.40540540540540543,1505.1488311358914,0.5865724381625441,1559.7004811598001,0.3888888888888889,1471.141478864906,0.5,1500.8358926535502,0.0,1500.0
104640,Pablo Galdon,305.0,153.0,25.2,0.0,1496.3561678932333,R,1,0.0,0.0,0.0,1500.0,0.0,1496.861538828732,0.0,1500.0,0.0,1500.0,0.0,1500.0
104027,Pablo Gonzalez,314.0,118.0,24.5,178.0,1448.9144583645118,R,19,0.3157894736842105,0.4,0.5,1501.4387739660467,0.3125,1450.7960637417486,0.0,1500.0,0.0,1485.616607417168,0.0,1500.0
208010,Pablo Llamas Ruiz,146.0,434.0,21.5,188.0,1540.9367492610304,R,8,0.5,0.5,0.5,1513.495706752268,0.5,1512.8127332261372,0.0,1500.0,0.0,1500.0,0.0,1500.0
121331,Pablo Nunez,9999.0,0.0,24.2,0.0,1471.6421042035406,R,2,0.0,0.0,0.0,1471.6061300615197,0.0,1500.0,0.0,1500.0,0.0,1500.0,0.0,1500.0
106388,Pak Long Yeung,960.0,11.0,25.0,0.0,1476.1125835666278,R,2,0.0,0.0,0.0,1474.4698954140506,0.0,1500.0,0.0,1500.0,0.0,1500.0,0.0,1500.0
207139,Palaphoom Kovapitukted,9999.0,0.0,19.3,178.0,1502.6423587737102,R,4,0.5,0.5,0.3333333333333333,1487.1183514278919,1.0,1515.299003378355,0.0,1500.0,0.0,1500.0,0.0,1500.0
103893,Paolo Lorenzi,171.0,425.0,39.5,183.0,1462.461272171159,R,289,0.370242214532872,0.3,0.34959349593495936,1518.308877935902,0.42142857142857143,1442.0556452808635,0.19230769230769232,1358.4548101200699,0.0,1500.0,0.0,1500.0
103387,Paradorn Srichaphan,52.0,705.0,27.7,185.0,1620.981837235615,R,405,0.5506172839506173,0.5,0.5938566552901023,1605.759682200915,0.2222222222222222,1316.1320639088617,0.5365853658536586,1548.4364022575821,0.6538461538461539,1599.5995251709346,0.0,1500.0
105094,Paris Gemouchidis,672.0,25.0,23.0,175.0,1421.7932188642426,R,5,0.0,0.0,0.0,1500.0,0.0,1423.5235309713112,0.0,1500.0,0.0,1500.0,0.0,1500.0
108604,Pascal Schaul,9999.0,0.0,23.2,0.0,1511.6013395425564,U,3,0.6666666666666666,0.6666666666666666,0.0,1484.0788224440773,1.0,1531.263693206478,0.0,1500.0,0.0,1500.0,0.0,1500.0
105419,Patricio Alvarado,1222.0,4.0,17.4,0.0,1483.9765768835705,R,1,0.0,0.0,0.0,1500.0,0.0,1484.7133254994242,0.0,1500.0,0.0,1500.0,0.0,1500.0
103546,Patricio Arquez,266.0,128.0,20.8,0.0,1482.6012821379916,R,1,0.0,0.0,0.0,1500.0,0.0,1483.9600123828009,0.0,1500.0,0.0,1500.0,0.0,1500.0
108609,Patrick Boza,9999.0,0.0,22.9,0.0,1483.883393716757,U,1,0.0,0.0,0.0,1484.6364586415966,0.0,1500.0,0.0,1500.0,0.0,1500.0,0.0,1500.0
108644,Patrick Chucri,9999.0,0.0,30.4,0.0,1492.3555959535265,R,15,0.4666666666666667,0.5,0.25,1450.385347908861,0.6666666666666666,1532.030159710334,0.0,1500.0,1.0,1516.0,0.0,1500.0
106430,Patrick Ciorcila,589.0,52.0,17.5,0.0,1489.1319115455815,R,1,0.0,0.0,0.0,1500.0,0.0,1481.7138873069089,0.0,1500.0,0.0,1500.0,0.0,1500.0
134518,Patrick Kaukovalta,782.0,28.0,24.9,193.0,1495.2132747582548,R,1,0.0,0.0,0.0,1495.2564073632898,0.0,1500.0,0.0,1500.0,0.0,1500.0,0.0,1500.0
200516,Patrick Kypson,133.0,472.0,24.4,188.0,1493.360834462387,R,9,0.3333333333333333,0.3333333333333333,0.42857142857142855,1520.0698826892406,0.0,1467.5883345960333,0.0,1500.0,0.0,1500.0,0.0,1500.0
102158,Patrick Rafter,7.0,2785.0,28.9,185.0,1808.5540525670406,R,116,0.6982758620689655,0.5,0.6764705882352942,1731.8115570650693,0.4,1484.1186514564642,0.8387096774193549,1709.4300567557782,0.7142857142857143,1543.524854811773,0.0,1500.0
104591,Patrick Tierro,9999.0,0.0,31.6,0.0,1483.0191272068482,R,18,0.5,0.2,0.3333333333333333,1473.024590608992,0.5454545454545454,1505.3152826850112,0.0,1500.0,1.0,1516.0,0.0,1500.0
101989,Patrik Langvardt,9999.0,0.0,30.5,0.0,1496.6474709575434,R,4,0.5,0.5,0.0,1468.057469066727,1.0,1533.4387739660467,0.0,1500.0,0.0,1500.0,0.0,1500.0
126609,Patrik Niklas Salminen,491.0,73.0,24.5,188.0,1479.7968252042358,L,4,0.25,0.25,0.0,1476.1778421571732,1.0,1516.0385655101948,0.0,1500.0,0.0,1482.5274438643953,0.0,1500.0
105113,Patrik Rosenholm,531.0,65.0,28.9,178.0,1518.7711275064305,R,5,0.4,0.4,0.4,1514.247383492736,0.0,1500.0,0.0,1500.0,0.0,1500.0,0.0,1500.0
108894,Pau Gerbaud Farras,9999.0,0.0,19.4,0.0,1516.0,U,1,1.0,1.0,0.0,1500.0,0.0,1500.0,0.0,1500.0,1.0,1516.0,0.0,1500.0
103385,Paul Baccanello,276.0,144.0,27.5,183.0,1449.7427581400434,R,10,0.2,0.2,0.125,1443.2941954013106,0.0,1500.0,0.5,1500.027147263511,0.0,1500.0,0.0,1500.0
104154,Paul Capdeville,151.0,370.0,30.4,190.0,1460.1000765529336,R,122,0.3770491803278688,0.3,0.38333333333333336,1458.193867409398,0.39215686274509803,1463.7872911241418,0.3,1433.9702243225267,0.0,1485.5413423050786,0.0,1500.0
102834,Paul Goldstein,101.0,416.0,30.9,178.0,1542.0217914044104,R,160,0.43125,0.4,0.4260869565217391,1549.3994748940645,0.43478260869565216,1491.4842381703882,0.47058823529411764,1493.1470952363322,0.4,1489.6272627886651,0.0,1500.0
101235,Paul Haarhuis,586.0,25.0,34.3,188.0,1516.6580871591975,R,1,1.0,1.0,0.0,1500.0,1.0,1515.209757252523,0.0,1500.0,0.0,1500.0,0.0,1500.0
103080,Paul Hanley,9999.0,0.0,30.2,183.0,1464.2874645427164,R,3,0.0,0.0,0.0,1464.5654260443623,0.0,1495.1778438251058,0.0,1500.0,0.0,1500.0,0.0,1500.0
102502,Paul Harsanyi,962.0,5.0,26.6,0.0,1470.3406403431125,U,2,0.0,0.0,0.0,1466.357699972252,0.0,1500.0,0.0,1500.0,0.0,1500.0,0.0,1500.0
103908,Paul Henri Mathieu,252.0,200.0,35.6,185.0,1507.9026888580324,R,551,0.4863883847549909,0.1,0.47692307692307695,1470.7940126382748,0.5023696682464455,1588.395074097862,0.42857142857142855,1521.2446774145963,0.5483870967741935,1512.853718415989,0.0,1500.0
206703,Paul Jubb,201.0,301.0,24.6,180.0,1506.7053150405497,R,9,0.3333333333333333,0.3333333333333333,0.0,1500.0,0.0,1500.0,0.3333333333333333,1465.340130425134,0.0,1500.0,0.0,1500.0
102198,Paul Kilderry,263.0,122.0,27.2,175.0,1457.0253509532242,R,3,0.0,0.0,0.0,1469.808537068357,0.0,1500.0,0.0,1484.0690125332767,0.0,1500.0,0.0,1500.0
103465,Paul Logtens,286.0,124.0,25.5,175.0,1482.9510005678583,R,2,0.0,0.0,0.0,1500.0,0.0,1500.0,0.0,1471.0583572608498,0.0,1500.0,0.0,1500.0
102830,Paulo Carvallo,9999.0,0.0,33.6,0.0,1488.1139720299766,R,11,0.45454545454545453,0.4,0.0,1470.13853822723,0.5555555555555556,1511.1820980478642,0.0,1500.0,0.0,1500.0,0.0,1500.0
108592,Pavel Baranov,9999.0,0.0,19.4,0.0,1453.4741652143352,R,3,0.0,0.0,0.0,1453.4741652143352,0.0,1500.0,0.0,1500.0,0.0,1500.0,0.0,1500.0
105189,Pavel Chekhov,334.0,101.0,19.2,0.0,1481.2918903285674,R,1,0.0,0.0,0.0,1500.0,0.0,1500.0,0.0,1500.0,0.0,1482.9910730062156,0.0,1500.0
105103,Pavel Katliarov,977.0,10.0,20.3,0.0,1484.6950869776733,R,1,0.0,0.0,0.0,1484.1162943133513,0.0,1500.0,0.0,1500.0,0.0,1500.0,0.0,1500.0
200303,Pavel Kotov,75.0,745.0,25.9,191.0,1566.9821186286163,R,79,0.4430379746835443,0.3,0.37209302325581395,1493.890296467982,0.53125,1587.7597675379604,0.5,1502.2921148160087,0.0,1500.0,0.0,1500.0
103520,Pavel Snobel,184.0,231.0,28.6,190.0,1462.1237875098639,L,4,0.0,0.0,0.0,1462.7884529722812,0.0,1500.0,0.0,1487.3717882071005,0.0,1500.0,0.0,1500.0
104965,Pavol Cervenak,204.0,246.0,25.0,191.0,1564.7548812677123,R,12,0.5833333333333334,0.6,0.0,1490.935017291137,0.6363636363636364,1552.2749921866452,0.0,1500.0,0.0,1500.0,0.0,1500.0
106353,Pedja Krstin,285.0,198.0,26.7,183.0,1511.9685878219384,R,7,0.42857142857142855,0.42857142857142855,0.0,1480.44175391165,0.6,1517.2011449012102,0.0,1500.0,0.0,1500.0,0.0,1500.0
102545,Pedro Braga,368.0,80.0,28.9,0.0,1487.3428736328892,R,1,0.0,0.0,0.0,1500.0,0.0,1489.7405550752696,0.0,1500.0,0.0,1500.0,0.0,1500.0
106398,Pedro Cachin,110.0,568.0,29.2,185.0,1483.319147085455,R,71,0.3380281690140845,0.2,0.23809523809523808,1419.1091962725798,0.3958333333333333,1515.2237438192142,0.0,1482.108101898699,0.0,1500.0,0.0,1500.0
124079,Pedro Martinez,42.0,1270.0,27.5,185.0,1540.3684829294218,R,154,0.42207792207792205,0.2,0.3620689655172414,1482.8251963896078,0.4827586206896552,1594.9115956571918,0.2222222222222222,1438.1030892045956,0.0,1500.0,0.0,1500.0
106203,Pedro Sakamoto,389.0,39.0,25.6,178.0,1489.7437249821442,R,1,0.0,0.0,0.0,1500.0,0.0,1489.1795832964106,0.0,1500.0,0.0,1500.0,0.0,1500.0
105155,Pedro Sousa,475.0,82.0,34.8,180.0,1428.128203990789,R,47,0.3191489361702128,0.1,0.16666666666666666,1442.3055975242735,0.36363636363636365,1449.9620429860138,0.0,1486.4982480818685,1.0,1516.0,0.0,1500.0
105402,Peerakiat Siriluethaiwattana,1194.0,5.0,23.1,0.0,1470.8785949253624,L,7,0.2857142857142857,0.2857142857142857,0.2857142857142857,1468.3399124274752,0.0,1500.0,0.0,1500.0,0.0,1500.0,0.0,1500.0
108650,Peit Hein Boekel,9999.0,0.0,27.3,0.0,1467.367014939143,U,2,0.0,0.0,0.0,1500.0,0.0,1484.0,0.0,1500.0,0.0,1484.0,0.0,1500.0
104261,Peng Sun,557.0,45.0,24.9,0.0,1433.9804126901074,R,24,0.3333333333333333,0.3,0.47058823529411764,1496.0418863094758,0.0,1484.0,0.0,1468.7041524962676,0.0,1442.3388443138351,0.0,1500.0
105137,Pere Riba,228.0,236.0,27.8,183.0,1420.0826328375565,R,79,0.2911392405063291,0.2,0.16666666666666666,1399.2990612795982,0.35714285714285715,1474.8699126379254,0.0,1422.6903714525697,0.0,1500.0,0.0,1500.0
104948,Petar Jelenic,544.0,49.0,22.6,0.0,1501.5444764856134,R,2,0.5,0.5,0.5,1499.5598964739327,0.0,1500.0,0.0,1500.0,0.0,1500.0,0.0,1500.0
101948,Pete Sampras,17.0,1560.0,31.0,185.0,1780.1199772827867,R,150,0.6933333333333334,0.8,0.7474747474747475,1820.659307892479,0.4166666666666667,1485.928840574653,0.76,1621.4419024713568,0.5,1500.0,0.0,1500.0
200483,Peter August Anker,9999.0,0.0,18.6,0.0,1484.0,R,1,0.0,0.0,0.0,1484.0,0.0,1500.0,0.0,1500.0,0.0,1500.0,0.0,1500.0
126209,Peter Bertran,552.0,52.0,26.5,183.0,1499.8418628691102,R,4,0.5,0.5,0.3333333333333333,1484.1381103265999,1.0,1517.3949676184507,0.0,1500.0,0.0,1500.0,0.0,1500.0
126530,Peter Bothwell,840.0,19.0,22.3,0.0,1501.7090207706326,R,2,0.5,0.5,0.5,1499.0628625381507,0.0,1500.0,0.0,1500.0,0.0,1500.0,0.0,1500.0
103402,Peter Clarke,345.0,93.0,24.7,188.0,1480.401983286026,R,11,0.45454545454545453,0.5,0.0,1500.0,0.5714285714285714,1513.9108360009725,0.0,1500.0,0.25,1466.2205903457652,0.0,1500.0
105376,Peter Gojowczyk,108.0,500.0,33.1,188.0,1531.8354363648205,R,168,0.44047619047619047,0.2,0.45454545454545453,1522.3383004636066,0.3181818181818182,1491.677839886782,0.48,1528.5218482200485,0.0,1500.0,0.0,1500.0
103421,Peter Handoyo,583.0,30.0,23.4,0.0,1518.9237111677812,R,6,0.6666666666666666,0.6666666666666666,0.5,1494.4396576152592,0.0,1500.0,0.0,1500.0,1.0,1529.9175461424388,0.0,1500.0
103429,Peter Luczak,248.0,194.0,31.8,183.0,1453.7414722021892,R,127,0.31496062992125984,0.2,0.3275862068965517,1474.949748512354,0.2833333333333333,1384.3586726561791,0.4444444444444444,1510.9846431848628,0.0,1500.0,0.0,1500.0
105954,Peter Nagy,9999.0,0.0,26.8,180.0,1506.3887818350995,R,7,0.42857142857142855,0.42857142857142855,0.0,1497.7050869652944,0.5,1495.2623029620029,0.0,1500.0,0.0,1500.0,0.0,1500.0
105166,Peter Polansky,172.0,305.0,31.1,180.0,1466.2885964282684,R,63,0.30158730158730157,0.2,0.28888888888888886,1469.4562239655409,0.23076923076923078,1439.6185950373242,0.0,1468.9337419072588,1.0,1545.0960454347482,0.0,1500.0
105091,Peter Torebko,384.0,45.0,31.4,185.0,1471.8422493592914,R,2,0.0,0.0,0.0,1500.0,0.0,1467.7313340325522,0.0,1500.0,0.0,1500.0,0.0,1500.0
101821,Peter Tramacchi,1164.0,2.0,29.7,185.0,1483.8254394705475,R,1,0.0,0.0,0.0,1482.779395954166,0.0,1500.0,0.0,1500.0,0.0,1500.0,0.0,1500.0
103193,Peter Wessels,200.0,212.0,29.4,196.0,1567.4755777246714,R,65,0.47692307692307695,0.4,0.42857142857142855,1485.342351854979,0.2857142857142857,1469.1654071406776,0.6363636363636364,1574.0619807633625,0.0,1485.8233529091287,0.0,1500.0
103457,Petr Kralert,154.0,260.0,21.4,188.0,1473.791184503804,R,4,0.25,0.25,0.5,1500.2341281621045,0.0,1469.5625216201001,0.0,1500.0,0.0,1500.0,0.0,1500.0
102023,Petr Luxa,402.0,71.0,31.5,190.0,1408.962045866304,R,7,0.0,0.0,0.0,1433.0646636679176,0.0,1500.0,0.0,1473.947977657336,0.0,1500.0,0.0,1500.0
209318,Petr Nesterov,413.0,112.0,21.5,0.0,1506.2403436546606,R,2,0.5,0.5,1.0,1516.0,0.0,1482.720728897731,0.0,1500.0,0.0,1500.0,0.0,1500.0
108975,Petros Baghdatis,9999.0,0.0,28.4,0.0,1465.326331838371,U,2,0.0,0.0,0.0,1500.0,0.0,1466.7593048235046,0.0,1500.0,0.0,1500.0,0.0,1500.0
117365,Petros Chrysochos,1410.0,3.0,27.8,185.0,1429.7309604990267,R,14,0.2857142857142857,0.3,0.14285714285714285,1437.220221142155,0.4,1484.661862608729,0.0,1500.0,0.0,1500.0,0.5,1500.0
202065,Petros Tsitsipas,9999.0,0.0,24.0,185.0,1501.3263425279588,R,7,0.42857142857142855,0.42857142857142855,0.0,1477.665881519683,0.6,1516.8848570492376,0.0,1500.0,0.0,1500.0,0.0,1500.0
105331,Petru Alexandru Luncanu,443.0,82.0,22.9,185.0,1455.7125465829245,L,4,0.0,0.0,0.0,1459.7408784158386,0.0,1484.22321623599,0.0,1500.0,0.0,1500.0,0.0,1500.0
108932,Pfungwa Mahefu,9999.0,0.0,23.9,0.0,1472.037245012788,U,2,0.0,0.0,0.0,1500.0,0.0,1474.111330641171,0.0,1500.0,0.0,1500.0,0.0,1500.0
105229,Philip Bester,274.0,187.0,27.3,188.0,1457.6519277236357,R,10,0.2,0.2,0.16666666666666666,1471.6373501957428,0.25,1481.0169430935352,0.0,1500.0,0.0,1500.0,0.0,1500.0
106053,Philip Davydenko,658.0,40.0,21.8,183.0,1500.4088123993156,R,3,0.3333333333333333,0.3333333333333333,0.0,1488.204521260981,0.5,1509.6174794190688,0.0,1500.0,0.0,1500.0,0.0,1500.0
202475,Philip Henning,360.0,137.0,23.8,0.0,1488.9655691454916,R,7,0.42857142857142855,0.42857142857142855,0.75,1536.4611405643052,0.0,1455.0896473463029,0.0,1500.0,0.0,1500.0,0.0,1500.0
207934,Philip Hjorth,880.0,20.0,25.5,0.0,1483.906882696944,U,1,0.0,0.0,0.0,1483.7774738727207,0.0,1500.0,0.0,1500.0,0.0,1500.0,0.0,1500.0
103994,Philip Riise Hansen,9999.0,0.0,24.8,0.0,1483.1332825468442,U,1,0.0,0.0,0.0,1483.263693206478,0.0,1500.0,0.0,1500.0,0.0,1500.0,0.0,1500.0
210340,Philip Sekulic,298.0,189.0,20.0,191.0,1502.3826570444737,R,3,0.3333333333333333,0.3333333333333333,0.3333333333333333,1496.6084492322861,0.0,1500.0,0.0,1500.0,0.0,1500.0,0.0,1500.0
132040,Philip Wilbert Major,9999.0,0.0,20.9,0.0,1469.5358571152383,L,2,0.0,0.0,0.0,1472.2561695775378,0.0,1500.0,0.0,1500.0,0.0,1500.0,0.0,1500.0
104259,Philipp Kohlschreiber,132.0,486.0,38.5,178.0,1575.629031943511,R,833,0.553421368547419,0.2,0.5333333333333333,1599.2847965890926,0.5645161290322581,1616.0233619490118,0.6129032258064516,1589.114959266187,0.5,1515.9914128323308,0.0,1500.0
104667,Philipp Oswald,1059.0,9.0,28.6,201.0,1481.1271451468174,R,4,0.25,0.25,0.0,1488.7058594902917,0.3333333333333333,1486.8391095493473,0.0,1500.0,0.0,1500.0,0.0,1500.0
104332,Philipp Petzschner,524.0,66.0,30.4,185.0,1618.345678499579,R,188,0.4627659574468085,0.4,0.47706422018348627,1587.7322666420584,0.38095238095238093,1495.7706554306924,0.5135135135135135,1587.6675154001928,0.0,1500.0,0.0,1500.0
108696,Philippe Grandjean,9999.0,0.0,24.0,0.0,1457.6017831008382,U,3,0.0,0.0,0.0,1467.1767527795084,0.0,1490.3840572562883,0.0,1500.0,0.0,1500.0,0.0,1500.0
108721,Philippos Tsangaridis,9999.0,0.0,19.0,0.0,1440.7733934764883,U,4,0.0,0.0,0.0,1452.7685850391,0.0,1500.0,0.0,1500.0,0.0,1484.0,0.0,1500.0
104037,Phillip Harboe,610.0,30.0,22.5,0.0,1487.3441035722558,R,1,0.0,0.0,0.0,1500.0,0.0,1487.7817989897399,0.0,1500.0,0.0,1500.0,0.0,1500.0
103894,Phillip King,9999.0,0.0,32.3,175.0,1433.0742002361224,R,13,0.23076923076923078,0.3,0.23076923076923078,1424.8326185778142,0.0,1500.0,0.0,1500.0,0.0,1500.0,0.0,1500.0
104732,Phillip Simmonds,428.0,83.0,25.1,0.0,1479.1465113579932,R,3,0.0,0.0,0.0,1470.8533966616385,0.0,1500.0,0.0,1500.0,0.0,1500.0,0.0,1500.0
104323,Photos Kallias,475.0,81.0,25.5,0.0,1388.0120757654859,L,12,0.08333333333333333,0.1,0.0,1453.874843449418,0.14285714285714285,1437.7587289696671,0.0,1500.0,0.0,1469.7626734647404,0.0,1500.0
202300,Phuong Van Nguyen,9999.0,0.0,19.0,175.0,1483.5168654497784,R,1,0.0,0.0,0.0,1500.0,0.0,1483.0560620186889,0.0,1500.0,0.0,1500.0,0.0,1500.0
108907,Piero Demichelli,9999.0,0.0,24.5,0.0,1483.7628695440185,L,1,0.0,0.0,0.0,1500.0,0.0,1482.7628593634827,0.0,1500.0,0.0,1500.0,0.0,1500.0
104887,Piero Luisi,1056.0,7.0,26.0,0.0,1508.9552230034883,R,12,0.5833333333333334,0.6,0.5555555555555556,1504.241258430469,0.6666666666666666,1514.4426170856113,0.0,1500.0,0.0,1500.0,0.0,1500.0
105732,Pierre Hugues Herbert,127.0,471.0,33.6,188.0,1598.4012210257367,R,223,0.4349775784753363,0.4,0.4444444444444444,1619.6456736369626,0.40476190476190477,1533.417689601597,0.42857142857142855,1504.1294369338593,0.0,1500.0,0.0,1500.0
104661,Pierre Ludovic Duclos,244.0,190.0,26.4,188.0,1502.6301325464676,R,4,0.25,0.25,0.3333333333333333,1494.594133016707,0.0,1500.0,0.0,1489.9696331046398,0.0,1500.0,0.0,1500.0
103808,Potito Starace,176.0,304.0,32.8,188.0,1578.7415067189645,R,337,0.4629080118694362,0.3,0.3103448275862069,1450.9835507253224,0.5407725321888412,1593.3840355378538,0.0,1401.24236806635,0.375,1479.0022379071993,0.0,1500.0
105432,Prajnesh Gunneswaran,342.0,140.0,33.2,188.0,1447.7438433872703,L,39,0.28205128205128205,0.3,0.3103448275862069,1433.2254882564016,0.0,1478.343296537493,0.25,1457.5713664140258,0.0,1500.0,0.0,1500.0
104250,Prakash Amritraj,308.0,142.0,29.7,188.0,1498.0085887410191,R,52,0.36538461538461536,0.3,0.15384615384615385,1345.7966320217058,0.0,1475.0179965892855,0.6521739130434783,1590.464520963209,0.0,1482.6092639974795,0.0,1500.0
104234,Predrag Rusevski,1533.0,1.0,26.8,0.0,1459.8880655320945,R,14,0.35714285714285715,0.3,0.5,1498.8367077666055,0.3333333333333333,1459.9162942957196,0.0,1500.0,0.0,1500.0,0.0,1500.0
103865,Prima Simpatiaji,9999.0,0.0,27.3,0.0,1493.7672943831221,R,20,0.45,0.5,0.45,1491.8376119587704,0.0,1500.0,0.0,1500.0,0.0,1500.0,0.0,1500.0
111181,Pruchya Isarow,904.0,16.0,20.7,175.0,1594.7077568595435,R,11,0.8181818181818182,0.8,0.8181818181818182,1592.7438272386582,0.0,1500.0,0.0,1500.0,0.0,1500.0,0.0,1500.0
104646,Purav Raja,907.0,11.0,21.7,183.0,1484.6070546937813,R,1,0.0,0.0,0.0,1482.2925576094542,0.0,1500.0,0.0,1500.0,0.0,1500.0,0.0,1500.0
200080,Puriwat Chatpatcharoen,727.0,33.0,20.5,0.0,1468.549477230712,R,2,0.0,0.0,0.0,1469.899356207978,0.0,1500.0,0.0,1500.0,0.0,1500.0,0.0,1500.0
109529,Quang Huy Ngo,9999.0,0.0,29.9,0.0,1479.4128898961244,R,1,0.0,0.0,0.0,1479.4177659391933,0.0,1500.0,0.0,1500.0,0.0,1500.0,0.0,1500.0
111460,Quentin Halys,84.0,693.0,28.0,191.0,1629.5722115189997,R,96,0.3645833333333333,0.4,0.3225806451612903,1523.8519903366696,0.391304347826087,1564.285536662821,0.5454545454545454,1530.0683794315207,0.0,1500.0,0.0,1500.0
144687,Quinton Vega,9999.0,0.0,27.2,185.0,1470.262348339674,R,2,0.0,0.0,0.0,1469.9879548866554,0.0,1500.0,0.0,1500.0,0.0,1500.0,0.0,1500.0
108623,Rabi Bouhassoun,9999.0,0.0,22.5,0.0,1481.8259685808591,R,3,0.3333333333333333,0.3333333333333333,0.3333333333333333,1483.835759898689,0.0,1500.0,0.0,1500.0,0.0,1500.0,0.0,1500.0
103978,Rabie Chaki,482.0,107.0,26.9,0.0,1506.3255077617632,A,10,0.5,0.5,0.5,1500.1997577541547,0.5,1503.8552226030768,0.0,1500.0,0.5,1501.3410155395284,0.0,1500.0
108914,Rachid Baba Aissa,9999.0,0.0,22.6,0.0,1467.9853801063568,U,2,0.0,0.0,0.0,1500.0,0.0,1468.0197198900635,0.0,1500.0,0.0,1500.0,0.0,1500.0
103285,Radek Stepanek,102.0,595.0,38.1,185.0,1732.711011106146,R,654,0.5642201834862385,0.5,0.5597826086956522,1676.786839112971,0.5549132947976878,1607.2692394697008,0.5882352941176471,1638.5598783007026,0.6,1621.5538095860072,0.0,1500.0
103290,Radim Zitko,487.0,52.0,26.6,0.0,1470.3254571537136,R,2,0.0,0.0,0.0,1482.9574922085535,0.0,1483.6217725233018,0.0,1500.0,0.0,1500.0,0.0,1500.0
102118,Radomir Vasek,470.0,44.0,27.8,188.0,1484.7734682132557,R,1,0.0,0.0,0.0,1500.0,0.0,1483.706532738059,0.0,1500.0,0.0,1500.0,0.0,1500.0
103986,Radoslav Lukaev,455.0,58.0,23.4,0.0,1507.8609339517723,R,8,0.5,0.5,0.5,1497.126180599416,0.5,1507.6696561266738,0.0,1500.0,0.5,1500.6056152027545,0.0,1500.0
103923,Radoslaw Nijaki,890.0,8.0,21.4,0.0,1513.7796553992964,R,1,1.0,1.0,0.0,1500.0,1.0,1513.8098259024052,0.0,1500.0,0.0,1500.0,0.0,1500.0
105430,Radu Albot,138.0,424.0,34.7,175.0,1542.003840280266,R,251,0.41434262948207173,0.3,0.42138364779874216,1558.050873168519,0.4153846153846154,1508.7638299112537,0.3333333333333333,1421.3320135985907,0.6666666666666666,1517.4650431396653,0.0,1500.0
103171,Raemon Sluiter,866.0,23.0,31.1,185.0,1537.1538958762042,R,200,0.405,0.5,0.3950617283950617,1500.1748723615142,0.38333333333333336,1482.227001850362,0.475,1511.4580962430439,0.3684210526315789,1447.8059861035117,0.0,1500.0
108789,Rafa Orantes,9999.0,0.0,20.3,0.0,1466.4174284822848,R,2,0.0,0.0,0.0,1467.380688194244,0.0,1500.0,0.0,1500.0,0.0,1500.0,0.0,1500.0
104763,Rafael Arevalo,9999.0,0.0,30.0,180.0,1548.5710616562963,R,24,0.5833333333333334,0.6,0.5454545454545454,1529.4250574802536,0.6153846153846154,1538.2881827600174,0.0,1500.0,0.0,1500.0,0.0,1500.0
100754,Rafael Avalos Brenes,9999.0,0.0,39.6,0.0,1471.6304177441891,R,6,0.3333333333333333,0.3333333333333333,0.3333333333333333,1471.6304177441891,0.0,1500.0,0.0,1500.0,0.0,1500.0,0.0,1500.0
206768,Rafael Eduardo Gonzalez Retana,9999.0,0.0,18.0,0.0,1482.6801764184931,R,1,0.0,0.0,0.0,1483.4929065104354,0.0,1500.0,0.0,1500.0,0.0,1500.0,0.0,1500.0
104745,Rafael Nadal,154.0,380.0,38.4,185.0,1889.3379111001716,L,1276,0.8283699059561128,0.5,0.7789799072642968,1879.6843924330205,0.9032258064516129,2013.7594498578696,0.7978723404255319,1859.9350845137299,0.25,1452.3033056239233,0.0,1500.0
103807,Raimonds Sproga,9999.0,0.0,19.0,0.0,1500.736306793522,R,2,0.5,0.5,0.0,1500.0,1.0,1516.0,0.0,1500.0,0.0,1484.0,0.0,1500.0
104209,Rainer Eitzinger,263.0,140.0,24.8,178.0,1516.4134721852179,R,10,0.4,0.4,0.3333333333333333,1490.6883802044233,0.42857142857142855,1510.7649068125522,0.0,1500.0,0.0,1500.0,0.0,1500.0
102783,Rainer Schuettler,113.0,481.0,35.1,180.0,1520.855902684843,R,561,0.49732620320855614,0.3,0.5263157894736842,1461.0520893155106,0.3880597014925373,1374.8710938511995,0.5694444444444444,1587.1837739780565,0.5,1519.000216765498,0.0,1500.0
108743,Rajeev Rajapakse,9999.0,0.0,29.8,0.0,1473.8749495823567,U,2,0.0,0.0,0.0,1500.0,0.0,1469.3674876012287,0.0,1500.0,0.0,1500.0,0.0,1500.0
104330,Rajeev Ram,235.0,218.0,33.3,193.0,1540.594611865372,R,146,0.3835616438356164,0.4,0.32673267326732675,1484.3097074463176,0.4,1506.324980810213,0.5428571428571428,1539.3368491043707,0.0,1500.0,0.0,1500.0
103782,Rameez Junaid,334.0,117.0,29.0,0.0,1479.3077117733806,R,2,0.0,0.0,0.0,1494.0411228345633,0.0,1500.0,0.0,1483.7717048778889,0.0,1500.0,0.0,1500.0
108687,Rami Osman,9999.0,0.0,22.0,0.0,1467.0680245906747,U,2,0.0,0.0,0.0,1481.8772936502983,0.0,1484.0,0.0,1500.0,0.0,1500.0,0.0,1500.0
108596,Ramin Raziyani,9999.0,0.0,26.9,0.0,1511.810067038028,R,7,0.5714285714285714,0.5714285714285714,0.4,1484.7051443857388,1.0,1532.0,0.0,1500.0,0.0,1500.0,0.0,1500.0
106368,Ramkumar Ramanathan,332.0,153.0,29.8,188.0,1436.3391102479845,R,61,0.3770491803278688,0.3,0.28888888888888886,1351.2755258457987,0.0,1488.954542330402,0.6666666666666666,1582.167800093882,0.0,1500.0,0.0,1500.0
102887,Ramon Delgado,143.0,362.0,33.5,185.0,1601.2997952908909,R,108,0.49074074074074076,0.5,0.43478260869565216,1511.4486552486812,0.6666666666666666,1633.3493019720843,0.16666666666666666,1451.4047402474416,0.0,1500.0,0.0,1500.0
104615,Ranjeet Virali Murugesan,511.0,63.0,27.3,0.0,1468.4197582093789,U,2,0.0,0.0,0.0,1468.1782410210599,0.0,1500.0,0.0,1500.0,0.0,1500.0,0.0,1500.0
108614,Raoul Behr,9999.0,0.0,28.7,0.0,1408.5347475501248,U,7,0.0,0.0,0.0,1450.2145698985607,0.0,1453.5542928454233,0.0,1500.0,0.0,1500.0,0.0,1500.0
202335,Raphael Calzi,9999.0,0.0,25.5,180.0,1516.0,R,1,1.0,1.0,0.0,1500.0,0.0,1500.0,0.0,1500.0,0.0,1500.0,1.0,1516.0
209920,Raphael Collignon,164.0,358.0,22.7,191.0,1468.7171742170617,R,3,0.0,0.0,0.0,1465.2917755998953,0.0,1500.0,0.0,1500.0,0.0,1500.0,0.0,1500.0
104295,Raphael Durek,763.0,14.0,18.9,188.0,1488.3220748292642,R,1,0.0,0.0,0.0,1485.7277027994514,0.0,1500.0,0.0,1500.0,0.0,1500.0,0.0,1500.0
108735,Rares Cuzdriorean,9999.0,0.0,26.6,0.0,1422.084961814963,U,5,0.0,0.0,0.0,1438.650763559757,0.0,1486.782630505677,0.0,1500.0,0.0,1500.0,0.0,1500.0
108939,Rasid Winklaar,1299.0,3.0,19.1,0.0,1447.3702605513224,L,6,0.16666666666666666,0.16666666666666666,0.25,1475.5146553999884,0.0,1468.125166698975,0.0,1500.0,0.0,1500.0,0.0,1500.0
104059,Rasmus Norby,651.0,29.0,25.5,183.0,1473.7207423824855,R,4,0.25,0.25,0.3333333333333333,1482.9308603309844,0.0,1487.360539819975,0.0,1500.0,0.0,1500.0,0.0,1500.0
134840,Raul Brancaccio,336.0,142.0,24.0,185.0,1485.8365716526778,R,1,0.0,0.0,0.0,1500.0,0.0,1487.228726970054,0.0,1500.0,0.0,1500.0,0.0,1500.0
207881,Raul Garcia,9999.0,0.0,20.9,0.0,1483.2976275454928,U,1,0.0,0.0,0.0,1500.0,0.0,1500.0,0.0,1500.0,0.0,1500.0,0.0,1484.0
104071,Raven Klaasen,247.0,195.0,28.9,178.0,1520.9253324210326,R,12,0.5833333333333334,0.6,0.5555555555555556,1507.630701374141,0.0,1500.0,0.6666666666666666,1518.931083998477,0.0,1500.0,0.0,1500.0
144946,Rayane Roumane,431.0,78.0,19.0,193.0,1491.4345482044298,R,1,0.0,0.0,0.0,1486.6623920029929,0.0,1500.0,0.0,1500.0,0.0,1500.0,0.0,1500.0
106031,Raymond Sarmiento,705.0,26.0,27.0,178.0,1493.1567680104301,R,1,0.0,0.0,0.0,1490.6973522699257,0.0,1500.0,0.0,1500.0,0.0,1500.0,0.0,1500.0
108962,Razlan Rawi,9999.0,0.0,21.0,0.0,1460.234142191425,R,3,0.0,0.0,0.0,1458.420294163648,0.0,1500.0,0.0,1500.0,0.0,1500.0,0.0,1500.0
103009,Razvan Sabau,163.0,255.0,29.2,185.0,1391.9475923141606,R,48,0.2916666666666667,0.2,0.1111111111111111,1431.490487014018,0.3870967741935484,1431.714281905034,0.2,1454.3529008292337,0.0,1452.8326141128234,0.0,1500.0
105149,Reda El Amrani,667.0,38.0,28.8,185.0,1510.7323861357045,R,15,0.4666666666666667,0.5,0.0,1485.1110634425202,0.5454545454545454,1532.4833426281002,0.0,1500.0,0.3333333333333333,1486.6678467679674,0.0,1500.0
103045,Reginald Willems,224.0,156.0,22.5,180.0,1501.4695392142426,R,2,0.5,0.5,0.0,1500.0,0.5,1500.0,0.0,1500.0,0.0,1500.0,0.0,1500.0
124187,Reilly Opelka,309.0,167.0,27.0,211.0,1659.2103295066265,R,183,0.5136612021857924,0.3,0.5401459854014599,1667.0365966743843,0.45161290322580644,1585.0209059658098,0.4,1496.2055020457135,0.0,1500.0,0.0,1500.0
102702,Relja Fiser Dulic,370.0,74.0,25.5,0.0,1481.9753588046733,R,1,0.0,0.0,0.0,1500.0,0.0,1482.1260989361733,0.0,1500.0,0.0,1500.0,0.0,1500.0
200329,Remy Bertola,286.0,185.0,26.0,175.0,1515.732354478754,R,1,1.0,1.0,1.0,1516.0,0.0,1500.0,0.0,1500.0,0.0,1500.0,0.0,1500.0
101940,Rene Busch,9999.0,0.0,28.7,0.0,1499.263693206478,R,2,0.5,0.5,0.0,1500.0,0.5,1499.263693206478,0.0,1500.0,0.0,1500.0,0.0,1500.0
101746,Renzo Furlan,164.0,222.0,33.1,175.0,1423.5026722614127,R,18,0.2777777777777778,0.2,0.3,1455.2287364306214,0.25,1450.2969613425657,0.0,1500.0,0.0,1500.0,0.0,1500.0
105952,Renzo Olivo,179.0,347.0,29.9,178.0,1500.8754431253874,R,55,0.4,0.4,0.2222222222222222,1441.6982817089056,0.4444444444444444,1517.623076033393,0.0,1484.2007607727612,0.0,1500.0,0.0,1500.0
108700,Revaz Osadze,9999.0,0.0,17.5,0.0,1484.0,R,1,0.0,0.0,0.0,1500.0,0.0,1484.0,0.0,1500.0,0.0,1500.0,0.0,1500.0
144650,Rhett Purcell,922.0,13.0,23.5,191.0,1511.31870447975,R,1,1.0,1.0,1.0,1511.587243073434,0.0,1500.0,0.0,1500.0,0.0,1500.0,0.0,1500.0
105733,Rhyne Williams,220.0,221.0,23.7,185.0,1455.9225828546487,R,24,0.25,0.1,0.1875,1451.8066122442374,0.5,1503.6278539931693,0.0,1475.9864151753463,0.0,1500.0,0.0,1500.0
105575,Ricardas Berankis,248.0,238.0,33.6,175.0,1645.884172491922,R,278,0.46402877697841727,0.6,0.5215311004784688,1637.3358910217669,0.2857142857142857,1468.069785557983,0.24,1427.5530033086677,1.0,1515.9308366865546,1.0,1516.0
103905,Ricardo Chile Fonte,9999.0,0.0,23.5,0.0,1510.98326945662,U,13,0.5384615384615384,0.6,0.6666666666666666,1531.0683592276916,0.25,1471.8382367989768,0.0,1500.0,0.0,1500.0,0.0,1500.0
108916,Ricardo Gonzalez Diaz,9999.0,0.0,26.8,0.0,1466.2387288808534,R,4,0.25,0.25,0.25,1465.9414709255698,0.0,1500.0,0.0,1500.0,0.0,1500.0,0.0,1500.0
104550,Ricardo Hocevar,248.0,195.0,25.7,180.0,1440.403044150729,R,5,0.0,0.0,0.0,1493.2284011254353,0.0,1449.1589232731865,0.0,1500.0,0.0,1500.0,0.0,1500.0
103672,Ricardo Mello,346.0,121.0,32.1,175.0,1456.7243086218368,L,151,0.37748344370860926,0.2,0.3855421686746988,1432.3266126660965,0.43636363636363634,1505.6588837516597,0.1111111111111111,1420.5125191248612,0.0,1442.407853929056,0.0,1500.0
101979,Ricardo Mena,9999.0,0.0,36.4,0.0,1499.7983038723332,R,2,0.5,0.5,1.0,1517.0443456929493,0.0,1484.0,0.0,1500.0,0.0,1500.0,0.0,1500.0
106120,Ricardo Ojeda Lara,206.0,287.0,25.2,180.0,1528.2202072994826,R,6,0.5,0.5,0.6666666666666666,1527.6565907567867,0.3333333333333333,1500.6729180711,0.0,1500.0,0.0,1500.0,0.0,1500.0
106175,Ricardo Rodriguez,591.0,53.0,28.3,189.0,1592.1079973545466,R,31,0.6774193548387096,0.6,0.7391304347826086,1611.8169196966305,0.5,1509.5449923561894,0.0,1500.0,0.0,1500.0,0.0,1500.0
105821,Riccardo Bellotti,204.0,261.0,25.7,0.0,1481.803854658312,R,1,0.0,0.0,0.0,1500.0,0.0,1480.1228594745326,0.0,1500.0,0.0,1500.0,0.0,1500.0
109686,Riccardo Bonadio,181.0,325.0,29.7,180.0,1495.2503540785005,R,3,0.3333333333333333,0.3333333333333333,0.0,1500.0,0.3333333333333333,1489.9302804537995,0.0,1500.0,0.0,1500.0,0.0,1500.0
104644,Riccardo Ghedin,319.0,134.0,27.5,188.0,1467.5795613698438,R,3,0.0,0.0,0.0,1485.7765941499079,0.0,1500.0,0.0,1471.0542967608567,0.0,1500.0,0.0,1500.0
104171,Richard Bloomfield,332.0,127.0,28.1,185.0,1465.4235129396488,R,16,0.25,0.3,0.0,1476.980999660785,0.0,1500.0,0.2857142857142857,1453.6427098817014,0.0,1500.0,0.0,1500.0
101735,Richard Fromberg,296.0,109.0,31.7,196.0,1414.416046575524,R,51,0.39215686274509803,0.2,0.46153846153846156,1483.614707997879,0.2857142857142857,1410.7986589720745,0.5,1499.904374631401,0.0,1500.0,0.0,1500.0
104755,Richard Gasquet,133.0,445.0,38.3,183.0,1504.420083018247,R,976,0.6055327868852459,0.2,0.6020942408376964,1545.8415266440145,0.5970695970695971,1503.4848619402758,0.6491228070175439,1591.0384051028177,0.5625,1559.3294259551603,0.0,1500.0
101990,Richard Krajicek,72.0,600.0,31.5,196.0,1639.5032437305704,R,74,0.5945945945945946,0.4,0.5555555555555556,1559.5738934141345,0.6428571428571429,1554.8743105797055,0.631578947368421,1563.4882368889387,0.6,1518.334721492067,0.0,1500.0
101191,Richey Reneberg,204.0,165.0,34.3,180.0,1501.7822511639883,R,2,0.5,0.5,0.5,1501.7890484272093,0.0,1500.0,0.0,1500.0,0.0,1500.0,0.0,1500.0
144751,Rigele Te,636.0,48.0,26.9,188.0,1487.2182112396818,R,5,0.4,0.4,0.0,1465.9429929997416,1.0,1528.8826896064477,0.0,1500.0,0.0,1500.0,0.0,1484.0
108987,Rihards Emulins,9999.0,0.0,19.8,0.0,1483.2682280787944,R,1,0.0,0.0,0.0,1500.0,0.0,1500.0,0.0,1500.0,0.0,1484.00323203863,0.0,1500.0
103573,Rik De Voest,261.0,176.0,33.8,180.0,1458.0151045521816,R,85,0.36470588235294116,0.3,0.4,1466.1556057850119,0.2222222222222222,1443.9781626969834,0.2727272727272727,1450.257331268838,0.0,1500.0,0.0,1500.0
208014,Rinky Hijikata,78.0,718.0,23.6,178.0,1579.6758684952902,R,61,0.4098360655737705,0.5,0.42857142857142855,1585.3717654117502,0.16666666666666666,1461.7713236237464,0.46153846153846156,1482.6375961906838,0.0,1500.0,0.0,1500.0
200677,Rio Noguchi,291.0,167.0,23.7,168.0,1507.7208161301992,R,2,0.5,0.5,0.5,1504.6220515022346,0.0,1500.0,0.0,1500.0,0.0,1500.0,0.0,1500.0
102873,Rob Cheyne,939.0,7.0,26.4,0.0,1504.7524055045894,R,2,0.5,0.5,1.0,1517.406754461681,0.0,1500.0,0.0,1488.3238592776183,0.0,1500.0,0.0,1500.0
103510,Rob Steckley,616.0,31.0,26.1,0.0,1485.6387970397604,R,3,0.3333333333333333,0.3333333333333333,0.0,1486.0131378955648,0.5,1500.3328558316975,0.0,1500.0,0.0,1500.0,0.0,1500.0
101937,Robbie Koenig,9999.0,0.0,30.2,173.0,1479.9932412334451,R,1,0.0,0.0,0.0,1484.2360256178474,0.0,1500.0,0.0,1500.0,0.0,1500.0,0.0,1500.0
104068,Robby Ginepri,204.0,242.0,31.8,183.0,1574.7342749064455,R,387,0.48320413436692505,0.3,0.5145985401459854,1519.2489113300921,0.2857142857142857,1493.6383681696539,0.4897959183673469,1479.2894645586102,0.5333333333333333,1538.1368619441978,0.0,1500.0
104857,Robert Farah,9999.0,0.0,27.1,193.0,1486.26943496708,R,13,0.3076923076923077,0.4,0.0,1457.3413607584773,0.4,1512.9734725487842,0.0,1500.0,0.0,1500.0,0.0,1500.0
103470,Robert Kendrick,546.0,50.0,32.2,190.0,1472.8733250112978,R,112,0.3125,0.2,0.35365853658536583,1506.1724180267506,0.16666666666666666,1418.4166264220935,0.2222222222222222,1414.4753524446874,0.0,1500.0,0.0,1500.0
102963,Robert Lindstedt,9999.0,0.0,30.0,190.0,1492.5016994640123,R,1,0.0,0.0,0.0,1500.0,0.0,1500.0,0.0,1500.0,0.0,1484.7712944658497,0.0,1500.0
104635,Robert Smeets,168.0,255.0,22.8,188.0,1460.511926145039,L,9,0.1111111111111111,0.1111111111111111,0.125,1456.02359871406,0.0,1492.5727740778136,0.0,1500.0,0.0,1500.0,0.0,1500.0
207669,Robert Strombachs,346.0,146.0,24.3,191.0,1508.2379901703594,R,7,0.5714285714285714,0.5714285714285714,0.6666666666666666,1523.268114990419,0.0,1500.0,0.0,1500.0,0.0,1500.0,0.0,1484.0
104508,Robert Yim,802.0,12.0,18.4,0.0,1483.9668121511716,L,2,0.0,0.0,0.0,1480.7162247795109,0.0,1500.0,0.0,1500.0,0.0,1500.0,0.0,1500.0
105138,Roberto Bautista Agut,47.0,1151.0,36.5,183.0,1728.0378089456003,R,666,0.6096096096096096,0.6,0.611764705882353,1661.5581264871041,0.5730994152046783,1614.475507051453,0.6857142857142857,1698.0015176588172,0.0,1500.0,0.0,1500.0
106148,Roberto Carballes Baena,56.0,981.0,31.6,183.0,1638.0410294751287,R,256,0.44140625,0.4,0.36363636363636365,1549.1973447331366,0.5,1608.5265850984329,0.23529411764705882,1431.2060419642537,0.0,1500.0,0.0,1500.0
102650,Roberto Carretero,1236.0,2.0,26.0,178.0,1496.0090560218064,R,4,0.5,0.5,0.0,1500.0,0.5,1497.7506400951818,0.0,1500.0,0.0,1500.0,0.0,1500.0
106232,Roberto Cid,281.0,203.0,28.0,193.0,1424.745343529092,R,15,0.26666666666666666,0.2,0.3333333333333333,1450.9752246168136,0.16666666666666666,1449.7346957421587,0.0,1500.0,0.0,1500.0,0.0,1500.0
105406,Roberto Marcora,208.0,320.0,32.0,193.0,1519.0695719279172,R,7,0.42857142857142855,0.42857142857142855,0.5,1517.44372750387,0.0,1482.6056399470344,0.0,1500.0,0.0,1500.0,0.0,1500.0
105261,Roberto Maytin,1084.0,6.0,18.5,0.0,1484.7611698558362,R,1,0.0,0.0,0.0,1484.0,0.0,1500.0,0.0,1500.0,0.0,1500.0,0.0,1500.0
105751,Roberto Ortega Olmedo,310.0,157.0,25.0,168.0,1490.0994686791937,R,1,0.0,0.0,0.0,1500.0,0.0,1487.1991833798672,0.0,1500.0,0.0,1500.0,0.0,1500.0
105933,Roberto Quiroz,260.0,190.0,30.5,193.0,1491.020955373156,L,21,0.42857142857142855,0.4,0.3333333333333333,1469.764217306174,0.625,1542.264088543569,0.0,1480.7898168539766,0.0,1500.0,0.0,1500.0
104898,Robin Haase,1199.0,7.0,37.3,191.0,1601.7412572073808,R,495,0.4585858585858586,0.4,0.4444444444444444,1605.295500469012,0.5,1528.3004905001897,0.4,1520.3278645381158,0.5,1501.8052178206647,0.0,1500.0
106246,Robin Kern,392.0,98.0,19.7,188.0,1468.183840905596,R,3,0.0,0.0,0.0,1500.0,0.0,1467.8206098286769,0.0,1500.0,0.0,1500.0,0.0,1500.0
105104,Robin Roshardt,588.0,37.0,20.3,0.0,1472.93904402447,R,2,0.0,0.0,0.0,1500.0,0.0,1473.0012588794157,0.0,1500.0,0.0,1500.0,0.0,1500.0
104417,Robin Soderling,5.0,4325.0,26.9,193.0,2046.8281893955848,R,470,0.6510638297872341,0.8,0.6553030303030303,1974.614194823382,0.6296296296296297,1943.118585241576,0.6046511627906976,1671.591209916934,0.7857142857142857,1675.5230117545457,0.0,1500.0
103503,Robin Vik,378.0,154.0,29.2,183.0,1450.2167210266948,R,57,0.3333333333333333,0.2,0.2857142857142857,1477.4601331596182,0.36363636363636365,1488.4398801084953,0.2,1461.858681209523,0.4444444444444444,1495.946131637388,0.0,1500.0
103250,Rodolphe Cadart,9999.0,0.0,29.2,183.0,1469.3627425254306,L,7,0.2857142857142857,0.2857142857142857,0.5,1508.4012818787146,0.0,1483.1012965976179,0.0,1481.027762073552,0.0,1487.665195549422,0.0,1500.0
127570,Rodrigo Arus,9999.0,0.0,22.9,0.0,1488.594947868967,U,3,0.3333333333333333,0.3333333333333333,0.5,1505.4920091849194,0.0,1481.928052989576,0.0,1500.0,0.0,1500.0,0.0,1500.0
123965,Rodrigo Banzer,9999.0,0.0,20.0,0.0,1498.5877379386886,R,2,0.5,0.5,1.0,1513.1962605296792,0.0,1485.461558739955,0.0,1500.0,0.0,1500.0,0.0,1500.0
209869,Rodrigo Crespo Piedra,9999.0,0.0,22.6,0.0,1466.9729108004788,R,2,0.0,0.0,0.0,1466.7874801876446,0.0,1500.0,0.0,1500.0,0.0,1500.0,0.0,1500.0
108629,Rodrigo Gabriel,9999.0,0.0,18.1,0.0,1468.274669508612,U,2,0.0,0.0,0.0,1467.9471271495356,0.0,1500.0,0.0,1500.0,0.0,1500.0,0.0,1500.0
210202,Rodrigo Pacheco Mendez,444.0,97.0,19.3,188.0,1467.4362849379938,L,6,0.16666666666666666,0.16666666666666666,0.0,1436.2527108126749,1.0,1516.0,0.0,1500.0,0.0,1500.0,0.0,1500.0
108744,Rodrigo Rappaccioli,9999.0,0.0,19.7,0.0,1515.1839511029596,U,1,1.0,1.0,0.0,1500.0,1.0,1515.1932685519591,0.0,1500.0,0.0,1500.0,0.0,1500.0
122687,Rodrigo Senattore,1026.0,11.0,20.6,0.0,1491.1498614541447,U,3,0.3333333333333333,0.3333333333333333,0.3333333333333333,1488.3094167185325,0.0,1500.0,0.0,1500.0,0.0,1500.0,0.0,1500.0
108634,Rodrigo Vallejo,9999.0,0.0,27.0,0.0,1485.9243195475935,U,1,0.0,0.0,0.0,1500.0,0.0,1486.6733050332073,0.0,1500.0,0.0,1500.0,0.0,1500.0
208317,Roey Tabet,9999.0,0.0,19.7,0.0,1484.0,R,1,0.0,0.0,0.0,1500.0,0.0,1484.0,0.0,1500.0,0.0,1500.0,0.0,1500.0
125781,Rogelio Siller,9999.0,0.0,17.7,0.0,1514.4095266408544,R,1,1.0,1.0,1.0,1516.0,0.0,1500.0,0.0,1500.0,0.0,1500.0,0.0,1500.0
103819,Roger Federer,8.0,4815.0,39.8,185.0,2045.1798877792874,R,1470,0.826530612244898,0.7,0.8370044052863436,2052.4951332226424,0.7735191637630662,1956.532494848784,0.875,1955.147156972323,0.7457627118644068,1754.6096062265253,0.0,1500.0
100997,Roger Smith,9999.0,0.0,36.4,185.0,1482.5304984710244,R,1,0.0,0.0,0.0,1483.263693206478,0.0,1500.0,0.0,1500.0,0.0,1500.0,0.0,1500.0
104297,Rogerio Dutra Silva,138.0,407.0,35.0,178.0,1470.501135008179,R,91,0.2967032967032967,0.3,0.25925925925925924,1462.9164818861182,0.3389830508474576,1469.4893539660102,0.0,1429.8887301951077,0.0,1500.0,0.0,1500.0
102836,Rogier Wassen,542.0,35.0,28.1,190.0,1463.2625256928297,R,8,0.25,0.25,0.5,1499.4102741279812,0.2,1468.4218647765388,0.0,1485.4679531599375,0.0,1500.0,0.0,1500.0
103523,Rohan Bopanna,9999.0,0.0,36.3,193.0,1488.1384316334788,R,46,0.32608695652173914,0.3,0.2222222222222222,1412.8424416404027,1.0,1516.0,0.4444444444444444,1499.7837374094922,0.0,1500.0,0.0,1500.0
104582,Rok Jarc,547.0,41.0,20.7,0.0,1512.3231848609812,R,3,0.6666666666666666,0.6666666666666666,1.0,1516.0,0.5,1499.18816780839,0.0,1500.0,0.0,1500.0,0.0,1500.0
104056,Roko Karanusic,131.0,465.0,27.0,183.0,1416.450065110326,R,54,0.24074074074074073,0.2,0.27586206896551724,1427.5858361154085,0.09090909090909091,1416.5936045861447,0.3333333333333333,1468.3211303014846,0.0,1484.5371060533876,0.0,1500.0
102549,Rolandas Murashka,9999.0,0.0,25.3,0.0,1498.5273327471905,R,4,0.5,0.5,0.5,1498.5273327471905,0.0,1500.0,0.0,1500.0,0.5,1500.0,0.0,1500.0
108598,Rolando Ruel,9999.0,0.0,25.0,0.0,1453.9239850647405,U,3,0.0,0.0,0.0,1484.736306793522,0.0,1468.0,0.0,1500.0,0.0,1500.0,0.0,1500.0
106033,Romain Arneodo,9999.0,0.0,32.0,175.0,1538.9089949247327,R,9,0.6666666666666666,0.6666666666666666,0.6,1505.45459439424,0.75,1535.3467926117678,0.0,1500.0,0.0,1500.0,0.0,1500.0
122279,Romain Bogaerts,1149.0,6.0,19.6,0.0,1487.8411121990348,U,1,0.0,0.0,0.0,1485.2931670688076,0.0,1500.0,0.0,1500.0,0.0,1500.0,0.0,1500.0
104579,Romain Jouan,230.0,215.0,26.1,183.0,1498.4969579973533,R,5,0.2,0.2,0.25,1497.1223541416505,0.0,1492.6761140089693,0.0,1500.0,0.0,1500.0,0.0,1500.0
108771,Romain Radwan,9999.0,0.0,29.0,0.0,1484.0,L,1,0.0,0.0,0.0,1484.0,0.0,1500.0,0.0,1500.0,0.0,1500.0,0.0,1500.0
208882,Roman Andres Burruchaga,144.0,431.0,22.3,183.0,1489.0005641376838,R,4,0.25,0.25,0.0,1500.0,0.25,1491.412864673567,0.0,1500.0,0.0,1500.0,0.0,1500.0
103969,Roman Borvanov,252.0,186.0,29.8,183.0,1474.7141122243215,R,2,0.0,0.0,0.0,1473.9306923627068,0.0,1500.0,0.0,1500.0,0.0,1500.0,0.0,1500.0
122236,Roman Hassanov,707.0,29.0,21.3,0.0,1484.0,R,1,0.0,0.0,0.0,1484.0,0.0,1500.0,0.0,1500.0,0.0,1500.0,0.0,1500.0
108695,Roman Margoulis,9999.0,0.0,20.1,0.0,1467.094859568393,R,2,0.0,0.0,0.0,1470.3107537346257,0.0,1500.0,0.0,1500.0,0.0,1500.0,0.0,1500.0
104942,Roman Recarte,600.0,37.0,24.0,0.0,1500.214293302841,U,6,0.5,0.5,0.5,1500.7551539787253,0.5,1496.617253440402,0.0,1500.0,0.0,1500.0,0.0,1500.0
126128,Roman Safiullin,60.0,898.0,27.2,185.0,1669.5262414678723,R,105,0.4666666666666667,0.5,0.4583333333333333,1634.852692814906,0.45,1547.1856452434033,0.5384615384615384,1535.37651028982,0.0,1500.0,0.0,1500.0
104211,Roman Valent,1088.0,7.0,26.2,183.0,1489.3861312122797,R,1,0.0,0.0,0.0,1486.0370769189512,0.0,1500.0,0.0,1500.0,0.0,1500.0,0.0,1500.0
104519,Roman Vogeli,638.0,30.0,21.3,0.0,1483.9847032183593,R,1,0.0,0.0,0.0,1500.0,0.0,1484.094606123866,0.0,1500.0,0.0,1500.0,0.0,1500.0
108693,Romano Tatuhey,9999.0,0.0,24.1,0.0,1529.923986910012,U,4,0.75,0.75,0.75,1530.8324288989597,0.0,1500.0,0.0,1500.0,0.0,1500.0,0.0,1500.0
101086,Ronald Agenor,178.0,207.0,36.7,180.0,1358.8865797272674,R,25,0.24,0.1,0.2727272727272727,1440.4214512204187,0.25,1421.5174431429382,0.0,1469.4387739660467,0.0,1500.0,0.0,1500.0
103334,Ronaldo Carvalho,435.0,56.0,25.5,0.0,1482.2237535041108,R,1,0.0,0.0,0.0,1500.0,0.0,1484.4749937112676,0.0,1500.0,0.0,1500.0,0.0,1500.0
104504,Ross Hutchins,9999.0,0.0,23.9,190.0,1485.7167246795666,R,1,0.0,0.0,0.0,1484.1613001226442,0.0,1500.0,0.0,1500.0,0.0,1500.0,0.0,1500.0
104236,Rouzbeh Kamran,1793.0,1.0,27.8,0.0,1482.3551274453966,U,3,0.3333333333333333,0.3333333333333333,0.0,1469.1043324574252,1.0,1516.0,0.0,1500.0,0.0,1500.0,0.0,1500.0
202120,Rowland Phillips,9999.0,0.0,30.0,0.0,1462.8545833304065,R,7,0.2857142857142857,0.2857142857142857,0.0,1461.3831816496645,0.3333333333333333,1485.9002287235269,0.0,1500.0,0.0,1500.0,1.0,1516.0
105434,Ruan Roelofse,787.0,25.0,31.8,188.0,1457.243286184522,R,10,0.3,0.3,0.3333333333333333,1461.9522244032921,0.0,1485.9230322274282,0.0,1500.0,0.0,1500.0,0.0,1500.0
105074,Ruben Bemelmans,221.0,299.0,33.6,183.0,1519.8800175587949,L,88,0.3068181818181818,0.2,0.2982456140350877,1464.4055737848698,0.36363636363636365,1478.9662942513014,0.3,1465.643561601155,0.0,1500.0,0.0,1500.0
104604,Ruben Gonzales,925.0,14.0,31.3,0.0,1542.3963123604196,R,13,0.6153846153846154,0.7,0.25,1479.7206291362038,0.7777777777777778,1569.2771083604014,0.0,1500.0,0.0,1500.0,0.0,1500.0
103105,Ruben Ramirez Hidalgo,165.0,337.0,36.2,183.0,1390.5179956212492,R,198,0.3383838383838384,0.2,0.19444444444444445,1401.7518735730519,0.39473684210526316,1398.9873777233204,0.0,1401.5097149946823,0.0,1471.5249780110776,0.0,1500.0
103719,Ruben Torres,9999.0,0.0,18.9,0.0,1484.0,R,1,0.0,0.0,0.0,1500.0,0.0,1484.0,0.0,1500.0,0.0,1500.0,0.0,1500.0
200484,Rudolf Molleker,197.0,309.0,23.7,188.0,1489.0651111119078,R,18,0.2777777777777778,0.2,0.0,1492.6717122521875,0.3333333333333333,1479.3529613423916,0.2,1466.3541976962958,0.0,1500.0,0.0,1500.0
144854,Rudolfs Mednis,1544.0,2.0,19.0,0.0,1451.8120484494696,U,3,0.0,0.0,0.0,1451.7560637681368,0.0,1500.0,0.0,1500.0,0.0,1500.0,0.0,1500.0
104349,Rui Machado,254.0,188.0,31.4,178.0,1477.633939341886,R,81,0.345679012345679,0.5,0.21739130434782608,1435.5993940641738,0.41818181818181815,1454.4776950543285,0.0,1483.9058361480897,0.0,1467.4201348552751,0.0,1500.0
118591,Russell Moseley,9999.0,0.0,30.2,0.0,1468.0980273053203,U,2,0.0,0.0,0.0,1468.736306793522,0.0,1500.0,0.0,1500.0,0.0,1500.0,0.0,1500.0
105992,Ryan Harrison,481.0,73.0,28.6,185.0,1589.2571442895742,R,270,0.4185185185185185,0.3,0.4484536082474227,1583.917428084171,0.34146341463414637,1471.9197293241566,0.34285714285714286,1418.058787859688,0.0,1500.0,0.0,1500.0
104444,Ryan Henry,578.0,30.0,18.2,183.0,1480.5332534501063,R,1,0.0,0.0,0.0,1481.662118735619,0.0,1500.0,0.0,1500.0,0.0,1500.0,0.0,1500.0
126106,Ryan Peniston,268.0,207.0,27.6,180.0,1541.9217057585597,L,13,0.46153846153846156,0.4,0.0,1480.165652554652,0.0,1500.0,0.5,1503.2050151798992,0.0,1500.0,0.0,1500.0
104210,Ryan Russell,9999.0,0.0,23.7,0.0,1525.9817281538271,L,10,0.6,0.6,0.6666666666666666,1541.3548863255244,0.0,1484.3987240700637,0.0,1500.0,0.0,1500.0,0.0,1500.0
126152,Ryan Shane,1410.0,3.0,21.3,193.0,1494.304660431848,R,1,0.0,0.0,0.0,1493.1143646583816,0.0,1500.0,0.0,1500.0,0.0,1500.0,0.0,1500.0
104976,Ryan Sweeting,156.0,347.0,25.5,196.0,1594.4139164800172,R,90,0.36666666666666664,0.4,0.3484848484848485,1516.6882676289936,0.5333333333333333,1557.6500496761932,0.2222222222222222,1466.2920683658265,0.0,1500.0,0.0,1500.0
104281,Ryler Deheart,270.0,168.0,26.7,183.0,1496.952286713469,L,5,0.2,0.2,0.2,1493.0608206466104,0.0,1500.0,0.0,1500.0,0.0,1500.0,0.0,1500.0
208182,Saba Purtseladze,427.0,103.0,23.0,191.0,1501.2808154477948,R,4,0.5,0.5,0.3333333333333333,1488.0152397273534,0.0,1500.0,0.0,1500.0,0.0,1500.0,1.0,1515.263693206478
108605,Sacha Thoma,9999.0,0.0,21.6,0.0,1483.263693206478,U,1,0.0,0.0,0.0,1500.0,0.0,1484.0,0.0,1500.0,0.0,1500.0,0.0,1500.0
108928,Saeid Ahmadvand,9999.0,0.0,28.0,0.0,1515.263693206478,L,1,1.0,1.0,0.0,1500.0,1.0,1516.0,0.0,1500.0,0.0,1500.0,0.0,1500.0
105031,Saketh Myneni,192.0,287.0,29.2,193.0,1489.196971656825,R,4,0.25,0.25,0.25,1481.753570415531,0.0,1500.0,0.0,1500.0,0.0,1500.0,0.0,1500.0
104842,Salifu Mohammed,719.0,20.0,18.5,0.0,1462.5029073023754,R,7,0.2857142857142857,0.2857142857142857,0.2,1460.609539850945,0.5,1500.736306793522,0.0,1500.0,0.0,1500.0,0.0,1500.0
144772,Salvador Andres Bolanos,9999.0,0.0,15.8,0.0,1465.3354301963725,U,2,0.0,0.0,0.0,1482.562770781135,0.0,1483.1420399074066,0.0,1500.0,0.0,1500.0,0.0,1500.0
102910,Salvador Navarro,209.0,179.0,27.2,180.0,1500.8290081989655,R,5,0.4,0.4,0.0,1500.0,0.4,1497.3938285879156,0.0,1500.0,0.0,1500.0,0.0,1500.0
106099,Salvatore Caruso,146.0,458.0,29.0,185.0,1448.183170314004,R,62,0.3064516129032258,0.1,0.34375,1491.2818470623024,0.3076923076923077,1440.7515685178832,0.0,1459.8931863939815,0.0,1500.0,0.0,1500.0
105909,Sam Barry,425.0,96.0,23.4,0.0,1422.534333298017,R,9,0.2222222222222222,0.2222222222222222,0.14285714285714285,1427.7596403403588,0.0,1483.8669951563647,0.0,1500.0,1.0,1516.7403740181533,0.0,1500.0
105032,Sam Groth,201.0,262.0,29.7,193.0,1539.6946348589595,R,97,0.3711340206185567,0.2,0.3230769230769231,1441.679340017619,0.2,1490.3735021930395,0.5185185185185185,1541.1970618243836,0.0,1500.0,0.0,1500.0
105023,Sam Querrey,287.0,172.0,34.8,198.0,1554.1695936312342,R,695,0.5323741007194245,0.3,0.5394736842105263,1484.676249872718,0.4224137931034483,1553.9815165581617,0.6198347107438017,1625.622590574449,0.0,1478.7626094393515,0.0,1500.0
200589,Sam Riffice,542.0,63.0,22.4,188.0,1493.6230487551131,R,1,0.0,0.0,0.0,1493.322328887978,0.0,1500.0,0.0,1500.0,0.0,1500.0,0.0,1500.0
104173,Sam Warburg,169.0,255.0,25.3,190.0,1477.9497456724107,R,14,0.2857142857142857,0.2,0.3076923076923077,1460.069436024567,0.0,1500.0,0.0,1487.653923677813,0.0,1500.0,0.0,1500.0
108759,Sami Ghorbel,9999.0,0.0,19.1,0.0,1482.864780922028,R,1,0.0,0.0,0.0,1482.6667297573356,0.0,1500.0,0.0,1500.0,0.0,1500.0,0.0,1500.0
108766,Samir Iftikhar,9999.0,0.0,23.4,0.0,1457.9732104203542,R,5,0.2,0.2,0.25,1467.9916249626647,0.0,1485.446543639787,0.0,1500.0,0.0,1500.0,0.0,1500.0
108622,Samir Saadeldin,9999.0,0.0,24.3,0.0,1486.5810660709542,U,3,0.3333333333333333,0.3333333333333333,0.3333333333333333,1486.778250907237,0.0,1500.0,0.0,1500.0,0.0,1500.0,0.0,1500.0
108643,Samuel Fumi,9999.0,0.0,20.5,0.0,1484.0,U,1,0.0,0.0,0.0,1500.0,0.0,1484.0,0.0,1500.0,0.0,1500.0,0.0,1500.0
105072,Sanam Singh,371.0,115.0,26.2,173.0,1490.3365352811381,R,4,0.25,0.25,0.3333333333333333,1497.436573830616,0.0,1484.5633846866742,0.0,1500.0,0.0,1500.0,0.0,1500.0
103920,Sanchai Ratiwatana,1417.0,1.0,28.6,175.0,1472.8518791031804,R,9,0.3333333333333333,0.3333333333333333,0.5,1498.365774677968,0.0,1479.2836751186692,0.0,1500.0,0.0,1484.0,0.0,1500.0
108651,Sandor Martinez Breijo,9999.0,0.0,26.0,0.0,1455.7156373919709,R,9,0.3333333333333333,0.3333333333333333,0.5,1496.0595025514192,0.0,1454.7381138812364,0.0,1500.0,0.0,1500.0,0.0,1500.0
105757,Sandro Ehrat,408.0,101.0,30.2,180.0,1442.5765329341623,R,6,0.16666666666666666,0.16666666666666666,0.0,1483.3734679852778,0.2,1453.448826932616,0.0,1500.0,0.0,1500.0,0.0,1500.0
122109,Sanjar Fayziev,510.0,62.0,27.5,188.0,1416.1549912721619,R,15,0.13333333333333333,0.2,0.1,1423.0575037697736,0.3333333333333333,1484.2856981359016,0.0,1474.0665383476428,0.0,1500.0,0.0,1500.0
144973,Santiago Fa Rodriguez Taverna,201.0,287.0,22.8,191.0,1496.9347546802055,R,1,0.0,0.0,0.0,1500.0,0.0,1489.6715565179943,0.0,1500.0,0.0,1500.0,0.0,1500.0
105053,Santiago Giraldo,292.0,140.0,32.2,188.0,1507.2509823656185,R,358,0.4441340782122905,0.2,0.3790849673202614,1451.9682740962323,0.5086705202312138,1541.2915178482062,0.43333333333333335,1478.9060596036954,0.0,1472.5621558197038,0.0,1500.0
104136,Santiago Gonzalez,9999.0,0.0,29.0,191.0,1489.6485401348039,R,22,0.4090909090909091,0.3,0.75,1530.4326878841455,0.4,1504.294353283658,0.0,1481.8222508637753,0.0,1470.1001797682854,0.0,1500.0
124063,Santiago Maresca,1539.0,3.0,21.4,0.0,1490.1650455217357,U,5,0.4,0.4,0.5,1503.7218376666262,0.0,1486.1225795135779,0.0,1500.0,0.0,1500.0,0.0,1500.0
103490,Santiago Ventura,139.0,378.0,30.7,183.0,1436.9712706544458,R,94,0.39361702127659576,0.2,0.09090909090909091,1407.4455117767002,0.47368421052631576,1500.0418514033984,0.0,1403.8056340963892,0.0,1500.0,0.0,1500.0
102227,Sargis Sargsian,391.0,74.0,32.7,180.0,1501.7892678085848,R,216,0.41203703703703703,0.1,0.411214953271028,1508.1609568025701,0.3870967741935484,1471.473267378562,0.35714285714285715,1433.3716022005538,0.5789473684210527,1543.4627984488748,0.0,1500.0
124126,Sarp Agabigun,867.0,17.0,20.6,178.0,1516.0,R,1,1.0,1.0,1.0,1516.0,0.0,1500.0,0.0,1500.0,0.0,1500.0,0.0,1500.0
104479,Sarvar Ikramov,554.0,50.0,28.0,0.0,1472.9804599741092,R,8,0.375,0.375,0.3333333333333333,1469.425884624664,0.5,1500.0278220290659,0.0,1500.0,0.0,1500.0,0.0,1500.0
104182,Sasa Tuksar,166.0,253.0,23.0,180.0,1420.2728089292004,R,8,0.0,0.0,0.0,1500.0,0.0,1445.3834283607082,0.0,1500.0,0.0,1448.4104023018524,0.0,1500.0
104595,Sascha Kloer,495.0,100.0,23.7,0.0,1493.9969855463698,R,1,0.0,0.0,0.0,1500.0,0.0,1491.417513241323,0.0,1500.0,0.0,1500.0,0.0,1500.0
124154,Sasi Kumar Mukund,356.0,140.0,26.5,185.0,1457.8104001891709,R,3,0.0,0.0,0.0,1470.004129132481,0.0,1500.0,0.0,1484.0,0.0,1500.0,0.0,1500.0
102667,Satoshi Iwabuchi,339.0,103.0,32.9,175.0,1449.4562953366649,L,14,0.2857142857142857,0.3,0.23076923076923078,1422.8257718803413,0.0,1500.0,1.0,1521.695483988557,0.0,1500.0,0.0,1500.0
102444,Scott Barron,336.0,87.0,26.8,0.0,1514.368838850938,R,3,0.6666666666666666,0.6666666666666666,0.0,1500.0,1.0,1529.9226250533595,0.0,1500.0,0.0,1484.736306793522,0.0,1500.0
102401,Scott Draper,787.0,16.0,31.0,178.0,1502.6228167587028,L,56,0.32142857142857145,0.4,0.4,1532.0865578646092,0.0,1419.5943764436204,0.3076923076923077,1432.0720098286286,0.0,1500.0,0.0,1500.0
105691,Scott Griekspoor,224.0,254.0,27.6,0.0,1497.660881578291,R,1,0.0,0.0,0.0,1497.1664216201013,0.0,1500.0,0.0,1500.0,0.0,1500.0,0.0,1500.0
102795,Scott Humphries,615.0,23.0,24.2,185.0,1448.2142884165885,R,4,0.0,0.0,0.0,1458.5295410323356,0.0,1487.109074429035,0.0,1500.0,0.0,1500.0,0.0,1500.0
103822,Scott Lipsky,1004.0,8.0,26.8,185.0,1480.9041197709644,R,1,0.0,0.0,0.0,1500.0,0.0,1500.0,0.0,1484.0562106948425,0.0,1500.0,0.0,1500.0
104760,Scott Oudsema,261.0,151.0,20.6,190.0,1479.9883515905944,R,5,0.2,0.2,0.25,1489.9859361954013,0.0,1500.0,0.0,1486.535288268732,0.0,1500.0,0.0,1500.0
102496,Scott Willinsky,9999.0,0.0,31.1,0.0,1429.1739230090723,R,7,0.14285714285714285,0.14285714285714285,0.2,1458.363515253895,0.0,1468.4876715688758,0.0,1500.0,0.0,1500.0,0.0,1500.0
104812,Scoville Jenkins,202.0,383.0,22.5,188.0,1462.0844277276094,R,21,0.2857142857142857,0.3,0.21428571428571427,1449.676106687245,0.4,1487.7771175330815,0.5,1502.7439594887537,0.0,1500.0,0.0,1500.0
108600,Sean Cooper,1334.0,1.0,23.7,0.0,1500.6261788051027,U,2,0.5,0.5,1.0,1516.0,0.0,1484.736306793522,0.0,1500.0,0.0,1500.0,0.0,1500.0
101638,Sean Karam,9999.0,0.0,33.0,0.0,1484.6406670511933,R,1,0.0,0.0,0.0,1500.0,0.0,1484.0,0.0,1500.0,0.0,1500.0,0.0,1500.0
108786,Seanon Williams,9999.0,0.0,25.9,0.0,1404.0237990899184,R,10,0.1,0.1,0.16666666666666666,1446.4997774396327,0.0,1441.6102315424585,0.0,1500.0,0.0,1500.0,0.0,1500.0
200619,Sebastian Arcila,9999.0,0.0,19.5,0.0,1484.331177750504,U,3,0.3333333333333333,0.3333333333333333,0.3333333333333333,1486.5044361658347,0.0,1500.0,0.0,1500.0,0.0,1500.0,0.0,1500.0
202104,Sebastian Baez,27.0,1690.0,23.8,170.0,1633.9591693905838,R,172,0.5174418604651163,0.2,0.3103448275862069,1500.5107447148337,0.6538461538461539,1738.4657447005388,0.3,1447.8443580976189,0.0,1500.0,0.0,1500.0
103850,Sebastian Decoud,215.0,234.0,29.7,178.0,1532.0342694133233,L,8,0.5,0.5,0.0,1500.0,0.5714285714285714,1552.8984577858155,0.0,1485.6765230600959,0.0,1500.0,0.0,1500.0
209238,Sebastian Dominguez,9999.0,0.0,17.2,0.0,1484.625719431257,nan,1,0.0,0.0,0.0,1482.8718932755396,0.0,1500.0,0.0,1500.0,0.0,1500.0,0.0,1500.0
210274,Sebastian Dominko,1107.0,8.0,20.7,203.0,1466.3588912941693,L,5,0.2,0.2,0.5,1505.0377312015648,0.0,1468.736306793522,0.0,1500.0,0.0,1500.0,0.0,1484.0
110751,Sebastian Fanselow,316.0,166.0,32.3,0.0,1490.7013890849921,R,1,0.0,0.0,0.0,1500.0,0.0,1487.6636313923962,0.0,1500.0,0.0,1500.0,0.0,1500.0
103422,Sebastian Fitz,326.0,98.0,24.8,0.0,1489.2182445487817,R,1,0.0,0.0,0.0,1500.0,0.0,1500.0,0.0,1485.0073513509428,0.0,1500.0,0.0,1500.0
200624,Sebastian Korda,16.0,2545.0,24.1,196.0,1844.0381383295032,R,198,0.6161616161616161,0.7,0.6335877862595419,1793.0017121467642,0.5476190476190477,1604.4355134955285,0.64,1617.111354652182,0.0,1500.0,0.0,1500.0
108736,Sebastian Moreno,9999.0,0.0,18.4,0.0,1469.4310439897665,R,2,0.0,0.0,0.0,1500.0,0.0,1469.4818620802398,0.0,1500.0,0.0,1500.0,0.0,1500.0
124116,Sebastian Ofner,58.0,904.0,28.2,191.0,1600.2966663863078,R,90,0.43333333333333335,0.5,0.4411764705882353,1579.0512866717256,0.4146341463414634,1545.0263734147236,0.4666666666666667,1506.9774268936185,0.0,1500.0,0.0,1500.0
102585,Sebastian Prieto,9999.0,0.0,31.8,180.0,1429.8922311908204,R,7,0.14285714285714285,0.14285714285714285,0.0,1500.0,0.16666666666666666,1449.2786116045029,0.0,1500.0,0.0,1487.3981200660126,0.0,1500.0
144771,Sebastian Quiros,1774.0,1.0,17.9,0.0,1467.269637423273,R,2,0.0,0.0,0.0,1484.0,0.0,1482.8871729272742,0.0,1500.0,0.0,1500.0,0.0,1500.0
104681,Sebastian Rieschick,253.0,191.0,25.6,0.0,1469.8334269055943,R,4,0.25,0.25,0.5,1499.1741501238423,0.0,1464.246289284406,0.0,1500.0,0.0,1500.0,0.0,1500.0
103063,Sebastien De Chaunac,144.0,424.0,31.9,183.0,1497.876352164405,R,31,0.2903225806451613,0.5,0.3076923076923077,1482.5608705609754,0.25,1477.8858964663998,0.0,1500.0,0.0,1483.0480950272438,0.0,1500.0
103206,Sebastien Grosjean,559.0,46.0,31.7,175.0,1557.1118576030315,R,471,0.6029723991507431,0.2,0.5670498084291188,1478.5184460282862,0.6160714285714286,1648.7088860849572,0.7,1680.3370990110527,0.6578947368421053,1625.5838100807262,0.0,1500.0
102205,Sebastien Lareau,164.0,230.0,28.2,183.0,1432.74268807225,R,32,0.34375,0.2,0.391304347826087,1459.7682655045523,0.0,1444.1823735011453,0.4,1486.2190555621537,0.0,1500.0,0.0,1500.0
105442,Sebastien Vidal,1961.0,1.0,23.3,0.0,1483.853735689909,R,3,0.3333333333333333,0.3333333333333333,0.3333333333333333,1485.2771908556292,0.0,1500.0,0.0,1500.0,0.0,1500.0,0.0,1500.0
104247,Sebo Kiss,9999.0,0.0,27.9,0.0,1494.4842744986734,U,18,0.5,0.3,0.625,1531.3477016777726,0.4,1475.332540354804,0.0,1500.0,0.0,1500.0,0.0,1500.0
105871,Sekou Bangoura,313.0,153.0,25.7,183.0,1487.307842394855,R,1,0.0,0.0,0.0,1488.4807044627805,0.0,1500.0,0.0,1500.0,0.0,1500.0,0.0,1500.0
101662,Selvam Veerasingam,9999.0,0.0,36.3,0.0,1508.372645221885,R,7,0.5714285714285714,0.5714285714285714,0.5714285714285714,1508.512681435178,0.0,1500.0,0.0,1500.0,0.0,1500.0,0.0,1500.0
111805,Seong Chan Hong,141.0,413.0,27.1,175.0,1473.866436238937,R,20,0.3,0.3,0.29411764705882354,1464.413492040722,0.5,1503.1049948377693,0.0,1485.1579247843622,0.0,1500.0,0.0,1500.0
198630,Serge Dakessian,9999.0,0.0,21.4,0.0,1484.6237008591825,U,1,0.0,0.0,0.0,1500.0,0.0,1484.736306793522,0.0,1500.0,0.0,1500.0,0.0,1500.0
104869,Sergei Bubka,174.0,296.0,25.5,188.0,1539.286735100573,R,28,0.4642857142857143,0.2,0.47368421052631576,1531.549172575757,0.3333333333333333,1490.8746415833145,0.3333333333333333,1484.5564697869088,0.6666666666666666,1516.7276144136413,0.0,1500.0
108612,Sergei Cuptov,9999.0,0.0,23.3,0.0,1469.3539549389504,U,4,0.25,0.25,0.0,1484.0,0.0,1468.4922957929255,0.0,1500.0,1.0,1516.0,0.0,1500.0
102969,Sergei Yaroshenko,500.0,49.0,28.4,0.0,1508.1615009852685,R,7,0.5714285714285714,0.5714285714285714,0.4,1484.6194502080875,1.0,1530.4333349689346,0.0,1500.0,0.0,1500.0,0.0,1500.0
105029,Sergey Betov,514.0,61.0,24.9,185.0,1404.7345210753788,R,7,0.0,0.0,0.0,1425.3781614026104,0.0,1468.8823007664287,0.0,1500.0,0.0,1500.0,0.0,1500.0
200672,Sergey Fomin,537.0,70.0,23.6,180.0,1471.9250740600924,R,7,0.2857142857142857,0.2857142857142857,0.2857142857142857,1473.2387832133154,0.0,1500.0,0.0,1500.0,0.0,1500.0,0.0,1500.0
108680,Sergey Makashin,9999.0,0.0,23.5,0.0,1485.8631599182459,U,3,0.3333333333333333,0.3333333333333333,0.5,1502.114683900142,0.0,1483.9676502352856,0.0,1500.0,0.0,1500.0,0.0,1500.0
101843,Sergi Bruguera,140.0,285.0,31.2,188.0,1468.3433192888413,R,67,0.44776119402985076,0.3,0.3,1445.207250915164,0.48148148148148145,1521.627491459401,0.0,1483.263693206478,0.5,1498.6274901380464,0.0,1500.0
105456,Sergio Galdos,860.0,17.0,24.0,180.0,1551.103625616237,R,6,0.8333333333333334,0.8333333333333334,0.0,1500.0,0.8333333333333334,1552.455740495671,0.0,1500.0,0.0,1500.0,0.0,1500.0
105300,Sergio Gutierrez Ferrol,544.0,52.0,23.0,0.0,1502.4739393518064,R,4,0.5,0.5,0.0,1500.0,0.5,1508.8335941743087,0.0,1500.0,0.0,1500.0,0.0,1500.0
104531,Sergio Ramirez,934.0,8.0,19.9,0.0,1484.0,U,1,0.0,0.0,0.0,1500.0,0.0,1484.0,0.0,1500.0,0.0,1500.0,0.0,1500.0
103373,Sergio Roitman,121.0,563.0,30.1,185.0,1397.294559806954,R,84,0.27380952380952384,0.2,0.1111111111111111,1373.531643808,0.3442622950819672,1449.730242571073,0.0,1445.3240208753816,0.0,1482.910706442917,0.0,1500.0
108929,Sergio Rojas,9999.0,0.0,16.6,0.0,1471.8956828715495,U,2,0.0,0.0,0.0,1471.3859355751292,0.0,1500.0,0.0,1500.0,0.0,1500.0,0.0,1500.0
108749,Sergis Kyratzis,1574.0,2.0,18.8,0.0,1418.4368095544978,L,9,0.1111111111111111,0.1111111111111111,0.0,1443.5506296191159,0.2,1463.879916691746,0.0,1500.0,0.0,1500.0,0.0,1500.0
104660,Sergiy Stakhovsky,216.0,293.0,35.8,193.0,1552.0669613748985,R,371,0.4582210242587601,0.4,0.4782608695652174,1523.7132700633967,0.36904761904761907,1487.7684045656322,0.5319148936170213,1531.2797497247436,0.4,1477.3630156485547,0.0,1500.0
105016,Serguei Tarasevitch,1256.0,3.0,18.5,0.0,1479.9072176452955,R,2,0.0,0.0,0.0,1486.9631260771916,0.0,1500.0,0.0,1500.0,0.0,1482.943261358784,0.0,1500.0
102310,Seung Bok Baek,827.0,10.0,28.1,0.0,1451.8827408158284,R,3,0.0,0.0,0.0,1467.7021051188497,0.0,1500.0,0.0,1500.0,0.0,1483.3312356809845,0.0,1500.0
103377,Seung Hoon Lee,567.0,28.0,21.8,0.0,1456.2233510227877,R,3,0.0,0.0,0.0,1486.7812000231672,0.0,1500.0,0.0,1483.1992856247884,0.0,1484.0,0.0,1500.0
108621,Seyed Akbar Taheri Rahaghi,9999.0,0.0,29.2,0.0,1439.2236286585685,U,4,0.0,0.0,0.0,1454.1979130083052,0.0,1483.263693206478,0.0,1500.0,0.0,1500.0,0.0,1500.0
103050,Shahab Hassani Nafez,9999.0,0.0,29.3,0.0,1518.723056704637,R,8,0.625,0.625,0.3333333333333333,1486.6640249517604,0.8,1540.4660443445473,0.0,1500.0,0.0,1500.0,0.0,1500.0
105566,Shahin Khaledan,1331.0,3.0,27.6,0.0,1469.2903663096145,R,10,0.4,0.4,0.2857142857142857,1453.0315325468086,0.6666666666666666,1519.5610572340502,0.0,1500.0,0.0,1500.0,0.0,1500.0
108896,Shahzad Khan,1497.0,1.0,18.7,0.0,1427.901268984847,R,5,0.0,0.0,0.0,1484.7889407369428,0.0,1484.0465365178045,0.0,1483.268413580668,0.0,1472.2418409984678,0.0,1500.0
103642,Shan Jiang,9999.0,0.0,20.9,0.0,1483.017159519671,R,1,0.0,0.0,0.0,1486.7149546680694,0.0,1500.0,0.0,1500.0,0.0,1500.0,0.0,1500.0
108652,Shane Stone,1371.0,1.0,24.7,0.0,1452.662793745742,U,3,0.0,0.0,0.0,1454.871949152538,0.0,1500.0,0.0,1500.0,0.0,1500.0,0.0,1500.0
103830,Shao Xuan Zeng,393.0,96.0,28.1,185.0,1475.8568523049885,R,14,0.2857142857142857,0.3,0.3076923076923077,1477.2034124454406,0.0,1500.0,0.0,1500.0,0.0,1484.9801170554886,0.0,1500.0
134886,Sharmal Dissanayake,9999.0,0.0,23.8,0.0,1452.8831434800438,R,8,0.25,0.25,0.3333333333333333,1486.3817305522725,0.2,1457.6159902391346,0.0,1500.0,0.0,1500.0,0.0,1500.0
207401,Sheil Kotecha,1385.0,3.0,19.9,0.0,1486.6296277410395,R,1,0.0,0.0,0.0,1485.7949618642485,0.0,1500.0,0.0,1500.0,0.0,1500.0,0.0,1500.0
108710,Shendrit Deari,9999.0,0.0,20.5,0.0,1482.2334134897899,R,1,0.0,0.0,0.0,1482.7928430238558,0.0,1500.0,0.0,1500.0,0.0,1500.0,0.0,1500.0
104789,Sherif Sabry,430.0,90.0,27.4,0.0,1415.9463634360036,U,16,0.25,0.3,0.125,1431.7739053463176,0.42857142857142855,1484.7422713460364,0.0,1500.0,0.0,1485.4345959954137,0.0,1500.0
208278,Shintaro Mochizuki,146.0,408.0,21.3,175.0,1414.1177517192802,R,22,0.13636363636363635,0.2,0.16666666666666666,1412.7811621944184,0.0,1493.2356561935846,0.0,1453.8033737951484,0.0,1500.0,0.0,1500.0
200647,Sho Shimabukuro,143.0,426.0,26.2,180.0,1490.8542335199716,R,12,0.3333333333333333,0.3,0.36363636363636365,1473.789078439801,0.0,1500.0,0.0,1488.775233427992,0.0,1500.0,0.0,1500.0
108725,Sid Ali Akkal,9999.0,0.0,35.1,0.0,1484.8012210546542,U,1,0.0,0.0,0.0,1500.0,0.0,1484.9225334444275,0.0,1500.0,0.0,1500.0,0.0,1500.0
144927,Siddharth Vishwakarma,588.0,57.0,29.9,191.0,1485.1085814213463,L,1,0.0,0.0,0.0,1486.413537009515,0.0,1500.0,0.0,1500.0,0.0,1500.0,0.0,1500.0
207826,Siim Troost,1580.0,2.0,21.7,183.0,1484.0,R,1,0.0,0.0,0.0,1484.0,0.0,1500.0,0.0,1500.0,0.0,1500.0,0.0,1500.0
202382,Simen Sunde Bratholm,1488.0,2.0,18.9,0.0,1478.6021084742026,R,3,0.3333333333333333,0.3333333333333333,0.3333333333333333,1480.4220327008838,0.0,1500.0,0.0,1500.0,0.0,1500.0,0.0,1500.0
102388,Simon Aspelin,9999.0,0.0,36.8,185.0,1489.7290821861732,R,2,0.0,0.0,0.0,1491.5258012335455,0.0,1500.0,0.0,1500.0,0.0,1483.383217933901,0.0,1500.0
200278,Simon Carr,738.0,29.0,23.2,183.0,1460.524052289118,R,5,0.2,0.2,0.25,1473.1366464587209,0.0,1500.0,0.0,1500.0,0.0,1500.0,0.0,1484.0
103752,Simon Greul,125.0,443.0,30.0,185.0,1568.1608196744187,R,115,0.3739130434782609,0.4,0.37254901960784315,1493.8299888526374,0.38461538461538464,1516.444092390205,0.3333333333333333,1469.2960812800861,0.3333333333333333,1487.1243139004962,0.0,1500.0
103225,Simon Larose,301.0,105.0,26.2,190.0,1513.7851636522257,R,23,0.391304347826087,0.3,0.4166666666666667,1511.3459675342012,0.14285714285714285,1447.7440734266881,0.0,1500.0,0.75,1529.3279654578532,0.0,1500.0
104036,Simon Rea,668.0,26.0,24.7,0.0,1446.026319842666,L,8,0.25,0.25,0.0,1468.7408047980641,0.0,1465.934471763292,0.0,1500.0,0.5,1499.209847837723,0.0,1500.0
108656,Simon Shen,1207.0,3.0,25.5,0.0,1514.6277890578824,U,1,1.0,1.0,0.0,1500.0,0.0,1500.0,1.0,1516.0,0.0,1500.0,0.0,1500.0
104217,Simon Stadler,288.0,155.0,27.4,183.0,1521.4303364843825,L,16,0.375,0.4,0.375,1504.8577258296305,0.0,1500.0,0.375,1486.503153980548,0.0,1500.0,0.0,1500.0
104620,Simone Bolelli,187.0,272.0,33.6,183.0,1637.714140100422,R,279,0.4265232974910394,0.4,0.3656716417910448,1511.1513556599202,0.48214285714285715,1669.7359524821743,0.5,1560.0680552538647,0.3333333333333333,1490.0394031885899,0.0,1500.0
104195,Simone Vagnozzi,192.0,281.0,28.1,173.0,1487.4610006504568,R,10,0.3,0.3,0.0,1500.0,0.3,1480.240199506848,0.0,1500.0,0.0,1500.0,0.0,1500.0
200702,Sina Moghimi,1086.0,9.0,22.6,0.0,1499.9959766955456,U,2,0.5,0.5,0.0,1500.0,0.5,1499.4949244533677,0.0,1500.0,0.0,1500.0,0.0,1500.0
108742,Siu Fai Kelvin Lam,9999.0,0.0,16.1,0.0,1514.5327283195707,R,1,1.0,1.0,1.0,1514.4558009853586,0.0,1500.0,0.0,1500.0,0.0,1500.0,0.0,1500.0
102854,Sjeng Schalken,202.0,195.0,28.8,193.0,1615.4282474341926,R,313,0.5686900958466453,0.5,0.5681818181818182,1617.0427959176618,0.4666666666666667,1534.68088722001,0.7083333333333334,1675.5278102173068,0.5517241379310345,1541.6489615359503,0.0,1500.0
109734,Skander Mansouri,681.0,41.0,29.1,193.0,1459.4466030239776,R,6,0.16666666666666666,0.16666666666666666,0.0,1472.5738185134414,0.5,1500.7065571756862,0.0,1500.0,0.0,1500.0,0.0,1484.0
134217,Skyler Butts,1221.0,5.0,24.3,178.0,1516.0,R,1,1.0,1.0,1.0,1516.0,0.0,1500.0,0.0,1500.0,0.0,1500.0,0.0,1500.0
108698,Slah Mbarek,1832.0,1.0,19.1,0.0,1482.271971452687,R,1,0.0,0.0,0.0,1500.0,0.0,1482.8613621245838,0.0,1500.0,0.0,1500.0,0.0,1500.0
101792,Slava Dosedel,121.0,330.0,31.0,183.0,1394.1726395180099,R,61,0.3442622950819672,0.2,0.36666666666666664,1428.2729214494796,0.3333333333333333,1426.4987307657807,0.5,1508.5279023157957,0.0,1453.4695015289756,0.0,1500.0
108760,Slim Hamza,9999.0,0.0,20.6,0.0,1472.4541160741,R,2,0.0,0.0,0.0,1473.225725456148,0.0,1500.0,0.0,1500.0,0.0,1500.0,0.0,1500.0
102630,Slimane Saoudi,9999.0,0.0,33.6,0.0,1423.9876273326636,L,21,0.3333333333333333,0.3,0.3333333333333333,1484.744027663121,0.3333333333333333,1424.1046950179648,0.0,1500.0,0.0,1500.0,0.0,1500.0
102469,Solon Peppas,606.0,27.0,28.8,0.0,1542.077814671209,R,13,0.6153846153846154,0.6,1.0,1532.7346732238036,0.5454545454545454,1516.147504528995,0.0,1500.0,0.0,1500.0,0.0,1500.0
104500,Somdev Devvarman,177.0,284.0,30.8,180.0,1514.4386234419617,R,139,0.4172661870503597,0.4,0.4672897196261682,1545.5466962630242,0.2857142857142857,1454.1270285818348,0.18181818181818182,1419.227324458479,0.0,1500.0,0.0,1500.0
103921,Sonchat Ratiwatana,9999.0,0.0,25.0,175.0,1459.576007425586,R,7,0.2857142857142857,0.2857142857142857,0.2,1451.7165985318684,0.0,1490.3029089059078,0.0,1500.0,1.0,1515.3054268166488,0.0,1500.0
126952,Soon Woo Kwon,344.0,145.0,26.7,180.0,1596.6737118302037,R,135,0.4740740740740741,0.3,0.49019607843137253,1576.583892065421,0.42857142857142855,1522.0071611659198,0.4166666666666667,1494.4926485817375,0.0,1500.0,0.0,1500.0
105681,Soong Jae Cho,746.0,19.0,20.1,0.0,1516.0,R,1,1.0,1.0,1.0,1516.0,0.0,1500.0,0.0,1500.0,0.0,1500.0,0.0,1500.0
126526,Soren Hess Olesen,943.0,12.0,27.0,0.0,1487.6226165173255,R,5,0.4,0.4,0.3333333333333333,1484.6791752086028,0.0,1500.0,0.0,1500.0,0.5,1500.0338330211207,0.0,1500.0
105408,Soren Wedege,9999.0,0.0,21.4,0.0,1499.261276109791,R,2,0.5,0.5,0.0,1500.0,1.0,1516.459501792159,0.0,1500.0,0.0,1482.545351478798,0.0,1500.0
125574,Soteris Hadjistyllis,9999.0,0.0,20.7,0.0,1491.9103244857167,R,1,0.0,0.0,0.0,1490.9397741792338,0.0,1500.0,0.0,1500.0,0.0,1500.0,0.0,1500.0
207479,Soufiane El Mesbahi,1533.0,2.0,17.1,0.0,1484.0,R,1,0.0,0.0,0.0,1484.0,0.0,1500.0,0.0,1500.0,0.0,1500.0,0.0,1500.0
106180,Spencer Newman,9999.0,0.0,23.7,0.0,1484.2712302356879,R,1,0.0,0.0,0.0,1485.0566615094083,0.0,1500.0,0.0,1500.0,0.0,1500.0,0.0,1500.0
102165,Srinath Prahlad,385.0,66.0,27.5,0.0,1472.096049797434,R,2,0.0,0.0,0.0,1500.0,0.0,1472.5004442135516,0.0,1500.0,0.0,1500.0,0.0,1500.0
104527,Stan Wawrinka,148.0,391.0,39.6,183.0,1621.003965154395,R,915,0.6131147540983607,0.5,0.6216730038022814,1644.717384917126,0.6348684210526315,1617.7592546206088,0.4852941176470588,1578.080535448381,0.47058823529411764,1529.4958004048308,0.0,1500.0
108944,Stanislav Bykov,9999.0,0.0,19.0,0.0,1464.946770902574,R,2,0.0,0.0,0.0,1468.3372040296751,0.0,1500.0,0.0,1500.0,0.0,1500.0,0.0,1500.0
105720,Stanislav Vovk,465.0,74.0,21.5,185.0,1456.494857055224,R,4,0.0,0.0,0.0,1484.8961714246132,0.0,1463.6217212758374,0.0,1500.0,0.0,1500.0,0.0,1500.0
102905,Stefan Koubek,206.0,249.0,34.1,175.0,1555.6489721521596,L,382,0.44502617801047123,0.3,0.46798029556650245,1615.973444687938,0.4375,1445.112794462755,0.28,1393.954352166494,0.46153846153846156,1546.3966260760649,0.0,1500.0
111578,Stefan Kozlov,108.0,503.0,24.6,183.0,1488.5267300188282,R,34,0.2647058823529412,0.3,0.2,1454.0819882663561,0.0,1489.8140188718733,0.38461538461538464,1480.444793285456,0.0,1500.0,0.0,1500.0
103956,Stefan Wauters,212.0,182.0,24.0,0.0,1484.8130723024321,R,1,0.0,0.0,0.0,1500.0,0.0,1500.0,0.0,1500.0,0.0,1484.035125410551,0.0,1500.0
102944,Stefano Cobolli,400.0,61.0,23.3,175.0,1487.9234798908922,R,1,0.0,0.0,0.0,1500.0,0.0,1488.9186980133331,0.0,1500.0,0.0,1500.0,0.0,1500.0
102999,Stefano Galvani,321.0,143.0,33.6,178.0,1449.1080932160464,R,55,0.32727272727272727,0.2,0.25,1441.8570362955406,0.32142857142857145,1437.0287559274777,0.42857142857142855,1481.7598408842089,0.5,1503.138665931556,0.0,1500.0
103702,Stefano Ianni,559.0,43.0,25.4,0.0,1494.5055752244841,R,1,0.0,0.0,0.0,1500.0,0.0,1490.0071251151774,0.0,1500.0,0.0,1500.0,0.0,1500.0
109303,Stefano Napolitano,125.0,497.0,29.2,196.0,1490.8946007698287,R,10,0.3,0.3,0.0,1483.2236413712246,0.375,1495.0169453712085,0.0,1491.6612331193378,0.0,1500.0,0.0,1500.0
101924,Stefano Pescosolido,157.0,257.0,33.1,185.0,1460.410081974084,R,7,0.14285714285714285,0.14285714285714285,0.0,1492.4957320291915,0.0,1464.655861359996,0.3333333333333333,1488.4012562452576,0.0,1500.0,0.0,1500.0
102738,Stefano Tarallo,151.0,244.0,24.5,185.0,1496.6340512359882,R,2,0.5,0.5,0.0,1500.0,0.5,1497.5339460574755,0.0,1500.0,0.0,1500.0,0.0,1500.0
105882,Stefano Travaglia,233.0,272.0,31.6,185.0,1499.851114021787,R,81,0.345679012345679,0.3,0.3617021276595745,1503.9853955383635,0.35714285714285715,1480.2941988511793,0.16666666666666666,1460.2924726787776,0.0,1500.0,0.0,1500.0
208852,Stefanos Sakellaridis,416.0,113.0,19.2,196.0,1490.223335392339,R,4,0.25,0.25,0.25,1481.0690200249728,0.0,1500.0,0.0,1500.0,0.0,1500.0,0.0,1500.0
126774,Stefanos Tsitsipas,11.0,3325.0,26.2,193.0,1845.113069470311,R,496,0.6733870967741935,0.6,0.6483870967741936,1768.4836504908303,0.7551020408163265,1926.4555920189132,0.5641025641025641,1586.9635986817675,0.0,1500.0,0.0,1500.0
104219,Stephane Bohli,401.0,91.0,29.8,185.0,1429.4803663713324,R,25,0.2,0.0,0.23076923076923078,1451.1715450083952,0.16666666666666666,1458.907127027617,0.0,1484.0,0.2,1466.0003348994392,0.0,1500.0
101902,Stephane Huet,269.0,132.0,30.4,180.0,1395.0539916486578,L,26,0.23076923076923078,0.1,0.125,1425.3218779743581,0.3,1454.3546077670246,0.4,1489.7080140659273,0.0,1454.8072949809348,0.0,1500.0
103565,Stephane Robert,661.0,30.0,39.6,185.0,1487.1224077810991,R,112,0.33035714285714285,0.2,0.3448275862068966,1442.7929831100025,0.30952380952380953,1496.9560040559022,0.3333333333333333,1467.5707165928036,0.0,1500.0,0.0,1500.0
108682,Stephen Nugent,1432.0,2.0,24.8,0.0,1502.1061831420425,R,2,0.5,0.5,0.0,1484.0,0.0,1500.0,1.0,1516.0,0.0,1500.0,0.0,1500.0
104327,Steve Darcis,200.0,242.0,35.8,178.0,1593.7037627910006,R,235,0.4851063829787234,0.3,0.4765625,1584.4309720812205,0.4861111111111111,1565.6290548619925,0.5,1554.125731943202,0.6,1529.5310996552525,0.0,1500.0
105449,Steve Johnson,246.0,240.0,34.1,188.0,1555.6972291279837,R,395,0.4860759493670886,0.2,0.4732824427480916,1528.4027992017777,0.4927536231884058,1583.8948325999102,0.53125,1560.1977548881869,0.0,1500.0,0.0,1500.0
105731,Steven Diez,314.0,170.0,32.7,175.0,1396.6175295141122,R,15,0.06666666666666667,0.0,0.16666666666666666,1464.7532148880773,0.0,1393.0977195989103,0.0,1500.0,0.0,1500.0,0.0,1500.0
104287,Steven Korteling,463.0,57.0,21.5,0.0,1489.2184856327826,U,1,0.0,0.0,0.0,1500.0,0.0,1490.6277775339604,0.0,1500.0,0.0,1500.0,0.0,1500.0
103899,Stian Boretti,801.0,15.0,28.1,188.0,1456.9099001848012,R,22,0.4090909090909091,0.4,0.4166666666666667,1467.2811172706831,0.4444444444444444,1492.8259573617468,0.0,1500.0,0.0,1486.1010150620511,0.0,1500.0
126177,Strong Kirchheimer,511.0,77.0,29.3,185.0,1478.4628646175618,R,2,0.0,0.0,0.0,1479.053727784491,0.0,1500.0,0.0,1500.0,0.0,1500.0,0.0,1500.0
210308,Stylianos Christodoulou,1114.0,8.0,19.2,0.0,1500.0338330211207,U,2,0.5,0.5,1.0,1516.0,0.0,1484.0,0.0,1500.0,0.0,1500.0,0.0,1500.0
106158,Suk Young Jeong,332.0,126.0,20.4,0.0,1492.683382485522,R,9,0.4444444444444444,0.4444444444444444,0.4444444444444444,1489.015613723246,0.0,1500.0,0.0,1500.0,0.0,1500.0,0.0,1500.0
108706,Sulaiman Al Rawahi,9999.0,0.0,24.9,0.0,1464.8169168909712,U,2,0.0,0.0,0.0,1465.2849034056153,0.0,1500.0,0.0,1500.0,0.0,1500.0,0.0,1500.0
102956,Sultan Khalfan,1116.0,5.0,29.7,0.0,1422.7015338993956,R,6,0.0,0.0,0.0,1414.1723296128578,0.0,1500.0,0.0,1500.0,0.0,1500.0,0.0,1500.0
111576,Sumit Nagal,78.0,691.0,27.1,178.0,1474.22587082149,R,47,0.2765957446808511,0.2,0.25925925925925924,1458.2864642201082,0.3157894736842105,1485.798845988426,0.0,1484.1686650563536,0.0,1500.0,0.0,1500.0
104928,Sun Yong Kim Jr,734.0,22.0,19.6,0.0,1527.4005769858284,R,4,0.75,0.75,0.6666666666666666,1514.4036428737127,0.0,1500.0,0.0,1500.0,1.0,1516.0,0.0,1500.0
104156,Sunil Kumar,1199.0,3.0,16.7,0.0,1484.0,R,1,0.0,0.0,0.0,1484.0,0.0,1500.0,0.0,1500.0,0.0,1500.0,0.0,1500.0
104909,Sunu Wahyu Trijati,9999.0,0.0,27.8,0.0,1442.258369157893,R,11,0.2727272727272727,0.3,0.3,1457.464564372873,0.0,1483.6546428371041,0.0,1500.0,0.0,1500.0,0.0,1500.0
102843,Suwandi Suwandi,751.0,21.0,30.0,178.0,1522.9323941190926,R,23,0.6086956521739131,0.5,0.6666666666666666,1552.108414670647,0.0,1500.0,0.0,1500.0,0.0,1466.7391388160179,0.0,1500.0
111186,Syed Mohd Agil Syed Naguib,9999.0,0.0,22.0,0.0,1485.3839964799668,R,1,0.0,0.0,0.0,1485.3265009652512,0.0,1500.0,0.0,1500.0,0.0,1500.0,0.0,1500.0
208414,Sylvestre Monnou,9999.0,0.0,19.2,0.0,1516.0,R,1,1.0,1.0,1.0,1516.0,0.0,1500.0,0.0,1500.0,0.0,1500.0,0.0,1500.0
104992,Syrym Abdukhalikov,932.0,11.0,21.1,0.0,1506.812093484227,R,6,0.5,0.5,0.6666666666666666,1510.3509407167332,1.0,1517.2966617655775,0.0,1500.0,0.0,1469.1171939823494,0.0,1500.0
126689,Tadas Babelis,1582.0,2.0,20.5,185.0,1426.9650920862891,R,5,0.0,0.0,0.0,1455.9797229287667,0.0,1465.7199270418216,0.0,1500.0,0.0,1500.0,0.0,1500.0
108344,Tai Wei Liu,839.0,14.0,21.2,0.0,1471.4295843600462,L,4,0.25,0.25,0.3333333333333333,1483.8717674652964,0.0,1500.0,0.0,1500.0,0.0,1485.5986844375614,0.0,1500.0
105252,Takahiro Ittogi,9999.0,0.0,16.7,0.0,1484.5939839895445,R,1,0.0,0.0,0.0,1483.3530165512796,0.0,1500.0,0.0,1500.0,0.0,1500.0,0.0,1500.0
103403,Takahiro Terachi,411.0,76.0,28.2,0.0,1457.7394001988132,R,11,0.36363636363636365,0.3,0.36363636363636365,1460.1723670203269,0.0,1500.0,0.0,1500.0,0.0,1500.0,0.0,1500.0
105626,Takanyi Garanganga,449.0,19.0,28.5,0.0,1455.2937316561483,R,11,0.36363636363636365,0.4,0.36363636363636365,1454.9896550367607,0.0,1500.0,0.0,1500.0,0.0,1500.0,0.0,1500.0
102863,Takao Suzuki,355.0,116.0,33.0,175.0,1641.7506246332073,R,62,0.5645161290322581,0.6,0.5333333333333333,1585.5117184929968,0.3333333333333333,1494.8759718388937,0.25,1475.721534469189,0.9,1606.7133924053894,0.0,1500.0
105026,Takuto Niki,340.0,132.0,27.9,183.0,1485.670128585482,R,1,0.0,0.0,0.0,1485.463967252652,0.0,1500.0,0.0,1500.0,0.0,1500.0,0.0,1500.0
103109,Talal Ouahabi,1126.0,4.0,33.1,0.0,1460.2727510788952,R,3,0.0,0.0,0.0,1500.0,0.0,1455.7654468855478,0.0,1500.0,0.0,1500.0,0.0,1500.0
134868,Tallon Griekspoor,40.0,1280.0,28.3,188.0,1742.447288628529,R,180,0.5,0.5,0.4827586206896552,1698.5308152332502,0.4864864864864865,1583.4359842253643,0.5925925925925926,1587.508489784992,0.0,1500.0,0.0,1500.0
200307,Tao Mu,573.0,63.0,23.3,180.0,1487.266471184198,R,1,0.0,0.0,0.0,1488.888950637959,0.0,1500.0,0.0,1500.0,0.0,1500.0,0.0,1500.0
102668,Tapio Nurminen,336.0,90.0,25.4,0.0,1515.300142624107,R,1,1.0,1.0,0.0,1500.0,0.0,1500.0,0.0,1500.0,1.0,1516.0,0.0,1500.0
104205,Taras Demyanekno,1354.0,1.0,18.2,0.0,1484.58416484318,U,1,0.0,0.0,0.0,1483.9239973204328,0.0,1500.0,0.0,1500.0,0.0,1500.0,0.0,1500.0
108893,Tarek Ben Soltane,9999.0,0.0,18.4,0.0,1481.8162918946284,U,1,0.0,0.0,0.0,1500.0,0.0,1483.263693206478,0.0,1500.0,0.0,1500.0,0.0,1500.0
106121,Taro Daniel,89.0,636.0,31.7,191.0,1493.306297832086,R,233,0.3605150214592275,0.2,0.3602941176470588,1507.444696558896,0.40229885057471265,1490.4350836837054,0.0,1385.2957051397723,0.0,1500.0,0.0,1500.0
102335,Taso Vasiliadis,718.0,16.0,28.1,0.0,1486.3410234606079,R,1,0.0,0.0,0.0,1500.0,0.0,1500.0,0.0,1500.0,0.0,1484.0,0.0,1500.0
103230,Tasuku Iwami,557.0,41.0,27.2,168.0,1461.0356810585283,L,4,0.25,0.25,0.25,1461.4364377474205,0.0,1500.0,0.0,1500.0,0.0,1500.0,0.0,1500.0
105147,Tatsuma Ito,146.0,362.0,31.6,180.0,1505.256188689586,R,99,0.35353535353535354,0.2,0.3230769230769231,1459.1958834829595,0.3076923076923077,1473.2611534544606,0.42105263157894735,1491.2571695194174,1.0,1532.0380077716588,0.0,1500.0
103758,Taylor Dent,92.0,573.0,29.5,188.0,1627.8248872413403,R,271,0.5313653136531366,0.4,0.5380710659898477,1608.1287265641156,0.2857142857142857,1462.8392127643215,0.5714285714285714,1530.1912855902663,0.5454545454545454,1526.1540106016398,0.0,1500.0
126203,Taylor Fritz,4.0,5100.0,27.0,196.0,1973.5896192025648,R,469,0.5970149253731343,0.6,0.6042944785276073,1918.0179074691605,0.5747126436781609,1753.097545450528,0.5892857142857143,1678.4292937237926,0.0,1500.0,0.0,1500.0
211572,Tegar Abdi Satrio Wibowo,9999.0,0.0,19.5,0.0,1487.7126789728788,U,1,0.0,0.0,0.0,1486.6671812836144,0.0,1500.0,0.0,1500.0,0.0,1500.0,0.0,1500.0
106381,Temur Ismailov,406.0,109.0,22.2,0.0,1460.4449626885848,R,5,0.2,0.2,0.5,1501.192842707535,0.0,1467.4572637815534,0.0,1484.4354492905,0.0,1500.0,0.0,1500.0
105815,Tennys Sandgren,281.0,200.0,32.5,188.0,1523.6666472586637,R,118,0.3644067796610169,0.2,0.3698630136986301,1475.9772355268055,0.27586206896551724,1435.2964695082837,0.5,1536.0363871938684,0.0,1500.0,0.0,1500.0
209279,Terence Atmane,161.0,369.0,22.7,193.0,1491.5823373206322,L,12,0.25,0.2,0.2222222222222222,1473.7106670980022,0.3333333333333333,1493.3155104116286,0.0,1500.0,0.0,1500.0,0.0,1500.0
104689,Terence Nugent,9999.0,0.0,19.3,0.0,1465.2370910162492,R,2,0.0,0.0,0.0,1484.0,0.0,1483.235127788403,0.0,1500.0,0.0,1500.0,0.0,1500.0
102282,Tetsuya Chaen,625.0,33.0,32.9,0.0,1482.8126886714685,R,1,0.0,0.0,0.0,1479.2155383475426,0.0,1500.0,0.0,1500.0,0.0,1500.0,0.0,1500.0
104559,Teymuraz Gabashvili,229.0,220.0,32.3,185.0,1504.7388014782439,R,306,0.3627450980392157,0.2,0.35294117647058826,1478.3613954867071,0.39805825242718446,1542.7963502526734,0.2727272727272727,1418.559949100072,0.36363636363636365,1479.4075273103483,0.0,1500.0
208122,Thabo Ncube,9999.0,0.0,20.6,0.0,1483.066559889189,R,1,0.0,0.0,0.0,1500.0,0.0,1484.0,0.0,1500.0,0.0,1500.0,0.0,1500.0
111515,Thai Son Kwiatkowski,477.0,89.0,28.5,188.0,1433.6694944612432,R,7,0.0,0.0,0.0,1435.0341620488493,0.0,1500.0,0.0,1484.0710326056694,0.0,1500.0,0.0,1500.0
207788,Thanapet Chanta,938.0,16.0,24.3,0.0,1484.0,R,1,0.0,0.0,0.0,1500.0,0.0,1484.0,0.0,1500.0,0.0,1500.0,0.0,1500.0
106423,Thanasi Kokkinakis,77.0,716.0,28.6,193.0,1736.6693566607232,R,167,0.4491017964071856,0.6,0.4732824427480916,1694.4683809749722,0.3333333333333333,1505.710576713839,0.4166666666666667,1523.1253277214614,0.0,1500.0,0.0,1500.0
209872,Thehan Sanjaya Wijemanne,9999.0,0.0,16.1,0.0,1484.024104851368,L,1,0.0,0.0,0.0,1500.0,0.0,1483.9448637240373,0.0,1500.0,0.0,1500.0,0.0,1500.0
210494,Theo Papamalamis,721.0,37.0,18.8,183.0,1489.4756811952145,R,1,0.0,0.0,0.0,1484.0428754244028,0.0,1500.0,0.0,1500.0,0.0,1500.0,0.0,1500.0
104377,Theodoros Angelinos,280.0,165.0,29.8,0.0,1474.9725488813838,U,4,0.25,0.25,0.0,1500.0,0.25,1473.6753732626662,0.0,1500.0,0.0,1500.0,0.0,1500.0
202058,Thiago Agustin Tirante,121.0,484.0,23.5,185.0,1547.2883581615104,R,17,0.47058823529411764,0.5,0.3333333333333333,1501.6365599066628,0.5,1543.2760468703555,0.0,1500.0,0.0,1500.0,0.0,1500.0
103999,Thiago Alves,141.0,390.0,30.6,178.0,1409.9779718620716,R,34,0.20588235294117646,0.1,0.21052631578947367,1417.8665462581932,0.1,1442.1878714337065,0.4,1487.682993365908,0.0,1500.0,0.0,1500.0
106329,Thiago Monteiro,100.0,609.0,30.4,183.0,1581.8160729617812,L,218,0.40825688073394495,0.2,0.32051282051282054,1485.4157762037166,0.46923076923076923,1599.6857736653621,0.2222222222222222,1444.3037835996165,0.0,1500.0,1.0,1516.0
205734,Thiago Seyboth Wild,78.0,717.0,24.6,185.0,1616.2324818854945,R,77,0.4155844155844156,0.4,0.34615384615384615,1539.6664307089256,0.44680851063829785,1557.3177490517392,0.5,1504.42660770077,0.0,1500.0,0.0,1500.0
105217,Thiemo De Bakker,224.0,220.0,30.7,193.0,1548.3372787902167,R,156,0.4166666666666667,0.2,0.3780487804878049,1507.6519857518558,0.49122807017543857,1597.5530431312434,0.35294117647058826,1462.738950375141,0.0,1500.0,0.0,1500.0
106392,Thien Nguyen Hoang,1443.0,3.0,21.8,0.0,1464.3803710312345,R,8,0.375,0.375,0.375,1466.2923631976053,0.0,1500.0,0.0,1500.0,0.0,1500.0,0.0,1500.0
103693,Thierry Ascione,238.0,199.0,29.6,188.0,1385.2963986766893,R,73,0.273972602739726,0.1,0.3333333333333333,1416.4087905308454,0.25,1396.3191793417216,0.0,1449.2147798362632,0.25,1469.2720530148047,0.0,1500.0
101945,Thierry Guardiola,184.0,209.0,29.2,188.0,1441.6192337735201,R,9,0.2222222222222222,0.2222222222222222,0.5,1504.3981444211886,0.0,1441.2526188052111,0.0,1500.0,0.0,1484.0,0.0,1500.0
102902,Thomas Blake,332.0,89.0,26.5,0.0,1466.8109737103139,R,6,0.3333333333333333,0.3333333333333333,0.3333333333333333,1478.0167526911953,0.0,1484.7685850457465,0.5,1499.978365276613,0.0,1500.0,0.0,1500.0
108934,Thomas Drouet,9999.0,0.0,21.7,0.0,1484.0,R,1,0.0,0.0,0.0,1484.0,0.0,1500.0,0.0,1500.0,0.0,1500.0,0.0,1500.0
102406,Thomas Dupre,274.0,125.0,27.5,0.0,1482.6540671096227,R,1,0.0,0.0,0.0,1483.354264429712,0.0,1500.0,0.0,1500.0,0.0,1500.0,0.0,1500.0
102358,Thomas Enqvist,157.0,249.0,31.6,190.0,1521.3055535728915,R,263,0.5475285171102662,0.3,0.5714285714285714,1554.909847725286,0.47368421052631576,1462.9760525570616,0.5,1509.8909977990343,0.6086956521739131,1542.549351433328,0.0,1500.0
105341,Thomas Fabbiano,192.0,336.0,32.7,173.0,1489.9434029624852,R,89,0.29213483146067415,0.1,0.26,1421.2875946046188,0.2,1403.8899377430173,0.5714285714285714,1562.3344798686414,0.0,1500.0,0.0,1500.0
126573,Thomas Fancutt,562.0,53.0,25.9,188.0,1487.3074273973102,R,1,0.0,0.0,0.0,1480.284771950237,0.0,1500.0,0.0,1500.0,0.0,1500.0,0.0,1500.0
108900,Thomas Haug,9999.0,0.0,24.8,0.0,1484.4406780666525,U,1,0.0,0.0,0.0,1500.0,0.0,1483.7605425443842,0.0,1500.0,0.0,1500.0,0.0,1500.0
102563,Thomas Johansson,178.0,456.0,33.9,180.0,1592.1757466048214,R,405,0.5456790123456791,0.3,0.5493562231759657,1603.535456040606,0.4027777777777778,1514.8552928827687,0.6363636363636364,1578.5733819655838,0.6444444444444445,1626.927551573755,0.0,1500.0
104934,Thomas Kromann,9999.0,0.0,25.6,0.0,1469.8569155568566,L,4,0.25,0.25,0.0,1458.8483866411598,1.0,1516.4266674102366,0.0,1500.0,0.0,1500.0,0.0,1500.0
102623,Thomas Larsen,9999.0,0.0,26.1,180.0,1470.6873051990383,R,2,0.0,0.0,0.0,1500.0,0.0,1469.2451486875912,0.0,1500.0,0.0,1500.0,0.0,1500.0
101404,Thomas Muster,1078.0,6.0,44.0,180.0,1462.571376162986,L,3,0.0,0.0,0.0,1467.0689051073557,0.0,1490.5983148387547,0.0,1500.0,0.0,1500.0,0.0,1500.0
103531,Thomas Oger,9999.0,0.0,36.8,0.0,1507.9352357974444,U,7,0.5714285714285714,0.5714285714285714,0.5,1501.7991381199718,1.0,1529.5874708579959,0.0,1500.0,0.0,1483.2288433381086,0.0,1500.0
102473,Thomas Schiessling,652.0,22.0,29.7,180.0,1482.8001249872093,R,4,0.25,0.25,0.0,1500.0,0.25,1485.7580989196383,0.0,1500.0,0.0,1500.0,0.0,1500.0
105318,Thomas Schoorel,132.0,422.0,22.9,203.0,1514.837002325266,L,9,0.3333333333333333,0.3333333333333333,0.2857142857142857,1493.7044085456673,0.5,1513.3922445116216,0.0,1500.0,0.0,1500.0,0.0,1500.0
102529,Thomas Shimada,1351.0,1.0,28.4,178.0,1465.4489655203959,R,2,0.0,0.0,0.0,1485.6999497448633,0.0,1500.0,0.0,1483.263693206478,0.0,1500.0,0.0,1500.0
133933,Thomas Yaka Kofi Setodji,1240.0,6.0,28.9,183.0,1525.3725422529242,R,4,0.75,0.75,0.75,1526.4451213817983,0.0,1500.0,0.0,1500.0,0.0,1500.0,0.0,1500.0
105064,Thomaz Bellucci,915.0,14.0,35.1,188.0,1527.0942166566695,L,408,0.4730392156862745,0.1,0.38414634146341464,1546.9049777400587,0.5511111111111111,1532.6842072459497,0.3333333333333333,1453.0865180924525,0.0,1481.7288814228843,0.0,1500.0
104251,Ti Chen,322.0,147.0,34.3,183.0,1502.190958008911,R,33,0.45454545454545453,0.5,0.36,1446.4936632082263,1.0,1562.5122071298053,0.0,1483.3302167080171,0.6666666666666666,1514.5661035770706,0.0,1500.0
104416,Tiago Godinho,1274.0,2.0,18.0,0.0,1482.9057406748634,R,1,0.0,0.0,0.0,1500.0,0.0,1500.0,0.0,1500.0,0.0,1483.3794476189405,0.0,1500.0
103282,Tiago Sousa,964.0,5.0,22.4,0.0,1463.9011450577752,R,3,0.0,0.0,0.0,1500.0,0.0,1484.7787795920267,0.0,1500.0,0.0,1469.3784020439966,0.0,1500.0
104213,Tigran Martirosyan,9999.0,0.0,18.0,0.0,1468.0692886672693,R,2,0.0,0.0,0.0,1500.0,0.0,1483.3328489185728,0.0,1500.0,0.0,1484.0,0.0,1500.0
105853,Tigre Hank,567.0,57.0,24.8,188.0,1417.788095817357,L,9,0.1111111111111111,0.1111111111111111,0.14285714285714285,1443.2676594580114,0.0,1470.2413080557435,0.0,1500.0,0.0,1500.0,0.0,1500.0
104910,Tihomir Grozdanov,1661.0,2.0,28.2,0.0,1534.5929287351778,U,6,0.6666666666666666,0.6666666666666666,1.0,1516.4771342010372,0.75,1527.2207461842627,0.0,1500.0,0.0,1483.263693206478,0.0,1500.0
105798,Tilen Zitnik,1644.0,1.0,25.7,0.0,1470.0009582715397,R,2,0.0,0.0,0.0,1471.3528967524599,0.0,1500.0,0.0,1500.0,0.0,1500.0,0.0,1500.0
105131,Tim Goransson,800.0,18.0,20.2,0.0,1465.9627075566204,U,2,0.0,0.0,0.0,1500.0,0.0,1465.730626619116,0.0,1500.0,0.0,1500.0,0.0,1500.0
102450,Tim Henman,92.0,445.0,33.0,185.0,1636.7727624692147,R,442,0.6561085972850679,0.4,0.656,1654.1740060420057,0.5862068965517241,1607.9412408952342,0.7142857142857143,1675.467615527656,0.7142857142857143,1639.9692336679793,0.0,1500.0
105047,Tim Puetz,183.0,275.0,27.1,185.0,1505.7753746230312,R,3,0.3333333333333333,0.3333333333333333,0.0,1486.4077441714219,0.0,1500.0,0.5,1499.2233014576382,0.0,1500.0,0.0,1500.0
105065,Tim Smyczek,281.0,135.0,31.5,175.0,1488.1357368581328,R,128,0.3359375,0.2,0.3469387755102041,1473.656644182522,0.25,1449.1982126034745,0.3333333333333333,1465.747882078734,0.0,1500.0,0.0,1500.0
126646,Tim Van Rijthoven,9999.0,0.0,27.1,188.0,1577.7068577611783,R,22,0.5,0.3,0.2727272727272727,1468.117446330052,0.0,1500.0,0.7272727272727273,1578.7069110026425,0.0,1500.0,0.0,1500.0
103348,Timo Fleischfresser,566.0,28.0,21.3,0.0,1481.036066324914,U,1,0.0,0.0,0.0,1500.0,0.0,1482.224633491377,0.0,1500.0,0.0,1500.0,0.0,1500.0
103860,Timo Nieminen,314.0,139.0,30.3,185.0,1394.0830635531165,R,12,0.16666666666666666,0.2,0.0,1455.8170817549064,0.25,1444.2276862634117,0.0,1500.0,0.0,1484.8181183039583,0.0,1500.0
207608,Timofey Skatov,192.0,299.0,23.7,175.0,1584.6785892011458,R,17,0.47058823529411764,0.5,0.2222222222222222,1477.652866964145,0.75,1588.3404147910353,0.0,1500.0,0.0,1500.0,0.0,1500.0
105002,Timothy Neilly,1083.0,10.0,21.8,0.0,1444.8783197264895,R,6,0.16666666666666666,0.16666666666666666,0.25,1468.922111776685,0.0,1473.0754287617333,0.0,1500.0,0.0,1500.0,0.0,1500.0
208169,Titouan Droguet,174.0,338.0,23.3,191.0,1489.4083350773553,R,4,0.25,0.25,0.3333333333333333,1490.7328661236327,0.0,1489.686947590069,0.0,1500.0,0.0,1500.0,0.0,1500.0
103424,Tobias Clemens,207.0,194.0,27.1,185.0,1512.442599463395,R,4,0.5,0.5,0.6666666666666666,1518.0242929988092,0.0,1500.0,0.0,1500.0,0.0,1484.0,0.0,1500.0
104735,Tobias Kamke,231.0,201.0,33.2,180.0,1564.0209009568534,R,163,0.3803680981595092,0.5,0.3711340206185567,1517.157804117822,0.37209302325581395,1528.8901876761963,0.43478260869565216,1502.6385666293168,0.0,1500.0,0.0,1500.0
103964,Tobias Klein,839.0,13.0,23.2,170.0,1486.8130512059558,R,1,0.0,0.0,0.0,1500.0,0.0,1500.0,0.0,1484.3470008958002,0.0,1500.0,0.0,1500.0
104121,Tobias Summerer,219.0,176.0,24.2,185.0,1444.768033108635,R,9,0.1111111111111111,0.1111111111111111,0.0,1486.059912333822,0.16666666666666666,1456.6566661191812,0.0,1490.3511281687872,0.0,1500.0,0.0,1500.0
102464,Todd Larkham,168.0,220.0,29.2,178.0,1475.8115851182347,R,7,0.14285714285714285,0.14285714285714285,0.2,1492.3684529416073,0.0,1481.6012793397833,0.0,1485.526656591032,0.0,1500.0,0.0,1500.0
101774,Todd Martin,96.0,448.0,34.1,198.0,1584.227021845339,R,143,0.5314685314685315,0.2,0.5555555555555556,1560.5707497395817,0.3870967741935484,1495.7132386141857,0.6363636363636364,1578.8566631165247,0.0,1500.0,0.0,1500.0
102751,Todd Perry,484.0,44.0,24.8,175.0,1485.6446292051771,R,1,0.0,0.0,0.0,1484.9044520151886,0.0,1500.0,0.0,1500.0,0.0,1500.0,0.0,1500.0
104379,Todd Reid,175.0,246.0,20.6,180.0,1489.3043778434057,R,35,0.37142857142857144,0.2,0.4,1495.9939163879474,0.0,1483.2766284990846,0.3333333333333333,1465.0309349079917,0.0,1500.0,0.0,1500.0
104167,Todd Widom,232.0,326.0,25.8,0.0,1541.9031016672532,R,10,0.5,0.5,0.5,1529.9132123603877,0.0,1500.0,0.0,1500.0,0.0,1500.0,0.0,1500.0
101889,Todd Woodbridge,9999.0,0.0,33.9,178.0,1484.8176243908383,R,23,0.43478260869565216,0.5,0.2727272727272727,1430.352389409861,0.3333333333333333,1483.0053925685663,0.6666666666666666,1545.5319303858187,0.0,1500.0,0.0,1500.0
103936,Todor Enev,780.0,16.0,29.0,0.0,1464.204603496327,R,23,0.43478260869565216,0.3,0.3333333333333333,1468.4338974926925,0.3333333333333333,1454.7368156529158,0.0,1500.0,0.8,1541.973488295427,0.0,1500.0
134507,Tom Diederich,9999.0,0.0,23.2,0.0,1485.285458211256,L,1,0.0,0.0,0.0,1485.3148702974647,0.0,1500.0,0.0,1500.0,0.0,1500.0,0.0,1500.0
105587,Tom Kocevar Desman,688.0,35.0,31.1,180.0,1478.671002671257,R,4,0.25,0.25,0.0,1456.5835222931537,1.0,1516.6838130553156,0.0,1500.0,0.0,1500.0,0.0,1500.0
144642,Tomas Barrios Vera,162.0,370.0,26.7,191.0,1463.6244065201104,R,22,0.3181818181818182,0.3,0.16666666666666666,1452.2263732239953,0.38461538461538464,1496.3500868076585,0.3333333333333333,1500.1368507619911,0.0,1500.0,0.0,1500.0
102494,Tomas Behrend,152.0,270.0,31.5,193.0,1421.3240941093832,R,111,0.36036036036036034,0.2,0.3142857142857143,1381.8597965584497,0.3880597014925373,1488.9160144953846,0.0,1443.176936065622,0.6,1521.1780963659469,0.0,1500.0
104607,Tomas Berdych,98.0,540.0,33.9,196.0,1752.9881770241295,R,961,0.6534859521331946,0.3,0.653910149750416,1760.5812936677357,0.6363636363636364,1776.841983188025,0.6804123711340206,1699.5974088521252,0.7142857142857143,1623.8758642705639,0.0,1500.0
103761,Tomas Cakl,283.0,135.0,26.7,178.0,1459.9946876393196,R,12,0.25,0.2,0.14285714285714285,1437.5358015228257,0.5,1500.4165413617968,0.0,1500.0,0.3333333333333333,1494.4305882183767,0.0,1500.0
207830,Tomas Machac,27.0,1723.0,24.0,183.0,1861.294576402387,R,83,0.5783132530120482,0.7,0.5932203389830508,1810.1543621732646,0.6,1624.0255140378697,0.25,1482.1965997127445,0.0,1500.0,0.0,1500.0
144869,Tomas Martin Etcheverry,39.0,1315.0,25.3,196.0,1663.2165902621684,R,132,0.4621212121212121,0.4,0.4107142857142857,1602.8228633523909,0.5294117647058824,1656.1745598821574,0.25,1446.6758777723735,0.0,1500.0,0.0,1500.0
103626,Tomas Tenconi,147.0,299.0,24.7,178.0,1486.666747688298,R,3,0.3333333333333333,0.3333333333333333,0.0,1500.0,0.3333333333333333,1483.9265408335305,0.0,1500.0,0.0,1500.0,0.0,1500.0
202219,Tomas Vaise,9999.0,0.0,19.0,0.0,1469.2397358125882,L,2,0.0,0.0,0.0,1468.7633330102908,0.0,1500.0,0.0,1500.0,0.0,1500.0,0.0,1500.0
102720,Tomas Zib,292.0,124.0,32.5,178.0,1457.1788129135434,R,130,0.2923076923076923,0.3,0.2982456140350877,1401.980290016313,0.28,1423.2969384295745,0.375,1467.8697351805097,0.14285714285714285,1449.5920906103825,0.0,1500.0
105493,Tomislav Brkic,545.0,47.0,29.5,185.0,1435.304042418573,R,12,0.25,0.3,0.375,1470.3924938143648,0.0,1452.0905965720465,0.0,1500.0,0.0,1484.0,0.0,1500.0
105662,Tomislav Jotovski,1412.0,2.0,19.6,0.0,1453.466353490496,R,3,0.0,0.0,0.0,1485.9145387196638,0.0,1467.459677424169,0.0,1500.0,0.0,1500.0,0.0,1500.0
104161,Tomislav Peric,1255.0,3.0,23.0,0.0,1488.7708144055243,R,1,0.0,0.0,0.0,1500.0,0.0,1489.6482535741172,0.0,1500.0,0.0,1500.0,0.0,1500.0
105630,Tomislav Ternar,792.0,23.0,26.5,0.0,1487.3584300286723,U,3,0.3333333333333333,0.3333333333333333,0.3333333333333333,1487.0456951561775,0.0,1500.0,0.0,1500.0,0.0,1500.0,0.0,1500.0
103163,Tommy Haas,248.0,205.0,39.3,188.0,1623.1527377254185,R,687,0.6462882096069869,0.3,0.6580188679245284,1667.1491503012255,0.608433734939759,1671.7035565161518,0.6515151515151515,1656.9201199168615,0.6774193548387096,1634.67411140784,0.0,1500.0
126205,Tommy Paul,12.0,3180.0,27.4,185.0,1858.379975646083,R,293,0.5802047781569966,0.6,0.5942028985507246,1789.7940263476646,0.46,1643.3099140601832,0.6666666666666666,1689.1263655648984,0.0,1500.0,0.0,1500.0
103990,Tommy Robredo,362.0,118.0,39.9,180.0,1563.8574838844743,R,866,0.5981524249422633,0.2,0.5572139303482587,1643.2200064649298,0.6631299734748011,1543.2665346451333,0.5454545454545454,1544.890992909529,0.4375,1502.7428290635826,0.0,1500.0
105888,Toni Androic,363.0,119.0,23.5,168.0,1482.5860734324394,R,2,0.0,0.0,0.0,1490.7653535345603,0.0,1488.7781469199629,0.0,1500.0,0.0,1500.0,0.0,1500.0
104272,Torsten Popp,222.0,178.0,22.6,0.0,1476.4529341697366,R,2,0.0,0.0,0.0,1500.0,0.0,1474.9626473203016,0.0,1500.0,0.0,1500.0,0.0,1500.0
103175,Toshihide Matsui,536.0,42.0,29.4,180.0,1543.7375649854157,R,6,0.6666666666666666,0.6666666666666666,0.6,1530.2697687444374,0.0,1500.0,0.0,1500.0,1.0,1515.263693206478,0.0,1500.0
104224,Travis Rettenmaier,297.0,105.0,22.5,188.0,1516.5190903344592,R,4,0.5,0.5,0.5,1503.2422161550285,0.0,1500.0,0.5,1503.0111296225305,0.0,1500.0,0.0,1500.0
104600,Treat Conrad Huey,9999.0,0.0,29.5,178.0,1515.4219485576857,L,15,0.5333333333333333,0.7,0.5714285714285714,1522.6612930017411,0.5714285714285714,1509.752765820788,0.0,1500.0,0.0,1484.0,0.0,1500.0
200336,Trent Bryde,1164.0,7.0,21.9,183.0,1488.7160390951583,R,1,0.0,0.0,0.0,1488.3518436871298,0.0,1500.0,0.0,1500.0,0.0,1500.0,0.0,1500.0
103097,Trevor Spracklin,882.0,9.0,24.6,190.0,1480.6225342777236,R,1,0.0,0.0,0.0,1481.4967787742348,0.0,1500.0,0.0,1500.0,0.0,1500.0,0.0,1500.0
103039,Tripp Phillips,413.0,68.0,26.5,185.0,1491.3235297556496,R,1,0.0,0.0,0.0,1490.0220145354776,0.0,1500.0,0.0,1500.0,0.0,1500.0,0.0,1500.0
106137,Tristan Lamasine,271.0,204.0,27.8,183.0,1510.020171548016,R,9,0.3333333333333333,0.3333333333333333,0.3333333333333333,1502.2653649225012,0.4,1501.4558635532292,0.0,1488.7610227332495,0.0,1500.0,0.0,1500.0
209262,Tristan Schoolkate,193.0,308.0,23.4,183.0,1474.0833255029636,R,5,0.2,0.2,0.25,1478.2595731058848,0.0,1500.0,0.0,1487.1483644740158,0.0,1500.0,0.0,1500.0
108653,Troy Stone,9999.0,0.0,21.7,0.0,1485.2890407842142,U,1,0.0,0.0,0.0,1483.263693206478,0.0,1500.0,0.0,1500.0,0.0,1500.0,0.0,1500.0
108610,Tsolak Gevorgyan,9999.0,0.0,26.8,0.0,1428.9718592734596,U,7,0.14285714285714285,0.14285714285714285,0.0,1454.1721796717984,0.0,1455.8385539228564,0.0,1500.0,1.0,1516.0,0.0,1500.0
105738,Tsung Hua Yang,447.0,87.0,25.4,178.0,1361.0288941635702,R,22,0.18181818181818182,0.1,0.18181818181818182,1352.7416780535978,0.0,1500.0,0.0,1500.0,0.0,1500.0,0.0,1500.0
120401,Tucker Vorster,410.0,100.0,27.8,196.0,1538.1420013372174,R,7,0.7142857142857143,0.7142857142857143,0.8,1543.301712106405,0.5,1500.736306793522,0.0,1500.0,0.0,1500.0,0.0,1500.0
105284,Tuna Altuna,932.0,9.0,21.4,185.0,1480.3629262120153,R,1,0.0,0.0,0.0,1500.0,0.0,1500.0,0.0,1479.2794540108982,0.0,1500.0,0.0,1500.0
121648,Tunde Segodo,9999.0,0.0,18.1,0.0,1484.0,U,1,0.0,0.0,0.0,1500.0,0.0,1484.0,0.0,1500.0,0.0,1500.0,0.0,1500.0
126555,Tung Lin Wu,318.0,164.0,26.3,188.0,1556.1483851218788,R,13,0.5384615384615384,0.5,0.5384615384615384,1547.758432929651,0.0,1500.0,0.0,1500.0,0.0,1500.0,0.0,1500.0
102538,Tuomas Ketola,210.0,185.0,30.3,185.0,1422.854234237285,R,31,0.3225806451612903,0.3,0.3888888888888889,1477.9881414813665,0.0,1466.4037289921703,0.25,1468.537982322433,0.2857142857142857,1458.0755566961584,0.0,1500.0
108727,Tyler Chin,9999.0,0.0,21.0,0.0,1481.578906629415,U,1,0.0,0.0,0.0,1482.6299939443354,0.0,1500.0,0.0,1500.0,0.0,1500.0,0.0,1500.0
108654,Tyler Mayers,9999.0,0.0,19.3,0.0,1484.736306793522,U,1,0.0,0.0,0.0,1484.0,0.0,1500.0,0.0,1500.0,0.0,1500.0,0.0,1500.0
105717,Tzvetan Mihov,9999.0,0.0,20.3,0.0,1477.3317591978964,R,2,0.0,0.0,0.0,1483.281053815378,0.0,1500.0,0.0,1500.0,0.0,1490.1322643573571,0.0,1500.0
200259,Ugo Blanchet,161.0,370.0,25.5,175.0,1498.3595594327146,R,3,0.3333333333333333,0.3333333333333333,0.0,1484.6388999329276,0.5,1506.2381528432115,0.0,1500.0,0.0,1500.0,0.0,1500.0
200005,Ugo Humbert,18.0,2385.0,26.3,188.0,1825.0652229327493,L,263,0.5285171102661597,0.7,0.5738636363636364,1850.3659224769626,0.3181818181818182,1459.5129355158588,0.5581395348837209,1585.7964843790053,0.0,1500.0,0.0,1500.0
111167,Ugo Nastasi,9999.0,0.0,24.7,185.0,1418.538009959994,R,11,0.18181818181818182,0.2,0.25,1445.3820749210556,0.0,1456.8653208981534,0.0,1500.0,0.0,1500.0,0.0,1500.0
105590,Uladzimir Ignatik,209.0,240.0,25.1,183.0,1501.3301181998852,R,29,0.4827586206896552,0.4,0.6875,1580.9733340856724,0.2727272727272727,1446.0020329392328,0.0,1500.0,0.0,1468.4313751152063,0.0,1500.0
200265,Ulises Blanch,244.0,207.0,22.4,188.0,1494.471037510942,R,1,0.0,0.0,0.0,1486.2185144238147,0.0,1500.0,0.0,1500.0,0.0,1500.0,0.0,1500.0
103716,Uros Vico,254.0,141.0,24.5,188.0,1484.6064344090223,R,7,0.2857142857142857,0.2857142857142857,0.5,1503.8226127097464,0.0,1491.2378358853884,0.0,1491.0214868156274,0.3333333333333333,1490.4487428366006,0.0,1500.0
106324,Vaclav Safranek,233.0,227.0,23.8,183.0,1472.2229109927257,R,3,0.0,0.0,0.0,1484.4150753050553,0.0,1482.796384502733,0.0,1500.0,0.0,1500.0,0.0,1500.0
104439,Vadim Davletshin,620.0,31.0,21.0,0.0,1474.200627626927,U,2,0.0,0.0,0.0,1485.1307217019385,0.0,1500.0,0.0,1500.0,0.0,1483.6722478312638,0.0,1500.0
102957,Vadim Kutsenko,366.0,85.0,27.0,180.0,1462.760649407505,R,30,0.4,0.3,0.4090909090909091,1463.523797664318,0.16666666666666666,1456.2587018619017,0.0,1500.0,1.0,1532.1555423732495,0.0,1500.0
105159,Vaja Uzakov,959.0,8.0,22.7,0.0,1415.1057795290972,R,6,0.0,0.0,0.0,1452.549880877071,0.0,1451.9013884082983,0.0,1500.0,0.0,1500.0,0.0,1500.0
105305,Valentin Dimov,794.0,15.0,21.3,0.0,1469.313495564143,R,2,0.0,0.0,0.0,1500.0,0.0,1466.5259103527949,0.0,1500.0,0.0,1500.0,0.0,1500.0
108724,Valentin Rahmine,9999.0,0.0,17.4,0.0,1465.8236059603882,R,2,0.0,0.0,0.0,1500.0,0.0,1468.97037123573,0.0,1500.0,0.0,1500.0,0.0,1500.0
103568,Valentin Sanon,688.0,23.0,25.1,0.0,1403.8946215479987,R,21,0.2857142857142857,0.2,0.4,1482.0189717615526,0.3333333333333333,1456.7026854800872,0.0,1500.0,0.14285714285714285,1434.7328866643302,0.0,1500.0
200473,Valentin Vacherot,116.0,543.0,25.5,193.0,1476.991320218041,R,10,0.3,0.3,0.5,1505.2085708618977,0.25,1463.771473922284,0.0,1500.0,0.0,1500.0,0.0,1500.0
105577,Vasek Pospisil,486.0,84.0,33.6,193.0,1650.0890060579654,R,298,0.42953020134228187,0.5,0.47413793103448276,1645.5065174041308,0.05,1353.4038215251428,0.37777777777777777,1447.505444877742,0.0,1484.0,0.0,1500.0
103505,Vasilis Mazarakis,126.0,344.0,26.0,178.0,1494.903397781005,R,19,0.42105263157894735,0.4,0.3333333333333333,1483.4888326110802,0.4,1496.2006289821911,0.0,1500.0,0.6666666666666666,1513.1979970992572,0.0,1500.0
110781,Vasilly Kazhera,1087.0,3.0,18.4,0.0,1479.2481923899793,U,1,0.0,0.0,0.0,1500.0,0.0,1500.0,0.0,1500.0,0.0,1484.0,0.0,1500.0
108589,Vasuthevan Ortchuan,9999.0,0.0,26.9,0.0,1485.4358728782763,U,1,0.0,0.0,0.0,1485.4358728782763,0.0,1500.0,0.0,1500.0,0.0,1500.0,0.0,1500.0
209907,Viacheslav Bielinskyi,498.0,81.0,20.1,71.0,1499.414477404587,R,3,0.3333333333333333,0.3333333333333333,0.0,1473.5464201004315,0.0,1500.0,0.0,1500.0,0.0,1500.0,1.0,1516.0
108718,Vicente Elberto Anasta,9999.0,0.0,31.0,0.0,1468.2647279179382,R,2,0.0,0.0,0.0,1500.0,0.0,1467.176867685429,0.0,1500.0,0.0,1500.0,0.0,1500.0
106066,Victor Baluda,466.0,80.0,22.0,0.0,1493.6016425442506,R,1,0.0,0.0,0.0,1493.5836572924948,0.0,1500.0,0.0,1500.0,0.0,1500.0,0.0,1500.0
103467,Victor Bruthans,318.0,100.0,26.2,0.0,1483.7603862834271,R,1,0.0,0.0,0.0,1500.0,0.0,1484.0324426348293,0.0,1500.0,0.0,1500.0,0.0,1500.0
104003,Victor Crivoi,206.0,230.0,31.1,185.0,1417.4668501468336,R,52,0.3076923076923077,0.2,0.2727272727272727,1469.4373937160512,0.3333333333333333,1430.4906600388488,0.3333333333333333,1476.5605753928864,0.0,1474.1165857078238,0.0,1500.0
103607,Victor Estrella,198.0,291.0,37.9,173.0,1464.3209279404164,R,150,0.5133333333333333,0.1,0.4492753623188406,1455.588705931713,0.6268656716417911,1587.617804300731,0.2857142857142857,1437.408949854151,0.0,1500.0,0.0,1500.0
103812,Victor Hanescu,146.0,375.0,33.6,198.0,1576.846906991164,R,423,0.44680851063829785,0.2,0.32666666666666666,1448.73248046048,0.5374449339207048,1638.3544207839893,0.41935483870967744,1466.294686909596,0.3333333333333333,1443.639825957817,0.0,1500.0
104181,Victor Ionita,271.0,142.0,23.3,185.0,1461.685311136879,R,3,0.0,0.0,0.0,1500.0,0.0,1460.9218526140003,0.0,1500.0,0.0,1500.0,0.0,1500.0
108611,Victor Ribas,1327.0,1.0,22.6,0.0,1484.0,U,1,0.0,0.0,0.0,1500.0,0.0,1500.0,0.0,1500.0,0.0,1484.0,0.0,1500.0
103316,Victor Romero,495.0,51.0,26.4,0.0,1515.2814534469235,R,1,1.0,1.0,1.0,1515.263693206478,0.0,1500.0,0.0,1500.0,0.0,1500.0,0.0,1500.0
105482,Vijayant Malik,537.0,55.0,22.9,0.0,1468.032573269202,R,2,0.0,0.0,0.0,1467.9448004413932,0.0,1500.0,0.0,1500.0,0.0,1500.0,0.0,1500.0
126340,Viktor Durasovic,413.0,110.0,26.8,185.0,1443.3835446889834,R,30,0.26666666666666666,0.3,0.25925925925925924,1425.3148558510195,0.3333333333333333,1490.9018840475628,0.0,1500.0,0.0,1500.0,0.0,1500.0
105852,Viktor Filipenko,773.0,20.0,21.5,0.0,1448.378289568363,U,3,0.0,0.0,0.0,1451.6096507214552,0.0,1500.0,0.0,1500.0,0.0,1500.0,0.0,1500.0
105634,Viktor Galovic,197.0,259.0,28.8,193.0,1483.3278876899176,R,9,0.3333333333333333,0.3333333333333333,0.0,1500.0,0.42857142857142855,1497.756744270991,0.0,1468.4368034812821,0.0,1500.0,0.0,1500.0
104678,Viktor Troicki,230.0,294.0,35.3,193.0,1557.5868072289,R,542,0.518450184501845,0.3,0.5258620689655172,1541.468655838154,0.49624060150375937,1579.8463997700126,0.5245901639344263,1547.9079401602107,0.0,1500.0,0.0,1500.0
209147,Vilius Gaubas,182.0,324.0,19.6,178.0,1468.7313620799735,R,7,0.2857142857142857,0.2857142857142857,0.2,1460.3607920644681,0.0,1493.2562087261538,0.0,1500.0,0.0,1500.0,1.0,1516.0
102395,Ville Liukko,572.0,28.0,26.8,173.0,1499.0677313290705,R,8,0.5,0.5,0.4,1488.0701301436582,0.0,1500.0,0.0,1500.0,0.6666666666666666,1511.8204834356318,0.0,1500.0
108776,Vimuktha De Alwis,9999.0,0.0,17.8,0.0,1483.7086934197182,R,1,0.0,0.0,0.0,1500.0,0.0,1482.7476849120037,0.0,1500.0,0.0,1500.0,0.0,1500.0
104672,Vincent Millot,291.0,174.0,32.4,173.0,1497.9694958927473,L,29,0.27586206896551724,0.4,0.32,1485.0212955830043,0.0,1458.3318899421818,0.0,1483.326120356501,0.0,1500.0,0.0,1500.0
102434,Vincent Spadea,361.0,106.0,35.5,183.0,1460.3360559395646,R,368,0.44565217391304346,0.2,0.4658119658119658,1454.234045761885,0.35294117647058826,1461.595198265941,0.4782608695652174,1504.3705646564326,0.45,1475.077135921335,0.0,1500.0
101947,Vincenzo Santopadre,145.0,259.0,32.4,183.0,1453.6733948317592,L,6,0.16666666666666666,0.16666666666666666,0.0,1500.0,0.25,1477.126202056854,0.0,1500.0,0.0,1469.142826443164,0.0,1500.0
104286,Vishal Punna,821.0,12.0,20.0,0.0,1482.3174975446516,R,1,0.0,0.0,0.0,1500.0,0.0,1500.0,0.0,1500.0,0.0,1482.0446606882526,0.0,1500.0
102885,Vishal Uppal,526.0,43.0,29.1,0.0,1481.650491075673,R,1,0.0,0.0,0.0,1481.71834807736,0.0,1500.0,0.0,1500.0,0.0,1500.0,0.0,1500.0
104986,Vishnu Vardhan,262.0,178.0,25.1,188.0,1477.3808082723908,R,5,0.2,0.2,0.25,1486.6874208284235,0.0,1500.0,0.0,1480.2618837723392,0.0,1500.0,0.0,1500.0
200240,Vit Kopriva,113.0,553.0,27.1,178.0,1475.8629462004067,R,18,0.3333333333333333,0.1,0.3333333333333333,1489.8504266374878,0.36363636363636365,1472.9726418558685,0.0,1498.7591037722711,0.0,1500.0,0.0,1500.0
108967,Vitaliy Pavlov,9999.0,0.0,21.9,0.0,1482.814684039641,U,1,0.0,0.0,0.0,1482.6820284901453,0.0,1500.0,0.0,1500.0,0.0,1500.0,0.0,1500.0
126964,Vitaliy Sachko,386.0,125.0,27.1,188.0,1433.8606363596132,R,7,0.0,0.0,0.0,1450.1682328810866,0.0,1476.2940768070523,0.0,1500.0,0.0,1500.0,0.0,1500.0
104988,Vivek Shokeen,733.0,22.0,19.5,0.0,1467.796254498348,R,2,0.0,0.0,0.0,1500.0,0.0,1469.4387739660467,0.0,1500.0,0.0,1500.0,0.0,1500.0
104901,Vladimir Ivanov,717.0,32.0,34.4,0.0,1496.5418315961447,R,13,0.46153846153846156,0.5,0.6666666666666666,1536.8207347469997,0.0,1455.2616344782614,0.0,1500.0,0.0,1483.8505994035008,0.0,1500.0
103704,Vladimir Obradovic,775.0,13.0,21.2,196.0,1483.019857403121,R,1,0.0,0.0,0.0,1500.0,0.0,1481.8472826838133,0.0,1500.0,0.0,1500.0,0.0,1500.0
102942,Vladimir Pavicevic,412.0,66.0,25.3,0.0,1512.1787346861927,R,3,0.6666666666666666,0.6666666666666666,0.0,1483.8726618149753,1.0,1529.0731151730038,0.0,1500.0,0.0,1500.0,0.0,1500.0
103166,Vladimir Voltchkov,423.0,71.0,30.2,180.0,1530.6426937160445,R,127,0.44881889763779526,0.4,0.4583333333333333,1496.4464032479261,0.06666666666666667,1385.0674078679597,0.47058823529411764,1483.529445246898,0.6521739130434783,1580.7281383253908,0.0,1500.0
106169,Vladyslav Manafov,441.0,92.0,22.3,0.0,1498.9380162283512,L,3,0.3333333333333333,0.3333333333333333,0.5,1506.2859445887618,0.0,1493.9621245955339,0.0,1500.0,0.0,1500.0,0.0,1500.0
200550,Vladyslav Orlov,598.0,58.0,28.7,188.0,1501.3239032626839,R,5,0.4,0.4,0.25,1482.818670251174,0.0,1500.0,0.0,1500.0,0.0,1500.0,1.0,1516.0
108923,Wahib Maknieh,9999.0,0.0,19.5,0.0,1469.3452573163145,U,2,0.0,0.0,0.0,1484.147801016539,0.0,1500.0,0.0,1500.0,0.0,1483.263693206478,0.0,1500.0
207852,Wai Yu Kai,9999.0,0.0,18.9,0.0,1468.5214254854536,R,2,0.0,0.0,0.0,1468.4723801580856,0.0,1500.0,0.0,1500.0,0.0,1500.0,0.0,1500.0
208206,Walid Ahouda,1077.0,9.0,19.9,0.0,1484.0,U,1,0.0,0.0,0.0,1484.0,0.0,1500.0,0.0,1500.0,0.0,1500.0,0.0,1500.0
103226,Walid Jallali,1014.0,9.0,30.0,0.0,1512.792278957037,R,7,0.5714285714285714,0.5714285714285714,0.5,1500.0199775852254,0.6,1515.6013778064698,0.0,1500.0,0.0,1500.0,0.0,1500.0
108616,Walter Barahona,9999.0,0.0,28.9,0.0,1483.295794844354,U,1,0.0,0.0,0.0,1483.2960490989922,0.0,1500.0,0.0,1500.0,0.0,1500.0,0.0,1500.0
104473,Walter Trusendi,386.0,101.0,27.5,0.0,1484.1938958770254,U,1,0.0,0.0,0.0,1500.0,0.0,1480.9730834689192,0.0,1500.0,0.0,1500.0,0.0,1500.0
105003,Wan Gao,1249.0,4.0,20.6,0.0,1484.0,U,1,0.0,0.0,0.0,1484.0,0.0,1500.0,0.0,1500.0,0.0,1500.0,0.0,1500.0
106136,Warit Sornbutnark,1101.0,8.0,22.5,180.0,1462.288767109867,R,6,0.3333333333333333,0.3333333333333333,0.3333333333333333,1461.4709195186822,0.0,1500.0,0.0,1500.0,0.0,1500.0,0.0,1500.0
101885,Wayne Arthurs,195.0,219.0,36.2,190.0,1604.2838395460053,L,254,0.44881889763779526,0.5,0.4482758620689655,1575.6340138984813,0.3617021276595745,1461.838596533154,0.5272727272727272,1522.8129772527363,0.42857142857142855,1487.8248284526073,0.0,1500.0
102286,Wayne Black,9999.0,0.0,31.8,170.0,1537.194267635615,R,55,0.41818181818181815,0.6,0.45454545454545453,1528.1945855419474,0.5,1499.2183666322335,0.2,1459.4809242287113,0.25,1478.880559777306,0.0,1500.0
101965,Wayne Ferreira,249.0,160.0,33.4,185.0,1576.8952937918687,R,217,0.5622119815668203,0.2,0.572463768115942,1543.4011736393106,0.5405405405405406,1579.702399098595,0.6551724137931034,1587.1992912954154,0.3076923076923077,1440.9930844097523,0.0,1500.0
104639,Wayne Odesnik,176.0,293.0,28.7,180.0,1549.8773116564817,L,97,0.422680412371134,0.2,0.36065573770491804,1478.136667837917,0.59375,1619.6852901056216,0.0,1440.458051785155,0.0,1500.0,0.0,1500.0
104949,Weerapat Doakmaiklee,703.0,25.0,23.2,0.0,1418.6972274626155,R,9,0.1111111111111111,0.1111111111111111,0.16666666666666666,1450.9720356784833,0.0,1500.0,0.0,1500.0,0.0,1460.1192570497826,0.0,1500.0
103659,Wei Jen Cheng,9999.0,0.0,22.7,0.0,1488.895031247166,R,11,0.45454545454545453,0.4,0.5,1501.7350169421022,0.0,1500.0,0.0,1468.736306793522,1.0,1516.0,0.0,1500.0
108631,Wen Lung Chang,9999.0,0.0,20.7,0.0,1515.2312658084636,U,1,1.0,1.0,1.0,1515.2312658084636,0.0,1500.0,0.0,1500.0,0.0,1500.0,0.0,1500.0
102381,Werner Eschauer,218.0,179.0,34.2,188.0,1357.3197306072066,R,52,0.2692307692307692,0.0,0.15384615384615385,1412.3446549339058,0.3235294117647059,1417.4517627084058,0.3333333333333333,1489.2183698741323,0.0,1466.386689693163,0.0,1500.0
103325,Wesley Moodie,157.0,274.0,28.6,196.0,1582.5053791416115,R,124,0.45161290322580644,0.6,0.46511627906976744,1565.497045491954,0.0,1458.117187867417,0.43478260869565216,1504.0382869972568,0.5,1511.1667854872824,0.0,1500.0
103339,Wesley Whitehouse,373.0,87.0,28.3,190.0,1492.3563240528879,L,10,0.4,0.4,0.42857142857142855,1497.1745198525591,0.0,1500.0,0.3333333333333333,1492.9868006093716,0.0,1500.0,0.0,1500.0
108947,West Nott,9999.0,0.0,29.0,0.0,1528.5807427411535,R,6,0.6666666666666666,0.6666666666666666,0.8,1543.2214004910459,0.0,1500.0,0.0,1500.0,0.0,1484.0,0.0,1500.0
108739,Wilfredo Gonzalez,1089.0,7.0,27.1,188.0,1494.9786285577275,R,10,0.5,0.5,0.5555555555555556,1512.2173510552866,0.0,1484.1141389073164,0.0,1500.0,0.0,1500.0,0.0,1500.0
108922,Will Farah Lebar,9999.0,0.0,26.7,0.0,1487.0173187599717,U,3,0.3333333333333333,0.3333333333333333,0.0,1470.7548627888093,0.0,1500.0,0.0,1500.0,1.0,1516.0,0.0,1500.0
144652,William Blumberg,773.0,21.0,24.4,188.0,1490.4454649106722,R,1,0.0,0.0,0.0,1500.0,0.0,1500.0,0.0,1485.5772812247424,0.0,1500.0,0.0,1500.0
144774,William Kirkman,9999.0,0.0,16.1,0.0,1483.352634730702,R,1,0.0,0.0,0.0,1483.263693206478,0.0,1500.0,0.0,1500.0,0.0,1500.0,0.0,1500.0
108672,William Lock,9999.0,0.0,21.4,0.0,1514.6274836449331,R,3,0.6666666666666666,0.6666666666666666,0.0,1500.0,1.0,1530.5612260339533,0.0,1500.0,0.0,1484.0,0.0,1500.0
108911,William Ward,1425.0,1.0,18.0,0.0,1487.0583651415882,L,1,0.0,0.0,0.0,1486.9748467624113,0.0,1500.0,0.0,1500.0,0.0,1500.0,0.0,1500.0
108593,Wing Luen Wong,9999.0,0.0,25.8,0.0,1560.9940829405205,U,13,0.6923076923076923,0.8,0.6923076923076923,1560.8849630323584,0.0,1500.0,0.0,1500.0,0.0,1500.0,0.0,1500.0
106397,Wishaya Trongcharoenchaikul,780.0,29.0,28.8,193.0,1542.8557826536824,R,21,0.5714285714285714,0.6,0.5454545454545454,1525.704938889766,0.625,1527.27655986517,0.5,1504.5150763434465,0.0,1500.0,0.0,1500.0
106309,Wisnu Adi Nugroho,1787.0,1.0,19.4,0.0,1448.1309133690506,U,6,0.16666666666666666,0.16666666666666666,0.16666666666666666,1445.563884319814,0.0,1500.0,0.0,1500.0,0.0,1500.0,0.0,1500.0
207457,Wojciech Marek,632.0,40.0,19.7,191.0,1489.680784350929,R,1,0.0,0.0,0.0,1490.4884011647778,0.0,1500.0,0.0,1500.0,0.0,1500.0,0.0,1500.0
102753,Wolfgang Schranz,318.0,92.0,24.3,178.0,1492.9881737955204,R,2,0.5,0.5,0.0,1500.0,0.5,1495.9395014139675,0.0,1500.0,0.0,1500.0,0.0,1500.0
104753,Woong Sun Jun,246.0,157.0,22.2,190.0,1482.5548243540238,R,22,0.45454545454545453,0.2,0.5,1511.7197725331293,0.375,1474.9195960922184,0.0,1482.4903333104942,1.0,1516.0676726427585,0.0,1500.0
207971,Xavier Lawrence,9999.0,0.0,19.1,0.0,1484.0,U,1,0.0,0.0,0.0,1484.0,0.0,1500.0,0.0,1500.0,0.0,1500.0,0.0,1500.0
103598,Xavier Malisse,113.0,495.0,33.1,185.0,1618.4542395935284,R,502,0.5258964143426295,0.4,0.5149501661129569,1543.3380747415263,0.449438202247191,1503.9044320494377,0.6363636363636364,1687.6370865670783,0.5714285714285714,1552.3606409940949,0.0,1500.0
106321,Xin Gao,944.0,14.0,20.3,180.0,1485.0627948737497,R,1,0.0,0.0,0.0,1487.452828294352,0.0,1500.0,0.0,1500.0,0.0,1500.0,0.0,1500.0
104501,Xin Yuan Yu,778.0,19.0,23.4,0.0,1475.4714171486987,L,14,0.42857142857142855,0.3,0.36363636363636365,1466.191266444317,1.0,1515.932324073613,0.0,1500.0,0.5,1502.779815508687,0.0,1500.0
117348,Y Wang,9999.0,0.0,0.0,0.0,1514.5991494343011,U,1,1.0,1.0,1.0,1516.0,0.0,1500.0,0.0,1500.0,0.0,1500.0,0.0,1500.0
105565,Ya Nan Ma,941.0,9.0,21.6,0.0,1489.4560585263353,U,1,0.0,0.0,0.0,1500.0,0.0,1500.0,0.0,1485.2251699234723,0.0,1500.0,0.0,1500.0
105339,Yan Bai,222.0,215.0,30.3,185.0,1508.1879941939012,R,13,0.38461538461538464,0.3,0.38461538461538464,1496.971805462454,0.0,1500.0,0.0,1500.0,0.0,1500.0,0.0,1500.0
210200,Yanaki Milev,445.0,97.0,20.4,180.0,1517.4676364792817,R,4,0.5,0.5,0.0,1482.4716641617968,0.6666666666666666,1514.5118617790731,0.0,1500.0,0.0,1500.0,0.0,1500.0
207129,Yanki Erel,536.0,70.0,23.9,178.0,1482.0489844136223,L,3,0.3333333333333333,0.3333333333333333,1.0,1514.4658655851244,0.0,1467.9473016420022,0.0,1500.0,0.0,1500.0,0.0,1500.0
105161,Yann Marti,391.0,111.0,28.1,173.0,1477.9874459065193,R,7,0.2857142857142857,0.2857142857142857,0.0,1500.0,0.2857142857142857,1476.1224655743003,0.0,1500.0,0.0,1500.0,0.0,1500.0
105870,Yannick Hanfmann,95.0,594.0,32.8,193.0,1672.9572419696622,R,149,0.48322147651006714,0.8,0.375,1587.4999264366636,0.5434782608695652,1615.718788096741,0.4117647058823529,1492.253693703889,0.0,1500.0,0.0,1500.0
120424,Yannick Maden,131.0,404.0,30.2,185.0,1518.489526423635,R,26,0.34615384615384615,0.3,0.3333333333333333,1494.7855056772687,0.4444444444444444,1512.8988982684527,0.0,1483.7583792545684,0.0,1500.0,0.0,1500.0
104963,Yannick Mertens,208.0,237.0,25.3,185.0,1487.0540684109346,R,3,0.3333333333333333,0.3333333333333333,0.3333333333333333,1485.5029809151224,0.0,1500.0,0.0,1500.0,0.0,1500.0,0.0,1500.0
102982,Yaoki Ishii,260.0,140.0,24.4,0.0,1455.3613069246594,R,9,0.3333333333333333,0.3333333333333333,0.0,1423.2736395113536,0.0,1500.0,0.0,1500.0,0.75,1531.200829331975,0.0,1500.0
106138,Yaraslav Shyla,426.0,88.0,24.9,191.0,1485.7045597964625,R,7,0.42857142857142855,0.42857142857142855,0.5,1496.8603117148114,0.0,1483.1767528070154,0.0,1500.0,0.0,1500.0,0.0,1500.0
102283,Yari Bernardo,9999.0,0.0,26.3,0.0,1468.0,R,2,0.0,0.0,0.0,1500.0,0.0,1468.736306793522,0.0,1500.0,0.0,1500.0,0.0,1500.0
108982,Yasir Khan,9999.0,0.0,26.8,0.0,1379.1696412950264,R,9,0.0,0.0,0.0,1423.9112824662204,0.0,1439.758445903892,0.0,1500.0,0.0,1500.0,0.0,1500.0
202462,Yasitha De Silva,9999.0,0.0,24.6,0.0,1456.5000058507032,R,3,0.0,0.0,0.0,1500.0,0.0,1452.7085039703197,0.0,1500.0,0.0,1500.0,0.0,1500.0
209120,Yassine Dlimi,1123.0,9.0,21.3,191.0,1481.3706032471316,R,3,0.3333333333333333,0.3333333333333333,0.5,1498.1174693062937,0.0,1484.0,0.0,1500.0,0.0,1500.0,0.0,1500.0
104839,Yassine Idmbarek,910.0,16.0,28.5,0.0,1496.1924581999588,U,10,0.4,0.4,0.3333333333333333,1496.8530648209035,0.42857142857142855,1493.5380927173815,0.0,1500.0,0.0,1500.0,0.0,1500.0
206642,Yassir Kilani,9999.0,0.0,17.6,0.0,1484.0,R,1,0.0,0.0,0.0,1484.0,0.0,1500.0,0.0,1500.0,0.0,1500.0,0.0,1500.0
106034,Yasutaka Uchiyama,160.0,370.0,32.1,183.0,1488.218370141194,R,41,0.3170731707317073,0.3,0.3611111111111111,1507.8078046373396,0.0,1478.9325938868203,0.0,1453.9754980186408,0.0,1500.0,0.0,1500.0
108638,Yazan Al Kasim,9999.0,0.0,16.6,0.0,1484.0,U,1,0.0,0.0,0.0,1484.0,0.0,1500.0,0.0,1500.0,0.0,1500.0,0.0,1500.0
202168,Ye Cong Mo,668.0,46.0,23.2,183.0,1493.4677788028832,R,1,0.0,0.0,0.0,1493.839010231438,0.0,1500.0,0.0,1500.0,0.0,1500.0,0.0,1500.0
104229,Yen Hsun Lu,573.0,55.0,37.9,180.0,1538.8331421886294,R,374,0.4197860962566845,0.1,0.4295774647887324,1550.0695753104853,0.21739130434782608,1428.0389075025093,0.43548387096774194,1517.8352075204427,0.6,1511.3106960739653,0.0,1500.0
102338,Yevgeny Kafelnikov,41.0,950.0,29.6,190.0,1639.7076391722949,R,315,0.6349206349206349,0.5,0.664804469273743,1648.9125926671713,0.47297297297297297,1603.4097750707278,0.6956521739130435,1594.5720622244721,0.7692307692307693,1644.5352822691862,0.0,1500.0
103427,Yew Ming Si,9999.0,0.0,31.0,0.0,1440.2412955425145,U,13,0.3076923076923077,0.3,0.36363636363636365,1458.371704853579,0.0,1471.5062796307986,0.0,1500.0,0.0,1500.0,0.0,1500.0
212044,Yi Zhou,440.0,97.0,19.5,193.0,1458.4137846776853,R,9,0.2222222222222222,0.2222222222222222,0.25,1466.1354783571196,0.0,1482.3093896677453,0.0,1500.0,0.0,1500.0,0.0,1500.0
200059,Yibing Wu,560.0,63.0,24.9,183.0,1641.8653013567032,R,44,0.45454545454545453,0.4,0.5161290322580645,1649.6356069311018,0.375,1501.8438735803893,0.2,1472.4520407731677,0.0,1500.0,0.0,1500.0
103286,Yohny Romero,710.0,22.0,31.2,0.0,1479.897265224083,R,14,0.42857142857142855,0.4,0.45454545454545453,1488.6472449350977,0.3333333333333333,1484.1456958400845,0.0,1500.0,0.0,1500.0,0.0,1500.0
102263,Yong Il Yoon,284.0,114.0,28.3,175.0,1450.8103064066775,R,12,0.3333333333333333,0.4,0.5714285714285714,1511.9532214111566,0.0,1500.0,0.0,1472.678031310505,0.0,1454.8967231470988,0.0,1500.0
105790,Yong Kyu Lim,626.0,43.0,25.0,185.0,1600.4964876172514,R,16,0.6875,0.9,0.8333333333333334,1606.9340910999354,0.0,1457.4679985831356,1.0,1516.0,0.0,1500.0,0.0,1500.0
104378,Yordan Kanev,917.0,11.0,23.1,0.0,1472.8571114254912,R,7,0.2857142857142857,0.2857142857142857,0.0,1484.0,0.25,1474.2451467429685,0.0,1500.0,0.5,1497.9440163048218,0.0,1500.0
106415,Yoshihito Nishioka,59.0,849.0,28.9,170.0,1720.1706669423465,L,271,0.4907749077490775,0.6,0.5238095238095238,1689.9015163469446,0.41304347826086957,1580.968871671786,0.26666666666666666,1446.9083749003066,0.0,1500.0,0.0,1500.0
133297,Yosuke Watanuki,336.0,149.0,26.4,180.0,1588.2886942908945,R,36,0.4444444444444444,0.3,0.4,1552.8782764166342,0.5,1519.9531195567351,0.6,1529.63453918732,0.0,1500.0,0.0,1500.0
101962,Younes El Aynaoui,9999.0,0.0,38.3,193.0,1646.4085523410154,R,282,0.5886524822695035,0.7,0.5371900826446281,1601.8180310644518,0.6507936507936508,1641.2947463086562,0.5625,1533.5650608789206,0.5263157894736842,1495.0269608571791,0.0,1500.0
207794,Younes Lalami Laaroussi,1074.0,11.0,23.3,188.0,1468.9318946404107,R,2,0.0,0.0,0.0,1500.0,0.0,1470.2300093225492,0.0,1500.0,0.0,1500.0,0.0,1500.0
104803,Younes Rachidi,869.0,17.0,27.3,0.0,1511.4513758540143,R,4,0.5,0.5,0.5,1510.396338656507,0.5,1501.0278344794103,0.0,1500.0,0.0,1500.0,0.0,1500.0
103514,Young Jun Kim,474.0,71.0,31.5,0.0,1530.5767053760087,R,9,0.6666666666666666,0.6666666666666666,0.5714285714285714,1507.9725111880748,0.0,1500.0,1.0,1533.2522249838007,0.0,1500.0,0.0,1500.0
207839,Yousaf Khalil,9999.0,0.0,25.4,0.0,1488.9479314682685,U,1,0.0,0.0,0.0,1488.2988003529258,0.0,1500.0,0.0,1500.0,0.0,1500.0,0.0,1500.0
126174,Youssef Hossam,311.0,157.0,19.8,178.0,1513.1877542338027,R,3,0.6666666666666666,0.6666666666666666,0.6666666666666666,1513.196937447578,0.0,1500.0,0.0,1500.0,0.0,1500.0,0.0,1500.0
200075,Yshai Oliel,463.0,91.0,24.6,188.0,1493.024127842997,L,12,0.4166666666666667,0.5,0.375,1482.5829745258548,0.3333333333333333,1491.017967905354,0.0,1500.0,0.0,1500.0,1.0,1516.0
200318,Yu Hsiou Hsu,230.0,266.0,24.8,178.0,1536.8137892929067,R,7,0.42857142857142855,0.42857142857142855,0.42857142857142855,1528.6020487360076,0.0,1500.0,0.0,1500.0,0.0,1500.0,0.0,1500.0
103817,Yu Jr Wang,548.0,45.0,25.1,0.0,1419.874669434015,L,23,0.30434782608695654,0.4,0.4117647058823529,1486.6071428798182,0.0,1484.0,0.0,1454.044587807787,0.0,1471.3265998406337,0.0,1500.0
102772,Yu Zhang,755.0,13.0,25.4,0.0,1378.3086358338003,R,11,0.09090909090909091,0.1,0.09090909090909091,1378.5600060802249,0.0,1500.0,0.0,1500.0,0.0,1500.0,0.0,1500.0
104781,Yuichi Ito,622.0,35.0,22.1,0.0,1482.6329366113998,R,1,0.0,0.0,0.0,1482.6606016849853,0.0,1500.0,0.0,1500.0,0.0,1500.0,0.0,1500.0
105216,Yuichi Sugita,131.0,612.0,32.9,173.0,1515.259544195995,R,139,0.3669064748201439,0.3,0.3626373626373626,1496.683300765416,0.17647058823529413,1443.1953317974671,0.4666666666666667,1516.5672173772386,1.0,1515.3283365185903,0.0,1500.0
106026,Yuki Bhambri,571.0,55.0,30.5,185.0,1527.6573872730944,R,58,0.4482758620689655,0.2,0.46153846153846156,1521.4116949617448,0.3333333333333333,1484.732368955773,0.3333333333333333,1489.8047239533244,0.0,1500.0,0.0,1500.0
126283,Yunseong Chung,322.0,160.0,25.3,178.0,1477.499271385288,R,2,0.0,0.0,0.0,1488.5706927548636,0.0,1500.0,0.0,1486.9511048559236,0.0,1500.0,0.0,1500.0
103393,Yuri Schukin,127.0,448.0,31.6,188.0,1527.345776225288,R,35,0.4,0.4,0.1111111111111111,1411.82816471933,0.52,1591.9144244817994,0.0,1500.0,0.0,1483.9307793317232,0.0,1500.0
126208,Yusuke Takahashi,262.0,194.0,19.9,170.0,1490.8399220714455,R,1,0.0,0.0,0.0,1491.0327638752237,0.0,1500.0,0.0,1500.0,0.0,1500.0,0.0,1500.0
202122,Yuta Shimizu,451.0,85.0,23.3,163.0,1497.4106568245884,L,2,0.5,0.5,0.0,1482.680217660443,0.0,1500.0,1.0,1515.263693206478,0.0,1500.0,0.0,1500.0
207772,Yuttana Charoenphon,976.0,12.0,22.4,178.0,1514.8069646323133,R,3,0.6666666666666666,0.6666666666666666,1.0,1516.0,0.0,1500.0,0.0,1500.0,0.0,1500.0,0.5,1500.0
103254,Yves Allegro,9999.0,0.0,30.0,183.0,1460.7107062638102,R,15,0.3333333333333333,0.2,0.0,1458.0247739553981,0.0,1491.452271010733,0.4,1462.835673279673,1.0,1515.2490060106595,0.0,1500.0
103878,Zach Dailey,868.0,10.0,23.2,0.0,1488.6859127455484,U,1,0.0,0.0,0.0,1488.5504676701255,0.0,1500.0,0.0,1500.0,0.0,1500.0,0.0,1500.0
208260,Zachary Svajda,131.0,452.0,21.8,175.0,1469.9643800618953,R,22,0.2727272727272727,0.3,0.2857142857142857,1464.1562339029565,0.0,1500.0,0.0,1485.0503082763921,0.0,1500.0,0.0,1500.0
103530,Zack Fleishman,437.0,67.0,28.3,188.0,1463.107532895899,R,24,0.2916666666666667,0.3,0.2857142857142857,1447.2651222683762,0.0,1500.0,0.3333333333333333,1488.462661956576,0.0,1500.0,0.0,1500.0
102978,Zbynek Mlynarik,418.0,57.0,23.4,175.0,1487.9435121992033,R,1,0.0,0.0,0.0,1486.0457829726024,0.0,1500.0,0.0,1500.0,0.0,1500.0,0.0,1500.0
144645,Zdenek Kolar,119.0,503.0,25.7,183.0,1501.162844081368,R,4,0.25,0.25,0.0,1500.0,0.3333333333333333,1509.396399257419,0.0,1485.6976581234017,0.0,1500.0,0.0,1500.0
105585,Ze Zhang,338.0,121.0,29.2,188.0,1486.6186617918079,R,59,0.3050847457627119,0.3,0.2608695652173913,1429.387635427763,0.625,1528.9937493117056,0.3333333333333333,1496.8834075467946,0.0,1470.3918051685741,0.0,1500.0
103318,Zeljko Krajan,681.0,23.0,26.4,178.0,1412.5534315910718,R,30,0.26666666666666666,0.1,0.14285714285714285,1459.2463034029906,0.3181818181818182,1431.3845036894068,0.0,1483.419143692663,0.0,1500.0,0.0,1500.0
104810,Zhe Li,602.0,55.0,36.9,183.0,1452.6013620767885,R,20,0.3,0.2,0.3,1441.7105891666756,0.0,1500.0,0.0,1500.0,0.0,1500.0,0.0,1500.0
111190,Zhizhen Zhang,47.0,1145.0,28.0,193.0,1643.403317703362,R,111,0.4864864864864865,0.4,0.45161290322580644,1554.1621205643235,0.5714285714285714,1616.1429935115739,0.42857142857142855,1502.8288420439928,0.0,1500.0,0.0,1500.0
108901,Zibusiso Ncube,9999.0,0.0,26.3,0.0,1468.4628505241794,U,2,0.0,0.0,0.0,1483.7584237918222,0.0,1487.154612614652,0.0,1500.0,0.0,1500.0,0.0,1500.0
200267,Zizou Bergs,61.0,886.0,25.4,185.0,1623.9784261672555,R,59,0.3898305084745763,0.6,0.41025641025641024,1571.6031578138386,0.375,1506.6776292295713,0.25,1480.1700016964319,0.0,1500.0,0.0,1500.0
103825,Zsolt Tatar,716.0,16.0,20.6,0.0,1482.4850948463732,U,1,0.0,0.0,0.0,1484.0,0.0,1500.0,0.0,1500.0,0.0,1500.0,0.0,1500.0
200436,Zsombor Piros,222.0,261.0,24.9,180.0,1597.6955501237544,R,17,0.5882352941176471,0.6,0.6,1564.9356151435866,0.5714285714285714,1528.7214253382265,0.0,1500.0,0.0,1500.0,0.0,1500.0
206600,Zura Tkemaladze,721.0,37.0,23.6,188.0,1474.2136639397784,R,4,0.25,0.25,0.0,1458.2375427067489,0.0,1500.0,0.0,1500.0,0.0,1500.0,1.0,1516.0
